id,bilissel_performans_skoru
1,5.837671046428964
2,6.373408546569301
3,2.9998032748508385
4,7.135917379298527
5,3.6137141739269434
6,5.513492083734717
7,3.381494667865914
8,7.397010560928017
9,3.6059092258980754
10,3.6789100335036427
11,8.519253082106774
12,4.157884489896569
13,6.383109534037318
14,6.8065976404722655
15,5.836953771361397
16,4.3031376690915035
17,7.3032315637192795
18,7.990422646443951
19,7.307290250314548
20,4.807329620416753
21,4.183531508107608
22,7.4583951244338245
23,2.914950511182502
24,5.217206753785836
25,7.264106549988288
26,6.480513061605084
27,7.01194363170635
28,8.10607460114147
29,4.0491085176476
30,7.660465565163842
31,6.938259674250915
32,6.754103265716578
33,5.3580405092346
34,5.2492321539155276
35,4.289811959843583
36,5.413666479411333
37,4.847522503441578
38,5.779321183257675
39,7.349985289763937
40,7.947401395696078
41,6.35931499451919
42,6.156628215955589
43,6.845788158602507
44,5.498618839465924
45,8.896434854111726
46,1.6996181916158648
47,5.139196945223239
48,6.7038788048519
49,4.8114664392459146
50,7.888783452398762
51,7.155713765522899
52,3.2152644141143507
53,7.10320641536321
54,7.404355542630393
55,4.194195067490794
56,5.905159342524924
57,2.600979352399511
58,3.586495467319019
59,4.475842383641744
60,4.0988305775147325
61,8.777519191545483
62,8.916338548329318
63,7.389180375050078
64,5.409480090626439
65,4.5994137486043885
66,6.306739128646244
67,4.686690865872189
68,5.424161554901007
69,7.635457136642447
70,3.0475253937489213
71,4.501898209235604
72,8.27079745077296
73,8.603061543045914
74,5.779384147587911
75,2.6835091164159928
76,7.349939307030577
77,4.2739482722265105
78,3.7454792280848497
79,8.899316399400599
80,5.863890699410591
81,4.039631472817154
82,4.814442181214482
83,6.234995166868371
84,7.313218989473285
85,5.486975631146318
86,7.114987388821568
87,7.4437436352802475
88,7.437964363378872
89,3.20557934536164
90,8.411581436488616
91,4.425654924690983
92,2.876490857804093
93,5.972779527717076
94,7.743778009047272
95,5.757755482310685
96,7.732887409635915
97,4.626978284429867
98,3.7714039510610338
99,6.010295471888938
100,8.930686503521706
101,5.07847666192919
102,6.087103039770122
103,5.331517335474488
104,3.8030235899609446
105,6.1173235233797225
106,5.489345900738045
107,8.047788478691889
108,8.71034660927251
109,7.92216833810344
110,7.9414345511298965
111,3.9750997238075545
112,3.0200701331918594
113,6.768123350886732
114,5.644503437729822
115,7.017376346960783
116,8.267409980428816
117,8.009363990310565
118,7.584583214434356
119,8.669395983967942
120,3.482647738391846
121,1.5421965613746693
122,6.193880412653395
123,7.238063801774207
124,3.6725066567453934
125,3.2699896836305338
126,7.9764377697565685
127,4.347717354316934
128,7.1560868551006305
129,4.656679615256227
130,8.295080726036705
131,5.742435548063468
132,5.835027631077937
133,4.768911987136261
134,6.739210459641386
135,7.267071355140484
136,7.5949038086290095
137,7.375640187084038
138,6.539329419833301
139,4.519420347180402
140,6.4367260237999115
141,7.309050196921232
142,4.96518193583889
143,3.687797238950625
144,4.574997102324022
145,5.971814501244123
146,8.413174420836189
147,6.150875125608845
148,8.046374188490967
149,3.4863327749291444
150,6.693248541649451
151,7.892512203771642
152,2.529349225109737
153,5.165993510365355
154,7.93699545121483
155,5.952826704137503
156,8.517445899411282
157,4.414645493059346
158,5.017063558801276
159,4.837426845218607
160,4.418316305901631
161,4.35566329981758
162,6.44210700623168
163,4.456336151412858
164,4.005347006184513
165,8.748575367421031
166,5.815761889904919
167,8.286863667415123
168,3.9977473063221476
169,7.8835377873597405
170,7.588140029139367
171,6.885175159792137
172,7.9086445335231055
173,3.3467965548426366
174,4.64684727776117
175,7.965606438454348
176,5.976245778949453
177,6.155598249476599
178,5.8306766376026395
179,1.3380313220011357
180,6.185905196556296
181,3.1181383497815114
182,3.397276055553471
183,3.7901726784371466
184,4.203283637925994
185,9.14708649694227
186,6.004640152865101
187,4.742456259624195
188,9.197281717294617
189,5.974205579630441
190,6.011299780907269
191,4.072618543689902
192,2.7064311099352967
193,5.392145619670851
194,4.016561867693107
195,8.950700244873271
196,8.188585635164259
197,6.745662164422063
198,7.361756274840471
199,6.794747566400341
200,2.7768837978071446
201,8.670457637241412
202,6.786804960855287
203,5.551723129971296
204,4.363702598777178
205,8.824848408914985
206,6.092218639051673
207,6.470971092974867
208,3.659470424405105
209,6.169272812240917
210,6.408809633398636
211,4.559987665417523
212,8.310848637220172
213,2.9588631340502145
214,5.333745174587289
215,6.555506438997795
216,9.30782131978392
217,8.592051190677175
218,4.4244464922865205
219,5.616866152687486
220,5.120205283071647
221,1.1427592514389837
222,5.463479428529609
223,2.9409242818495964
224,8.087920974418811
225,5.916636638333537
226,8.07434450609694
227,7.517612830052716
228,5.323220717396039
229,3.518728764341019
230,2.930433247721334
231,7.370307733981779
232,7.3394978248355445
233,3.784697037107976
234,1.4065164301005466
235,6.599346903992332
236,5.608662971701407
237,7.151625474208692
238,6.135414976142276
239,7.543204323792066
240,3.8823313464689444
241,8.884166617093136
242,6.469701711744081
243,4.551789420757459
244,4.595496814216252
245,4.349552860877502
246,1.7554828378821057
247,7.470400570917776
248,6.078420658212422
249,7.187624607204461
250,8.507320051166378
251,6.35029691987796
252,7.102212593417341
253,7.2411353443490025
254,5.786374143346274
255,1.9738677870550663
256,9.139694655533162
257,4.526320074448277
258,4.7801292093893935
259,6.373840392638727
260,6.418534508135297
261,1.9507204744005209
262,5.379593772073804
263,5.958449122378633
264,4.825330295137931
265,4.464034500741301
266,6.235488015731503
267,4.223675297623908
268,8.958913155987219
269,7.350771064996702
270,2.152755102379344
271,5.137494949853486
272,9.405820466832317
273,3.6298036490449648
274,5.426057503392043
275,9.142029919260441
276,5.98621384454424
277,9.188574608581838
278,5.353626492568129
279,3.9555923888728515
280,2.3436364122427658
281,5.117133515880815
282,8.742000425243505
283,6.292906546895654
284,6.117878857607284
285,7.759642873759015
286,3.1796596764184883
287,3.1989393999068407
288,8.165782827341285
289,3.502586780359768
290,4.342577154959213
291,3.200916358104141
292,3.7861576454453
293,5.420217733674861
294,8.767662210106886
295,7.153809823704173
296,4.70145701590334
297,6.293771319169199
298,7.512799268668144
299,4.64813254783387
300,4.468666727632026
301,8.587317456402142
302,3.1791220789414982
303,7.638454067562962
304,3.515088349134912
305,8.847396866630001
306,8.142020850870074
307,6.984581099704576
308,5.136800095809932
309,5.143219724211316
310,4.5131825403437436
311,5.281485614894099
312,5.1981101001831345
313,9.4312153776448
314,6.961457331207088
315,5.497540150843334
316,5.728715709871918
317,2.492443510658533
318,5.360034145849047
319,5.243547496971327
320,4.07630279584628
321,5.721178934521694
322,5.4483342853133365
323,3.7343353368693526
324,4.976283729389703
325,7.817122380940268
326,7.460270479929017
327,6.687383504743964
328,6.945765904552944
329,3.6417216086747968
330,8.940411848409884
331,9.127395568350515
332,6.875194530454264
333,4.474390876521506
334,8.705241886771953
335,6.776312763482375
336,5.622624742609881
337,5.3973414445987595
338,7.644313996553113
339,5.2263436877257785
340,6.819308450848045
341,3.8077066579194083
342,2.4878617666334666
343,7.089239480554872
344,4.42604011106745
345,5.706838266522434
346,6.0041241987444955
347,5.763879244835423
348,6.0302616095031585
349,4.597333262613336
350,4.280444187605361
351,6.527562711624887
352,4.711469519662422
353,7.3196897130686605
354,6.617147692015105
355,3.2982044339907697
356,5.499798478424451
357,6.621239446607351
358,5.645218546195813
359,3.538046642467564
360,8.361313897590575
361,7.077737180319697
362,5.316531420232238
363,1.8050991462264077
364,3.1390459452604444
365,6.588083657723299
366,5.4353173640962105
367,3.715916241280384
368,7.0249046285595425
369,6.374144844312587
370,3.7430979224582566
371,8.312648934733748
372,6.595471940427505
373,6.745018416386622
374,3.9486955723618333
375,6.319556422610868
376,7.680315899546452
377,6.044243353626423
378,8.133364719051528
379,6.540963487499715
380,8.727367567917847
381,8.78612797817516
382,3.3705225176898135
383,3.817957207433491
384,6.770708544578256
385,7.936672544815748
386,6.533664637988186
387,9.193464330145833
388,7.721008956215007
389,9.732549565631558
390,6.267702865121574
391,5.366464390885149
392,3.7230295514105145
393,3.921203406529752
394,8.60732811827815
395,5.292026003716621
396,5.583904252504218
397,5.901630181282979
398,0.6210158285435939
399,8.653286251299265
400,6.677460195559777
401,7.6031619980777325
402,3.232740310276422
403,4.112159478123363
404,6.8637204500566895
405,8.19616800856358
406,3.9800020351954917
407,5.646677986066129
408,5.721877722569702
409,6.257936855810993
410,5.351559051954361
411,4.659365647903028
412,6.817586202719763
413,5.611644816232753
414,6.765443828059065
415,4.959760462175225
416,5.034482064499516
417,5.158834689020356
418,6.082222114045716
419,5.921801832773694
420,3.028396185918572
421,3.82989175053343
422,6.494537560548055
423,4.592595851715885
424,2.8865216240727234
425,6.292772317448119
426,4.971669539738505
427,3.236760346145938
428,4.196590053550577
429,6.099847347900529
430,6.043452161285554
431,7.700109054761137
432,6.608626016801651
433,7.85437233471386
434,4.3105526196198465
435,4.732758975880214
436,4.933343775776196
437,6.50837005275623
438,7.346481167501568
439,3.8315285622960626
440,7.793939253333553
441,7.738220189431422
442,2.776990611716184
443,6.188120979333789
444,5.203922252894704
445,2.193584006613752
446,4.023237590813097
447,8.239325156579243
448,2.2730771775018552
449,9.089399277991564
450,5.915412604968948
451,7.7361215314158045
452,7.000458609631478
453,8.519367477066679
454,5.758040917665267
455,4.5842866189228335
456,7.811483551479983
457,5.008550443796376
458,4.759554329967976
459,6.447901375878913
460,6.71903745989985
461,4.216682331701032
462,7.473700622845013
463,9.066916335865805
464,4.813376042168536
465,5.521961028448042
466,8.167551799404464
467,6.506016983889775
468,5.449199484984586
469,5.14647131751961
470,6.215472107150575
471,5.835045603661869
472,6.988097420733404
473,8.78709356476832
474,4.248220661925574
475,4.34847794556203
476,4.82516961328625
477,7.533152541807895
478,6.533539537908117
479,8.07234128054773
480,4.386099743233012
481,6.479897612168319
482,8.413147618005837
483,4.378932795869178
484,5.90374716159833
485,7.74801487197386
486,7.3697000396511365
487,2.3870927789156124
488,6.30440754786466
489,6.453617919236825
490,5.653438847143528
491,9.946655207617688
492,2.84456176676327
493,6.237791335183802
494,1.218110409988364
495,6.266908777094433
496,6.968733593384173
497,6.789999707715939
498,7.486988558497519
499,3.815802107810394
500,6.4012278549999975
501,4.8692617273246945
502,4.662266114856249
503,8.44148722810326
504,4.873931395356883
505,3.655645547963562
506,5.126524633221372
507,7.4642573015025855
508,6.554956938792414
509,8.402637389049401
510,2.471540623579011
511,8.469208930015864
512,6.604118839455351
513,4.15243878878157
514,7.0844367794521155
515,5.146429511682464
516,9.00434759456331
517,4.931818554978321
518,6.353801848843638
519,4.123252423469781
520,3.3995500140760093
521,7.896737173872863
522,6.149909181756303
523,1.7514046905977891
524,9.12659170871745
525,7.342232587581304
526,4.761730853530081
527,4.387648508876854
528,3.5681559145314767
529,7.719349389083788
530,7.496814299697314
531,6.2327986092396355
532,1.9403809974682142
533,9.017981716880094
534,8.542057553306803
535,6.614251906849776
536,5.988519644708388
537,6.893674228769469
538,8.713659267150918
539,2.6739948592316622
540,4.331533955060978
541,5.772430529457601
542,7.1276637692660625
543,8.250526757760145
544,6.699678077438759
545,9.605010669286013
546,4.714183697178096
547,4.45670038104987
548,7.221109512171742
549,6.294832368490561
550,7.261623003177173
551,4.585042156798517
552,7.297735647842324
553,8.96585337516714
554,6.7399870930093195
555,6.471264812250822
556,8.422686894479888
557,5.600602200473641
558,5.678907876988399
559,4.379221439636195
560,3.244788440506878
561,8.827010645612049
562,8.069354065851424
563,6.24521790288199
564,6.146159428263591
565,4.807304379337184
566,2.975842641969364
567,7.479783990524336
568,6.443799114867807
569,4.5253859912269006
570,8.57090074113756
571,6.099532929313115
572,8.535141954001734
573,4.95667092241556
574,8.920995530334618
575,5.700909949952134
576,4.866865289686572
577,7.313042783115819
578,4.513803449798239
579,6.748004168276201
580,6.167472652391352
581,7.164576701241988
582,4.234810554710359
583,5.066636791707513
584,4.566570886629757
585,6.531505280665938
586,6.019314059629258
587,4.60084038209037
588,5.252668941736392
589,5.5723505664756035
590,7.231768453848744
591,4.178093838710273
592,3.293461428381335
593,7.284917357723398
594,6.128320336560246
595,6.334730983227875
596,9.781867742826291
597,5.357620993384163
598,3.1210319415909864
599,6.681219810339995
600,8.021010440433072
601,7.657280277178162
602,4.273024424159849
603,5.330486931986803
604,2.2730652687727675
605,1.6481986336160572
606,8.375038063288592
607,6.4251904190492475
608,5.408044175025179
609,5.29499591345723
610,5.865504482951838
611,5.137360110454653
612,4.817303291255836
613,6.792280038857237
614,3.856165342684225
615,6.501261522050909
616,8.532998449153366
617,7.239582824212345
618,8.407152980951423
619,1.4934435133528574
620,5.791572269337104
621,4.436435060103407
622,4.552471030666562
623,2.436461868313989
624,8.202407592282613
625,5.800250414116547
626,4.8338456487664585
627,6.704854913091584
628,4.6545118129265095
629,5.4241337308485615
630,5.402535889723508
631,6.728878971614569
632,4.448241582364798
633,8.408262456523293
634,5.979191231314629
635,2.75686998195479
636,4.735985051251484
637,7.793825802786801
638,5.162846063417883
639,5.013586291333047
640,5.612639012092357
641,3.4469047549358276
642,8.994167398370367
643,3.652199704671598
644,5.950022688453368
645,5.128158963306191
646,4.367705060608991
647,9.797201218473663
648,6.662852933401166
649,7.380036205976028
650,3.253931237251739
651,9.752676187086479
652,5.835813200297888
653,4.435656384014273
654,5.105717432337769
655,6.8670287367216485
656,5.503284604843847
657,7.843422021250446
658,7.951765865167991
659,6.894711507350987
660,3.620787190877547
661,3.3508091201512977
662,7.144928145698937
663,7.504114437583201
664,7.4313804543477815
665,4.879900159789994
666,9.230994597735826
667,4.498186199441724
668,6.19072258288846
669,6.476651826143464
670,8.421935144260132
671,5.1217919062754955
672,7.128844813321758
673,5.153440081754895
674,7.905410344720918
675,7.050964196856821
676,8.173199700985322
677,5.7767120505210405
678,8.425068922584721
679,3.7761905379780334
680,7.953954686447965
681,2.355578764467836
682,5.628443213492291
683,3.5065421064793956
684,8.57470950063624
685,3.5521024650728603
686,6.729702200826949
687,5.433873707397715
688,6.239805996234869
689,8.664034598293469
690,6.364136569292603
691,6.814968208790854
692,5.59682950296646
693,5.167363184626113
694,5.443367858864752
695,8.431624426722713
696,5.599202606748365
697,7.115495905205588
698,6.349105546355896
699,2.412019268252644
700,3.808139656763
701,8.787247360687278
702,4.520972526291626
703,4.176388592862884
704,2.477697851030391
705,6.856966837539625
706,7.975095813563794
707,3.3781273851432383
708,7.026789885323878
709,7.662822440566954
710,3.738498273203063
711,7.994040139180197
712,7.983211730370257
713,9.180252832240173
714,6.8130044405700225
715,3.891272739221457
716,2.37232698317605
717,3.9643620463095237
718,6.832800850892493
719,5.348603044109816
720,6.1110951676305625
721,6.147584017028755
722,5.602887388982433
723,8.248088126439345
724,9.749715370017544
725,3.3291155054385877
726,6.042254686448645
727,6.914705343855372
728,6.323288627637146
729,6.156905840213959
730,4.590579438181235
731,8.17042561196206
732,9.486765363680593
733,3.9561218680487538
734,2.492149868736657
735,7.691461065383817
736,7.496042900458081
737,5.53927606184614
738,5.271390757666813
739,4.839848808929804
740,4.61104230181267
741,5.47222665160891
742,7.957632993425532
743,7.46178329471908
744,7.536510162675757
745,4.638905810428238
746,2.979696423733853
747,8.739406078084546
748,5.469547317737126
749,8.103619983850358
750,6.288975136781904
751,3.8766125387740504
752,7.690554865855687
753,7.600994746144557
754,4.746728656129834
755,6.508314844163444
756,8.021394713636454
757,4.1675836123893655
758,2.9109153835231907
759,4.185441850001202
760,8.24324729792151
761,5.3740335358080396
762,6.365471418253443
763,5.45958820822791
764,6.997305288889709
765,9.02763284580353
766,8.396180049601233
767,7.818969095935417
768,3.2650821008239426
769,1.0164451074596035
770,7.1504782480549665
771,6.447691297314673
772,5.031497507520072
773,6.546409634699252
774,7.109543969809749
775,5.001034843417077
776,7.046009048471755
777,5.473389695107022
778,4.241619922493073
779,6.0222863950481615
780,4.23069266791193
781,7.2816300769702655
782,7.830816500574574
783,8.58349897791173
784,4.319336033568342
785,7.643951264545123
786,6.316149196431831
787,5.294278221024636
788,6.923628956173634
789,4.320540676427918
790,7.289248436651897
791,5.845354360956712
792,5.943505105266263
793,7.983348009359892
794,8.490045783951455
795,6.009697210528176
796,5.021694394446794
797,5.066402907213552
798,2.8383575070252003
799,7.206100932512246
800,5.9110243091987815
801,5.041106184672283
802,6.860096140611567
803,6.554332450478964
804,6.0728793044122735
805,5.854059060305374
806,4.540581619907782
807,8.134206798931096
808,3.3317329846532053
809,6.408049930033168
810,5.408546997798998
811,8.797377738898643
812,9.392084427424269
813,5.722950657134271
814,7.0981505720815905
815,3.413561759316771
816,5.752830714395666
817,4.153425295291786
818,2.898985099302928
819,5.321249485583875
820,4.885082267686114
821,7.105172353654355
822,5.745388217624863
823,5.615447981655695
824,5.442324486910543
825,3.3854276425793612
826,5.690053931357649
827,4.443752780056082
828,7.222453784064309
829,5.896612825567694
830,4.4089509231570485
831,5.136431296725376
832,7.8245236557746916
833,5.54612876520877
834,5.84110345396263
835,8.892907047261213
836,3.55625371388152
837,6.809889089650419
838,4.670227332530284
839,6.944429169583445
840,6.658711574936203
841,8.31568883872048
842,8.175564739734526
843,7.1953413890669475
844,7.364201468576907
845,4.08574677640383
846,5.251114088692309
847,5.316608497825924
848,7.260663519380238
849,3.354271705862924
850,3.2626001555360387
851,8.275958202934389
852,7.308699522232866
853,6.254547294159946
854,7.351548986276365
855,9.91061988388003
856,3.610557154349784
857,2.4719717102899486
858,3.313311352934806
859,5.565172676657989
860,8.020138515206394
861,7.099767374518872
862,6.3026573355510145
863,6.094792512830798
864,6.597055901194244
865,5.144050674078236
866,8.959526313298763
867,4.172695113321261
868,3.9937497197055936
869,3.0265490114980613
870,6.132024302479882
871,6.813709072295773
872,6.663719593772639
873,7.338371964391604
874,4.4052692523648025
875,9.370662221693062
876,4.151647917084455
877,7.328235604277299
878,4.6107583748336545
879,7.8032982897308045
880,7.179138522348809
881,6.924405107882305
882,7.810168810462827
883,5.6571742575233674
884,7.937498739543151
885,3.4436758714391877
886,2.4820091382333813
887,3.4753986450843204
888,3.795263017378074
889,5.140896380445276
890,7.777937484917407
891,6.4929354254060225
892,7.00526033977226
893,5.573016033491273
894,7.191597326285609
895,6.4148057608747715
896,3.779714323056351
897,4.636962385771088
898,4.991329380461764
899,8.446382055469527
900,8.889442152477539
901,6.944437065334476
902,4.435454721986669
903,9.137465821604522
904,1.154020845520195
905,4.996392279854603
906,7.782279123816884
907,7.527363170700232
908,3.7004811903391426
909,3.8944512929058743
910,7.035421536864004
911,2.6572926655130686
912,9.574727678659585
913,7.42354002807591
914,5.754744868133113
915,5.303179498182471
916,3.393275535211109
917,6.264862358769271
918,7.046973333222711
919,4.615365259535498
920,6.347924401960487
921,7.158310894570452
922,6.979151892047015
923,7.041866827349045
924,5.1610871598673835
925,8.26508419730818
926,8.280219491781946
927,7.823406300275555
928,6.6857623762698495
929,8.536974654036856
930,5.5340266985220845
931,9.062550053010485
932,7.513746652136907
933,4.125429179054977
934,3.121123866305857
935,3.1029712967869454
936,2.9024266827665772
937,7.953628890809199
938,6.896922741081532
939,7.2847102136749164
940,3.6184168176405995
941,6.8711785072372304
942,2.0306421439213698
943,9.320419694186945
944,5.7971737491280315
945,7.844697201205189
946,7.548673167357902
947,8.160911325919301
948,9.545000739058757
949,6.100226140708493
950,7.238427642383261
951,5.0188444239028005
952,4.479399264195705
953,5.761913076153197
954,3.8609933239331498
955,6.092795699262519
956,6.691459963670058
957,4.268196092316091
958,2.690485548107742
959,3.7815005658085385
960,4.031064202161415
961,7.740131109414846
962,8.555742448868203
963,4.403454316223485
964,7.955664228309872
965,3.2044319723605557
966,6.290983718256186
967,3.806259134991586
968,5.021797246192085
969,5.507200787734159
970,4.213175481000414
971,5.667947982357463
972,6.29548741727448
973,7.221116603130097
974,4.207513708631862
975,6.969911696247539
976,5.168917729052859
977,4.592438702546764
978,8.251852944317111
979,5.672721579657919
980,5.315557261481663
981,7.621153223753838
982,8.937443362401508
983,9.304374780245725
984,6.1231207878897695
985,1.9005125283680016
986,8.152999764657554
987,8.641138845977249
988,1.6549952076843395
989,4.197775666103074
990,5.046142787588041
991,5.6614200616220876
992,4.139722320820091
993,6.785273192989984
994,4.3639037567565335
995,6.949233573285431
996,4.522413240144218
997,7.866772304129543
998,4.022650839120201
999,4.590817184815111
1000,6.238462781538379
1001,5.083044857085943
1002,7.341288526299172
1003,6.9446885276036285
1004,7.7776061800595855
1005,4.831367871604709
1006,4.461033874400092
1007,5.593035106601017
1008,7.272951609815451
1009,4.948147451737179
1010,6.515259743706101
1011,5.5439486334832875
1012,7.385767468974343
1013,5.960079521723494
1014,6.493900203285234
1015,7.62272680316272
1016,8.618257683072597
1017,8.163438441712252
1018,9.472177075420309
1019,6.148038907317236
1020,4.97461218851349
1021,3.78944997182939
1022,4.247724894432823
1023,6.971716222266107
1024,5.1469318289552595
1025,6.4165317934531
1026,7.7242925461565175
1027,6.794517888109142
1028,5.437503433855815
1029,3.3626612337699004
1030,5.828559524123951
1031,8.147941101122727
1032,7.713675671795661
1033,8.87248282297509
1034,8.32132079746015
1035,6.579241400075828
1036,5.093969364936282
1037,7.965540564461858
1038,5.323009097214413
1039,7.984370672653986
1040,7.724981039882071
1041,6.118886808484678
1042,5.7900067343511585
1043,6.3538917792998
1044,8.671021980226843
1045,5.601058694570865
1046,5.083728180165999
1047,6.597426024526081
1048,3.4716996995618614
1049,4.248201294946883
1050,6.973282556693293
1051,8.478568088228007
1052,6.334393644601583
1053,3.61541659975462
1054,5.890078800909092
1055,3.2846611569729722
1056,4.330387935606267
1057,2.7338868835341636
1058,7.678527192070818
1059,6.639351376495005
1060,5.140919806389966
1061,9.232181985460974
1062,7.193593676195831
1063,5.149821456282718
1064,6.057274922582241
1065,4.920319197720595
1066,5.312153688337871
1067,8.45156868310646
1068,7.700380974563819
1069,8.722206190751013
1070,6.212322836170593
1071,9.557211395729546
1072,7.195412236864032
1073,5.845533473172771
1074,9.138476292289429
1075,7.565560607773817
1076,4.247091893413275
1077,5.679515426380379
1078,7.520032382324665
1079,4.130914173320851
1080,4.362529449677288
1081,9.919122777614568
1082,6.632461179105605
1083,4.940412870736625
1084,3.302886442752551
1085,4.949816494688732
1086,4.143092807101275
1087,4.047038337760492
1088,3.102232466665387
1089,2.5300128561764765
1090,7.758859274357883
1091,3.63217410574991
1092,5.414516621346529
1093,6.692872058274461
1094,6.543665518871648
1095,6.125013579710057
1096,9.065133200457755
1097,5.898470890749322
1098,5.0961771819238475
1099,5.882326714847576
1100,5.33973265971642
1101,5.829100258701591
1102,7.288346672645479
1103,3.8543673937805227
1104,5.34914457458527
1105,6.101037559987546
1106,5.806651404174477
1107,8.398179259837903
1108,5.570739984954614
1109,8.727797672802241
1110,4.391295102713885
1111,3.238953242285303
1112,4.224732560125258
1113,7.009615295035482
1114,2.9612752276329184
1115,4.850321387055829
1116,1.9844948623145577
1117,6.077659201667724
1118,5.7081293763925105
1119,9.538610496964885
1120,8.426954126439966
1121,8.427619011598917
1122,6.688839259257868
1123,6.697355134325536
1124,5.497010513057496
1125,3.3598629318916595
1126,5.488533856867633
1127,2.6577566074128756
1128,8.120757154769072
1129,3.18875226722023
1130,5.864608965302624
1131,3.1779112869504584
1132,6.597403947862084
1133,6.457329948323929
1134,3.300021011430214
1135,5.629734010821769
1136,7.418733284530627
1137,4.021688724831449
1138,4.084543765273093
1139,6.963775496743036
1140,7.175386636936218
1141,5.095916922334589
1142,2.347117995947931
1143,7.73009977689855
1144,4.276952545910012
1145,2.4293702959983645
1146,8.33725574564723
1147,1.4684223193911043
1148,3.4893187491579285
1149,5.735772362942653
1150,6.226491683791412
1151,7.884064634687874
1152,6.421131513308074
1153,5.157492586329379
1154,3.790698903527702
1155,4.986720880914499
1156,4.910668739575257
1157,4.932336141755066
1158,3.58944577451774
1159,3.2187324680800637
1160,6.229097536657992
1161,6.6538548628793475
1162,7.190178368300572
1163,7.119277904327679
1164,4.809611169468876
1165,7.451536628718557
1166,7.023896526411129
1167,6.834018045518481
1168,6.156974991285372
1169,5.8407593751061695
1170,5.762030411535012
1171,5.44188170194734
1172,6.778895370785579
1173,3.8592683177388833
1174,6.830828371265528
1175,3.857458363820599
1176,4.009262428664755
1177,4.873201409648327
1178,6.302769889565667
1179,6.957252070845952
1180,3.5388376948277194
1181,5.721848050205985
1182,9.494754982145317
1183,3.2805626433376154
1184,3.9128663725548027
1185,7.376079525577411
1186,5.229196693914752
1187,4.5680964800973385
1188,7.582315586195649
1189,4.633848604408435
1190,7.3335380107142845
1191,3.5419693391131095
1192,4.988674005563701
1193,3.8699627708641935
1194,7.489328751668029
1195,3.990668675237199
1196,2.1865925592994757
1197,7.9398050031595675
1198,4.428929562683314
1199,6.600303123018467
1200,2.95933774137844
1201,6.068367005095466
1202,8.587371117483576
1203,5.298193020156732
1204,7.316370667583329
1205,5.00617545361619
1206,6.137024815443791
1207,4.061634544065554
1208,6.204936435359478
1209,8.001444317311812
1210,6.625573006770884
1211,7.822728724739196
1212,6.083972460293352
1213,8.789405318502924
1214,7.296245711063653
1215,5.673200535829401
1216,4.453254123317133
1217,7.337771919446056
1218,3.2369705612981687
1219,4.556018000001716
1220,7.625354699960496
1221,5.635680092807237
1222,7.117674227326253
1223,5.270260578854822
1224,5.110793606650742
1225,7.316941757646746
1226,8.623962157659534
1227,7.3520676030179075
1228,3.5227733371973557
1229,6.74822162974539
1230,7.084053563257755
1231,9.978883820660243
1232,6.585421875656489
1233,7.955492694576157
1234,6.596410145061489
1235,6.79330567872955
1236,8.351906865672829
1237,3.3746937685731977
1238,7.78565217890988
1239,3.4796293584904707
1240,7.552735652568977
1241,5.886789879805965
1242,5.885042734741194
1243,2.610345491138765
1244,6.887102040517303
1245,4.680693289954707
1246,5.402333425059808
1247,5.255229782286361
1248,4.500280602309596
1249,6.41681788892555
1250,4.818035614590705
1251,8.455511484205552
1252,5.532008684546238
1253,9.003223302672874
1254,3.668536292658727
1255,5.377022102733591
1256,6.5729454548552875
1257,5.534354250768274
1258,4.4231238706979585
1259,6.367035175390612
1260,5.993684568784197
1261,8.708689449502842
1262,8.311284281899109
1263,5.987585229632557
1264,8.598486805249527
1265,6.741273547057513
1266,7.679654387655304
1267,8.85506048538727
1268,8.150819607459209
1269,7.387560507783179
1270,9.680918955786494
1271,6.093351582358903
1272,4.27761823038209
1273,5.330428605757728
1274,7.267760352586645
1275,8.090125086393364
1276,5.485219189630943
1277,1.1790694469400975
1278,5.374260224192138
1279,3.807238023319935
1280,5.760074269629656
1281,4.629258170776021
1282,6.059499887459903
1283,3.5171292135269985
1284,6.226102551624654
1285,5.921786401371178
1286,2.5492635468109914
1287,4.94275283350096
1288,6.2331511973841405
1289,7.721449353712465
1290,3.155033959243233
1291,8.19696126061382
1292,5.5343295868896325
1293,4.731898033658354
1294,3.516570529158826
1295,7.325381751882035
1296,8.044034439432776
1297,4.58740579257191
1298,2.7405360175315145
1299,2.993992717897825
1300,7.963110444503246
1301,7.268107296303854
1302,5.990087228456104
1303,6.573950569558273
1304,3.9223879208271093
1305,7.007226777530745
1306,3.994468178645156
1307,5.643997167891309
1308,6.061714108442179
1309,5.973052345362309
1310,4.930175156110337
1311,1.6470370595770754
1312,7.044880224875471
1313,5.181368143770493
1314,8.181693525557995
1315,2.4242557604229735
1316,8.624836433492455
1317,1.976152171279805
1318,2.3141000743513036
1319,2.046816361647137
1320,7.674480401629399
1321,3.874399554641923
1322,5.080227141764274
1323,6.118048653689555
1324,5.848554133010826
1325,8.635282727844897
1326,8.726979641676461
1327,5.469855561469959
1328,2.730569432551951
1329,6.883107198869931
1330,5.50257188733949
1331,7.598090857314703
1332,8.085147381382562
1333,7.557257128489959
1334,5.799293309246815
1335,4.781449238493426
1336,5.935422901645533
1337,3.2816629663531027
1338,4.949191477092402
1339,6.497648111306087
1340,6.348432982216629
1341,6.210307953335854
1342,7.344281766930102
1343,4.595290285615038
1344,6.397498574085698
1345,3.374609012165234
1346,5.542172020416139
1347,6.864518915141136
1348,3.944510639117325
1349,7.106362108292858
1350,7.024018976018845
1351,4.080434889469365
1352,6.816003775674535
1353,4.775768468213428
1354,7.067452385364137
1355,6.990143458509943
1356,4.565354781531419
1357,5.751211111696385
1358,7.6443586836687265
1359,5.8658879234503125
1360,4.948333142625026
1361,8.563357504209687
1362,8.58594868386885
1363,4.158169106297387
1364,7.069086999613917
1365,4.343382990671449
1366,5.305391294817006
1367,9.625351598573754
1368,5.865136036452855
1369,7.731116095615106
1370,4.999114700592439
1371,7.653497612813838
1372,4.8743698632274235
1373,7.394962426064166
1374,4.608097994594136
1375,6.944348951516006
1376,7.358669479235032
1377,5.435327077171523
1378,5.839724793696362
1379,5.928716338674996
1380,5.315440345398287
1381,2.1166199115117585
1382,9.155374001843477
1383,3.3441515988922266
1384,7.304355138047617
1385,8.001040900149402
1386,5.463402453768589
1387,5.33477605772666
1388,6.48705224602742
1389,6.537332135962594
1390,4.5551721889693155
1391,4.748024006823782
1392,3.7885276989368335
1393,6.204729879184921
1394,5.026534901386441
1395,5.29463220071829
1396,7.086951370122759
1397,7.267911371096545
1398,7.413978823598049
1399,4.963685131250841
1400,3.7797916555450235
1401,4.813999074558938
1402,8.264996142927451
1403,7.641302113581483
1404,4.9158969308520115
1405,6.290146247902469
1406,5.117907575179939
1407,3.073574531005574
1408,5.054666321367087
1409,6.14665158196717
1410,5.687382470631192
1411,8.31499189983659
1412,5.1634045578920444
1413,6.3545683770114545
1414,8.716592026012014
1415,9.024503695818824
1416,4.397824306299341
1417,1.4420988009601443
1418,6.350920489887516
1419,6.2445794012226274
1420,2.7821026613338438
1421,7.750613452704875
1422,9.041242467989328
1423,7.239285440246867
1424,7.608060918780464
1425,9.37321781841023
1426,8.111926328924412
1427,1.4981252940595948
1428,2.7951722470612284
1429,5.281725242123716
1430,3.078583330255452
1431,7.043246168377694
1432,4.7625362688918855
1433,7.85726214370213
1434,5.279176519550037
1435,7.7299518859808085
1436,8.593359858225472
1437,7.682665322631602
1438,7.985654204471203
1439,7.134488037398944
1440,7.827682665086971
1441,5.1058095575027584
1442,7.348293214524533
1443,7.193379629164139
1444,2.016724479275425
1445,8.799648097922535
1446,6.300296289369095
1447,6.648500232188935
1448,8.936310508085638
1449,5.613099053175664
1450,8.118451038600282
1451,7.531575719919394
1452,7.164116871808673
1453,6.270710306796666
1454,7.280738402140838
1455,7.306176139369154
1456,7.563970073142835
1457,6.456269749329742
1458,4.610327587956095
1459,8.169057782130785
1460,2.3639375151709388
1461,6.293208185571678
1462,4.223364687168354
1463,3.3825880531431665
1464,4.510030479646266
1465,3.6830623755952847
1466,7.238447443168291
1467,6.554185612814223
1468,7.107914869576226
1469,9.019389376208323
1470,2.4026293232107374
1471,6.220207651906014
1472,3.9559362072598208
1473,8.266258943895584
1474,5.154990318345598
1475,4.403433938208857
1476,7.7129210515412305
1477,6.447552872323511
1478,7.778353521324872
1479,3.8864441850190645
1480,6.827084132911835
1481,7.095361445671582
1482,7.0811924191034175
1483,4.792625478603075
1484,4.624109605651023
1485,8.340207477572754
1486,1.6742033066220927
1487,3.0583007246461356
1488,2.408005394773788
1489,4.283431040363421
1490,4.3175587951820615
1491,6.904956449733474
1492,6.260917614787427
1493,8.884940740051237
1494,3.550470706572332
1495,7.963238177590108
1496,5.009155559644562
1497,5.249788701595805
1498,6.584536489897919
1499,4.536212775734631
1500,8.424687393771356
1501,6.1668914395672765
1502,6.894406680208933
1503,5.848225871321699
1504,5.1243787770373315
1505,4.2681084775815865
1506,7.365876766605025
1507,6.851841899845739
1508,6.3730877421994805
1509,3.239634964773638
1510,4.6766893721627
1511,8.080546200942052
1512,2.330030737654052
1513,3.3687356465820097
1514,8.415585555690779
1515,5.8085644959001215
1516,5.710095744256441
1517,7.443589312237298
1518,8.193490175891354
1519,6.139782084496119
1520,5.089146790405928
1521,4.972460592451506
1522,8.062360909077807
1523,5.876565836607257
1524,3.138331292237096
1525,3.8563759790521646
1526,8.981565352464216
1527,3.9843965824769527
1528,5.8328158828795225
1529,7.087372825813306
1530,8.259098249011613
1531,4.935833896307745
1532,4.187861292296255
1533,6.259976999517962
1534,4.50395518720778
1535,5.131696504707794
1536,8.785883133137492
1537,5.056407934758255
1538,7.037608797377482
1539,4.52560484286343
1540,6.744292631299913
1541,6.306777927075259
1542,6.857547868846339
1543,8.759442566085381
1544,6.647031758106806
1545,3.561499602777923
1546,7.461235381198943
1547,4.910914901135722
1548,7.703774364350293
1549,5.944230104452088
1550,6.200243714959708
1551,3.059242802782926
1552,5.521971567285782
1553,4.295805137565698
1554,6.0004962112202245
1555,5.742799516764712
1556,7.8893719235457125
1557,7.356076755843013
1558,4.3883498604417035
1559,5.526955996990836
1560,8.014217982490672
1561,5.301057718382182
1562,7.758869409785149
1563,5.489743397847345
1564,4.6651901884950195
1565,5.102323077257272
1566,7.776769691741659
1567,6.331223371229195
1568,4.9378635881079695
1569,3.342333341685356
1570,5.183504498713981
1571,5.324958607324745
1572,8.766871556345105
1573,2.6791686045487726
1574,6.424629278466431
1575,3.8555562446787306
1576,7.021172852368153
1577,5.266627897423021
1578,7.590839600779637
1579,3.997190987516415
1580,7.50634767631329
1581,6.855000790850202
1582,2.5088241994992364
1583,2.9580483033865286
1584,4.683115781369918
1585,7.463457126421374
1586,5.206731095860965
1587,6.717469947976898
1588,8.132728854322815
1589,5.580264474830876
1590,4.985380425013847
1591,8.358743140746649
1592,7.457693960250627
1593,3.4962209039661336
1594,4.431411903965514
1595,1.6109736964613925
1596,2.711112246552489
1597,5.445752728161827
1598,6.947810480428691
1599,6.366849233603903
1600,2.5633218226906522
1601,6.341929362078442
1602,7.549251537067628
1603,5.496700640685835
1604,7.520120861118081
1605,5.952892634081919
1606,9.395035220030142
1607,9.239924233206684
1608,5.266672566248596
1609,5.347881183475394
1610,8.170839259948558
1611,7.815162228331309
1612,7.536790335805923
1613,6.785959026095645
1614,5.322274072237686
1615,3.0933162242489063
1616,5.615825070187507
1617,6.3549671955817395
1618,5.6419372782851065
1619,7.422347400343861
1620,5.90591440791221
1621,4.447514120878241
1622,5.267198640898391
1623,7.598330246748236
1624,6.4418746280678985
1625,7.35069333388175
1626,7.8457541894819
1627,7.770226065658178
1628,5.510027537162247
1629,6.68554120334279
1630,4.10373054599237
1631,9.679631896552436
1632,8.191158366224716
1633,8.942309856806034
1634,7.405388833986885
1635,8.519258212980677
1636,5.846460015049466
1637,7.724795013544693
1638,7.769356297338355
1639,8.195563078009114
1640,5.517121892308585
1641,5.636593891478849
1642,4.865547500874813
1643,4.860106589809398
1644,7.235695901317264
1645,8.039338224595799
1646,5.917172400349916
1647,6.372434103968185
1648,8.993020604594857
1649,4.77206058948365
1650,4.746087548740386
1651,4.187273363471831
1652,8.1972492073231
1653,2.865539230385612
1654,5.724610182486915
1655,6.704602495350913
1656,3.632713870046217
1657,7.449205965269271
1658,4.157217740230757
1659,6.360423701621562
1660,8.613253977068817
1661,7.616197726639843
1662,7.1662312633118805
1663,4.743235250139522
1664,6.381292662322658
1665,6.2175190675737655
1666,4.8128465020230715
1667,4.360406429450902
1668,6.742483247328117
1669,6.973676202933241
1670,6.795404515581919
1671,3.304799975238083
1672,4.518416149567731
1673,9.70548519519928
1674,6.4093428616466435
1675,2.4281740700438625
1676,7.7975219957537325
1677,6.032619974900281
1678,2.973334534079609
1679,6.097312168093835
1680,3.4227582109484125
1681,5.823704982616827
1682,1.8758220866039657
1683,7.447037908144908
1684,7.25101795517976
1685,7.695457964970512
1686,4.641456279080846
1687,2.1203998273195435
1688,7.367059575949538
1689,7.19014322666052
1690,3.561146258381354
1691,7.463802154767155
1692,9.346030574482533
1693,6.971069647827877
1694,3.004244068524198
1695,3.1280291636032276
1696,6.159098192993049
1697,6.293538323369887
1698,6.661189965254422
1699,4.9407004804393315
1700,5.091021983742406
1701,4.577829252308168
1702,4.110834723886446
1703,7.480063378775973
1704,6.7516155968443945
1705,5.713847949515975
1706,5.340035389951815
1707,5.054913992662442
1708,7.664895183049717
1709,8.336598709742308
1710,6.344330572100284
1711,7.3455585439380044
1712,5.720621016782307
1713,5.656059709315906
1714,7.632470469922934
1715,8.659840466817062
1716,6.279740477514274
1717,3.4178114386111123
1718,4.7275231010090355
1719,6.923605390030611
1720,8.497321030682873
1721,6.600897035542793
1722,2.316271888370106
1723,7.3024252290432745
1724,3.2015289509172713
1725,8.2286999661284
1726,6.04601788889414
1727,3.64573156910353
1728,6.423380200229954
1729,3.8567497732439953
1730,4.374772443521997
1731,7.084930000334461
1732,7.907990320420454
1733,6.061620664131391
1734,5.170500044071785
1735,2.470516713649341
1736,8.336605580354991
1737,7.672743085568868
1738,8.605186936370961
1739,6.531491145581073
1740,7.25051311954898
1741,3.3223660325917344
1742,6.677929861790168
1743,6.831998580273287
1744,6.607588078167765
1745,6.549254601961437
1746,6.976894833530026
1747,5.660432466296817
1748,7.48842417768474
1749,1.9457351719415075
1750,6.292105130741572
1751,7.049672484145393
1752,8.035242619618035
1753,6.883450581160367
1754,6.762389036235429
1755,5.598906737902776
1756,6.531623974315803
1757,9.470538772808927
1758,4.96453473451299
1759,5.429086681314706
1760,5.107333736238254
1761,3.187667143938379
1762,4.892054397446291
1763,3.687383280758165
1764,4.381065457725769
1765,5.416138108067224
1766,6.421120410816734
1767,4.040996050159009
1768,8.221822575979647
1769,6.282452612291398
1770,5.93635324789826
1771,4.471863128406173
1772,5.271872434142136
1773,4.262274637626763
1774,6.848491384262394
1775,6.747284906642734
1776,5.027166910634083
1777,8.401096347314242
1778,6.041679444360761
1779,8.109037025018733
1780,8.204483556999895
1781,7.280031297700991
1782,6.960725587685351
1783,6.277351017765441
1784,7.011042076137096
1785,3.645317602431039
1786,4.852740111097825
1787,2.7379374165282004
1788,5.921511343754072
1789,8.430156183624106
1790,9.091594807909173
1791,8.142699013439598
1792,5.615090394058287
1793,5.101017386435532
1794,6.5202203016809035
1795,5.298124101403046
1796,6.626284154172984
1797,7.829624787007562
1798,5.259264421984165
1799,3.6086158478937844
1800,6.865723104668427
1801,3.3889325740424585
1802,5.3338433273394825
1803,9.125823887021884
1804,7.140171943444491
1805,8.35074867826043
1806,4.527050574055051
1807,1.5730553422051268
1808,5.6393647581684
1809,6.137196256193189
1810,9.151259603880765
1811,5.0631714766139435
1812,6.961623385191825
1813,5.716611542159761
1814,4.67375663985968
1815,6.448096078178732
1816,6.287568792501929
1817,2.1644610767513215
1818,6.811161135129476
1819,7.401544575839931
1820,7.164307725150767
1821,8.206422941310047
1822,7.520932393086088
1823,4.691934698860479
1824,7.998973426239851
1825,5.892019849433979
1826,5.884483205462295
1827,9.405852596742962
1828,5.572867023732384
1829,3.3262473068496305
1830,4.250864562039502
1831,5.934788049904851
1832,5.713349037953822
1833,5.622742288010853
1834,3.8606547882644175
1835,6.7055472906362485
1836,6.947622656446044
1837,2.9465237568123177
1838,5.286651704199734
1839,7.307536803203414
1840,7.419756747082578
1841,4.633486900449822
1842,6.161646553857992
1843,7.580867917421999
1844,3.415566287644883
1845,7.5643538283060545
1846,6.418470307826164
1847,7.906898723519419
1848,8.38657724753293
1849,5.502519109421394
1850,5.470869451559681
1851,5.568296882331458
1852,2.0363909868259507
1853,4.838417649818606
1854,5.145079596063874
1855,6.344711637922545
1856,3.1910939214335414
1857,3.810942563916356
1858,3.2303867401683912
1859,4.46507057320096
1860,4.818892710737102
1861,4.089846312238052
1862,7.964576268422091
1863,5.413817014959616
1864,5.746079627635225
1865,6.184027094801136
1866,8.790852499728711
1867,7.3476028018205275
1868,7.381106295187224
1869,6.531115988991819
1870,5.10698666425043
1871,3.8014019425828147
1872,5.6647576708138585
1873,6.861828446044135
1874,1.1307720774389136
1875,5.769694351422821
1876,5.707091454049535
1877,6.983881406606303
1878,5.1616896687237155
1879,3.0349966107442503
1880,5.702818699172684
1881,3.3966230952719956
1882,7.603386710092397
1883,5.19021628482437
1884,9.552397569459869
1885,7.8237864567464666
1886,3.9797186476360253
1887,6.974608806327965
1888,4.294699472319013
1889,8.28392922151206
1890,5.134402226817648
1891,6.470527124518828
1892,8.48992644445485
1893,7.962168187944288
1894,6.919690000390262
1895,7.264612610985534
1896,6.761133158728144
1897,6.437294630226845
1898,6.20628804139603
1899,8.963164568590727
1900,7.31904060594945
1901,6.5718830625869575
1902,5.43535667026611
1903,4.069779994646783
1904,5.818302665131338
1905,3.7212524322161977
1906,5.074053232528188
1907,4.782548656966548
1908,7.5111903597092695
1909,5.904286866493688
1910,5.894191626313076
1911,6.245718377722105
1912,6.992721814104863
1913,6.760357456510648
1914,7.451103084097133
1915,2.198741338806197
1916,3.6061743341868455
1917,4.181097439300437
1918,7.136233525548978
1919,4.436376974151679
1920,7.256144988665175
1921,5.548638994032336
1922,6.040321450719807
1923,5.01553758473318
1924,8.199799127668431
1925,8.360079347790997
1926,6.746716998893144
1927,5.32742187546889
1928,6.6271742095650445
1929,5.359712523418993
1930,7.7713125113443695
1931,2.9409021722531827
1932,7.871689184988926
1933,3.715225936190617
1934,6.472746134734104
1935,6.011999278852723
1936,2.768779388861001
1937,7.571382454080671
1938,2.227631825093926
1939,5.181751197980118
1940,3.6252461544639045
1941,4.79355869430731
1942,3.975784975913626
1943,8.488837039212193
1944,2.3752987093396087
1945,4.489715312863022
1946,8.13595617359215
1947,8.599103784374682
1948,8.312519620137621
1949,6.520060880596764
1950,1.8146139087525412
1951,6.823487421385504
1952,8.790337017814686
1953,4.531241869295016
1954,3.885171014801726
1955,4.858446750246323
1956,6.630592299568216
1957,3.5553931835598314
1958,8.016928752482102
1959,2.4650269161269827
1960,8.817238415538052
1961,5.724498043654799
1962,4.263282919155968
1963,8.366632125737244
1964,5.747991088469315
1965,5.262368559348005
1966,7.936553252408884
1967,3.9185587082304347
1968,6.711983742658281
1969,6.706023664380306
1970,5.320020555606157
1971,5.7145218278753696
1972,8.359332575251539
1973,6.935151647606359
1974,4.618139110294943
1975,6.368787155356153
1976,5.560584180712253
1977,5.824246414649679
1978,7.962294187695873
1979,7.0895170835619545
1980,5.673781123182351
1981,2.4461255040991823
1982,6.184258824756862
1983,7.093129780798438
1984,8.955017573545396
1985,3.8749761884324174
1986,3.3610052534641706
1987,4.031131046595859
1988,7.3196375560414335
1989,4.056885387753757
1990,7.71947340044507
1991,5.755918792263026
1992,9.000451346085892
1993,4.185654671127396
1994,5.559563328373678
1995,6.241793700421563
1996,6.186046365458178
1997,9.158287110751292
1998,4.593170715392794
1999,3.9172405362096403
2000,8.703601162873547
2001,4.064918802852449
2002,8.694288532643032
2003,5.171567093252423
2004,6.170414202710602
2005,7.718963776210393
2006,6.992808514255571
2007,5.069826953648518
2008,3.6744663860691764
2009,3.213682556704476
2010,6.3248323691818085
2011,5.8574085561782665
2012,6.446409695981494
2013,8.683181342225058
2014,5.605052924860299
2015,4.005078736081608
2016,4.2398565612508285
2017,4.7372008889157335
2018,6.532545989486624
2019,7.029515907498408
2020,6.999592192163053
2021,3.4987560367246444
2022,6.886727625522848
2023,5.408750602130629
2024,6.331399574224505
2025,7.487001252387495
2026,8.049135219416147
2027,7.4329322407095955
2028,3.0773664134620575
2029,2.207554603778333
2030,8.00044505244244
2031,3.8115484317452504
2032,8.618918267483007
2033,6.738237805737277
2034,4.235095432224658
2035,4.7336862087794085
2036,7.593270257715786
2037,5.662516862986671
2038,3.9499850673024044
2039,7.12822967485336
2040,7.555011877775151
2041,4.494009799303257
2042,5.134541854602842
2043,5.785709044811073
2044,5.746321296064698
2045,5.831328302640591
2046,6.629193538112943
2047,6.9675817780590314
2048,2.8669546329283206
2049,5.640466432669461
2050,2.4328759383724705
2051,4.980993941974977
2052,0.9463442909641324
2053,5.031442234674638
2054,6.622392073514804
2055,6.759686818941394
2056,3.815598379235913
2057,6.9044463167299455
2058,5.75991942402838
2059,7.1964053928401635
2060,4.653720793594138
2061,2.721311066736304
2062,4.672459811469459
2063,6.6305127784684545
2064,4.892222357523459
2065,4.5194801582073865
2066,8.910096043096393
2067,9.696337556228098
2068,8.390738643633837
2069,5.085967508438795
2070,6.09304927191819
2071,6.636940352384694
2072,4.236152122271075
2073,4.598973312279948
2074,4.161119423429809
2075,3.552164686221928
2076,3.5757128966466682
2077,5.625909264239779
2078,4.87995089285509
2079,6.63107385524206
2080,7.531992971262527
2081,8.780922982578602
2082,6.204039261217745
2083,6.254054760876259
2084,6.689914754567088
2085,8.284947841554168
2086,8.10231259073758
2087,4.390744062353484
2088,7.901365675178932
2089,8.996178239924827
2090,8.677075241778205
2091,5.678508540554732
2092,2.644099185884265
2093,6.48170630053013
2094,5.241840023774082
2095,3.752689340158033
2096,4.274373289520531
2097,6.439467785674997
2098,7.303642202872482
2099,1.8334536786224285
2100,7.133776197047967
2101,3.4734124360690455
2102,7.202089354112733
2103,8.458905406431102
2104,5.945286153938538
2105,5.081339747133949
2106,7.775934933053352
2107,2.8839004053757504
2108,2.6193599604456494
2109,4.283312872819281
2110,6.616641299790798
2111,5.281419504097371
2112,3.934073221406186
2113,6.275721761167477
2114,7.395142920988189
2115,3.4783110923819827
2116,5.203970466507252
2117,8.92387930523019
2118,5.902373905258729
2119,6.614976748888602
2120,7.81265502783513
2121,4.910255628807045
2122,3.129278634274751
2123,3.334381917253572
2124,6.605740370766976
2125,6.611549776183985
2126,5.043175076129909
2127,6.335438627070036
2128,7.818684313066183
2129,4.335440623930831
2130,5.347557790652654
2131,5.4623380243122615
2132,6.402471564953869
2133,5.492154778848761
2134,5.431176684367022
2135,3.026026178152324
2136,2.5722474864881986
2137,6.915304302783128
2138,3.1988351696712756
2139,6.077474613495166
2140,3.1855597455673954
2141,7.14585476604678
2142,2.763757582536201
2143,6.866139968924587
2144,6.480976023783328
2145,9.756933357982833
2146,7.389253709464816
2147,7.239086196730254
2148,5.67571360039862
2149,8.29589926845912
2150,6.342176248953523
2151,4.970189112942764
2152,5.149857114240326
2153,6.579242520015317
2154,6.649199282614447
2155,6.333281270509822
2156,7.1034020268903895
2157,5.685383448117675
2158,7.908928535093028
2159,8.722688457583232
2160,4.779387093338732
2161,2.4325671546124594
2162,8.137331079172892
2163,6.174162254642752
2164,5.292478261269105
2165,5.93877508661369
2166,6.699249050401334
2167,7.492023350988384
2168,6.276469924191223
2169,7.35652321482857
2170,7.22114235450527
2171,6.063289406361707
2172,8.431580533439734
2173,2.448124200483292
2174,4.2477258982546555
2175,5.3590273527936
2176,8.436270808511605
2177,6.425339621564094
2178,7.184458169545208
2179,4.550005459890321
2180,5.55680686428092
2181,2.6298582302659756
2182,5.161436843696649
2183,5.272407167447385
2184,9.011437743758687
2185,8.341274061095291
2186,7.583336016447463
2187,3.7346117483526986
2188,5.1087145614404985
2189,6.2594688813240005
2190,3.7583267595832632
2191,6.030825711200732
2192,8.719031368834502
2193,4.176806014239433
2194,6.172850495881504
2195,7.736688135920912
2196,8.992115257815627
2197,7.5704459328147555
2198,4.0278374421196315
2199,5.671607784163009
2200,7.576075768732064
2201,8.111406340647171
2202,7.720220769548367
2203,4.6567484206697465
2204,8.547939891364488
2205,8.797457922012885
2206,5.227284320274183
2207,7.619502942152538
2208,7.203519831880366
2209,8.621164714946115
2210,1.3780126762453895
2211,6.292783202516242
2212,9.059800138855687
2213,6.7478670540044705
2214,7.635284103126642
2215,8.170341224003407
2216,3.252859241659549
2217,7.691828742998093
2218,3.8775610283804003
2219,2.91918522162925
2220,8.275259600058902
2221,8.021220230561472
2222,6.762369754294515
2223,4.260020423360169
2224,5.495858622793567
2225,7.278251622742752
2226,6.61335297377674
2227,6.619297029136927
2228,5.026920855528837
2229,8.1567664009814
2230,7.419792858087804
2231,6.243588622934252
2232,6.4422842263008135
2233,5.9533448381562355
2234,7.674813570576767
2235,6.780451167644881
2236,4.57537472395305
2237,4.82890840273553
2238,4.461882593656168
2239,7.282071054615154
2240,5.955985241775778
2241,4.7504635045848955
2242,5.422240341509493
2243,9.142592044552313
2244,6.746066197062268
2245,7.1534834939188325
2246,7.475980256511789
2247,9.276436937264425
2248,7.810783787347857
2249,4.5829732434760775
2250,5.313208320495829
2251,7.183558412736808
2252,7.847596542453025
2253,5.460217390804906
2254,8.460919470078908
2255,3.2910064896311204
2256,6.598449374710439
2257,5.36927957849415
2258,6.405683028003784
2259,4.214422973981988
2260,4.644649836374651
2261,8.08497846906744
2262,7.744334532425218
2263,3.619292185280059
2264,9.020732134340676
2265,5.9187448026433325
2266,6.614671456318283
2267,5.045997906873049
2268,1.6059721955827322
2269,8.318505263172398
2270,7.333164416423077
2271,6.518814599364373
2272,2.9368746879356777
2273,4.905928086994433
2274,5.420934439916806
2275,8.48278342433093
2276,9.659536563640645
2277,6.325653365749994
2278,5.289842291827508
2279,9.453219802277507
2280,3.5835453795357517
2281,5.442808732370128
2282,4.146037594842138
2283,5.669620600781687
2284,6.3932512091831075
2285,4.301759572410827
2286,5.349739380019747
2287,3.965187301186597
2288,3.887494686510379
2289,5.785661832954277
2290,7.641283736950796
2291,8.383649444015088
2292,8.632452100302942
2293,8.081295845064108
2294,3.182835079994245
2295,7.284821845708576
2296,8.075564305990158
2297,5.310332805441667
2298,8.233619313219148
2299,7.759637903336872
2300,4.54061419231081
2301,5.5628520264517345
2302,7.836309053755244
2303,6.177339821976542
2304,5.5374754792922545
2305,4.879224564449491
2306,6.487831512168253
2307,5.7897863000084975
2308,7.829823929172004
2309,4.308092835663416
2310,3.4784134624935934
2311,6.560204680583623
2312,5.159288629583465
2313,8.745519654691416
2314,6.825429141315766
2315,3.274494001061476
2316,8.965812792386192
2317,6.661413368168417
2318,6.9011478973655205
2319,7.439171899453379
2320,5.998259487045549
2321,6.557830671925932
2322,3.066358499844704
2323,7.568447949640069
2324,7.080584006801476
2325,7.73939489906943
2326,4.77997176381633
2327,6.026792471840089
2328,4.777592915066944
2329,5.016886209844172
2330,4.8224291038487666
2331,3.328256413581115
2332,5.3927175292298735
2333,6.909022196166051
2334,6.425997398718454
2335,7.107837242170703
2336,5.3068898207303725
2337,4.294024607854635
2338,9.04679453719057
2339,4.660756442442282
2340,3.0609767817282716
2341,1.846199118406278
2342,3.9039741244802415
2343,4.410812623877439
2344,6.905296771169158
2345,5.865074606028562
2346,2.7564449237594295
2347,9.363922046366735
2348,7.485106043477192
2349,4.056088241164148
2350,4.076874435134057
2351,5.495069031615076
2352,3.6172531158807946
2353,6.197567658823603
2354,6.178650534193776
2355,8.28629922861981
2356,6.769878133451126
2357,5.393677133895568
2358,5.463711900807589
2359,7.751392373810075
2360,6.4840593143145835
2361,4.754096048851325
2362,3.493250178998824
2363,8.710348576458903
2364,7.361283338435037
2365,4.588144692056502
2366,7.797390636112888
2367,6.7802746722663585
2368,5.961035992576186
2369,1.9849591152909234
2370,3.062369564827539
2371,6.369656838890487
2372,6.13669789956731
2373,7.057509890233334
2374,3.03308561436664
2375,3.2439758481247996
2376,6.993729065259691
2377,6.406691619393909
2378,8.507527995815328
2379,4.454973225969461
2380,5.568052277986722
2381,8.99550215346472
2382,8.072597586313718
2383,3.2925817377497846
2384,7.748639717163763
2385,6.020501036636898
2386,5.378185839543228
2387,6.102540642633773
2388,4.387816537582946
2389,5.88083083054925
2390,7.3235521720867345
2391,8.824892563869634
2392,6.117190702592459
2393,7.691174896710869
2394,5.551181852822183
2395,3.2633470380309872
2396,8.362502006470502
2397,7.579633945550297
2398,4.323779598325205
2399,8.637859548260396
2400,9.309849391243375
2401,4.718629666445612
2402,8.903896007427011
2403,2.3022495607853406
2404,6.992183301326411
2405,8.048318839946274
2406,7.525099123400924
2407,2.306554030808675
2408,8.191923267852664
2409,5.373804641876929
2410,5.600755319403229
2411,8.228977184564304
2412,4.622902100286335
2413,6.232036701916901
2414,4.4470516418925925
2415,5.963125791541497
2416,6.461749332260606
2417,8.038665951829696
2418,6.470697931385484
2419,4.705191842610624
2420,6.175266103286936
2421,5.184714646799509
2422,8.052108648924019
2423,2.668856451586901
2424,5.062695744963954
2425,0.6709669663014644
2426,8.465329416664684
2427,5.04675769601598
2428,1.3533700894388583
2429,7.106511475668093
2430,4.713333522811968
2431,4.159716173926918
2432,7.8895657036292715
2433,4.634038251724709
2434,6.604704606106045
2435,6.264513220626843
2436,5.593878535773748
2437,6.685330625223023
2438,6.9993658840573225
2439,6.065097888963037
2440,8.089629698641769
2441,4.358431602842002
2442,4.9955041078071325
2443,6.229297673301648
2444,8.60063924613803
2445,8.446001451146277
2446,6.612859407237055
2447,7.222751918079678
2448,9.435470642776439
2449,4.504935617000944
2450,5.020420772832868
2451,6.389782213247909
2452,7.687225378481214
2453,4.8475795485025355
2454,6.465165942819752
2455,6.56097020409656
2456,3.4689520054926217
2457,8.64186189448051
2458,8.101035308941476
2459,6.89876442744485
2460,4.4894784667614775
2461,6.314758474165677
2462,3.2919655472211202
2463,5.512039572054033
2464,7.442598217244528
2465,8.621449444986668
2466,5.369845048440589
2467,7.449257227579332
2468,7.466652823560429
2469,8.3483831457115
2470,5.133194185194963
2471,4.48065764338695
2472,4.99558056959446
2473,4.956554432338123
2474,5.883406746468478
2475,4.817296652664003
2476,5.557634179937715
2477,6.1589260051582695
2478,8.12176219809996
2479,6.207621371453924
2480,8.36860535318697
2481,4.745505179919666
2482,7.485987203563119
2483,3.4228710540711638
2484,7.716232114183323
2485,3.261110412878721
2486,6.6949105171754635
2487,5.139608062361
2488,4.065437423604764
2489,3.6988768803795793
2490,4.330152368045989
2491,3.883875942804526
2492,3.9261291351123524
2493,7.25325493703814
2494,8.462205440062425
2495,6.094164798562977
2496,5.920460808095012
2497,7.320025831659391
2498,5.64821892112638
2499,4.51401739589649
2500,4.511378994038832
2501,6.809646963818629
2502,6.592845884883044
2503,6.328970737285541
2504,3.857007006102843
2505,7.31319543418273
2506,7.360408348921038
2507,4.150182608237754
2508,4.790909915529317
2509,3.9328622769868473
2510,7.100388900066889
2511,9.51839835646011
2512,4.836782634679854
2513,4.350641624396166
2514,6.740013697544587
2515,5.807737064321087
2516,2.276809779227458
2517,7.360843559234793
2518,5.452599348849981
2519,5.11184087620708
2520,3.174452137288715
2521,5.90084049216205
2522,9.521716388923949
2523,6.3074691774176275
2524,4.017280117885479
2525,9.519636236438426
2526,7.249573894524053
2527,8.114104102891602
2528,5.4122526174691945
2529,2.2852386439021593
2530,8.88173768533655
2531,8.778003462756834
2532,9.189795840098528
2533,4.7369690214357965
2534,6.930019245438978
2535,5.62213177991832
2536,6.755772976987905
2537,7.384388921471455
2538,6.958111356257012
2539,7.754516722653339
2540,9.434431035951132
2541,5.547090120141361
2542,8.377100392719058
2543,9.230525665542956
2544,3.4856783563458635
2545,5.8840623277207245
2546,5.336977091989117
2547,5.324631646118741
2548,5.2453792998731155
2549,7.321589705839276
2550,8.171193966337697
2551,3.466282337869829
2552,5.358643485371896
2553,7.7567171040573095
2554,4.999376781724817
2555,5.410911674874918
2556,3.3906993311532894
2557,7.2888333477300975
2558,8.034143648111314
2559,7.802963657475871
2560,6.719339405556081
2561,6.091509367435705
2562,3.9087919248954033
2563,5.689553479470023
2564,5.641491893906785
2565,4.675620151982439
2566,6.775735933757872
2567,8.517656055164823
2568,4.312607211342762
2569,3.256346300245343
2570,5.636135040817398
2571,8.880152336976973
2572,5.723668032651823
2573,4.268472231420084
2574,9.098495326581522
2575,9.20018800955021
2576,6.777581491195054
2577,4.863589249419014
2578,5.302219450111815
2579,3.5293689672098907
2580,5.441651156169151
2581,9.799935224327267
2582,6.3622565367321275
2583,7.6058080669484465
2584,4.708103767949834
2585,6.290113316045751
2586,3.9786830754986995
2587,3.0240335293809837
2588,7.3552053012757135
2589,6.074918108984709
2590,7.953947947197687
2591,8.497971791320072
2592,7.867441648305408
2593,3.311210916888669
2594,7.310831343746582
2595,3.5480452120977732
2596,3.6670203143761837
2597,8.056151187067448
2598,8.595884536433948
2599,3.3124724918518558
2600,4.3139091641187814
2601,4.142340692875255
2602,7.70666755163014
2603,5.980030827427677
2604,4.786212747267933
2605,3.852858897144292
2606,4.52967515924559
2607,7.118052826729498
2608,7.916951918297395
2609,7.334839301916578
2610,5.51741964529895
2611,6.510795454552884
2612,4.898422532566274
2613,8.858237788002596
2614,1.8576249479607974
2615,3.1450116880754173
2616,7.155354281987311
2617,5.109157206557697
2618,7.382750936219083
2619,9.01894550256631
2620,1.0110026220600394
2621,3.804758995646834
2622,8.39933152263227
2623,7.013312448428109
2624,8.221152419116201
2625,7.065246534629085
2626,8.426599787240765
2627,5.575120568525722
2628,1.8177451282874557
2629,8.43000913282222
2630,5.873732125135302
2631,3.5928430625283148
2632,8.500397570446843
2633,7.501278653141316
2634,7.414673168417503
2635,3.0001760160793367
2636,4.908310481682628
2637,7.064395158230679
2638,6.0380023769713524
2639,6.101635836206658
2640,6.7027418256124704
2641,6.150465320277609
2642,5.467385288319929
2643,8.154260848565313
2644,7.062141726560663
2645,8.181470054845647
2646,4.806289423108852
2647,5.484332256156141
2648,8.879489198450528
2649,7.978346610235484
2650,4.57687831443922
2651,7.365792187772259
2652,6.825577418056858
2653,5.34351240527123
2654,6.036991884993668
2655,7.026028124238063
2656,9.386321850617653
2657,6.321608053721861
2658,5.726161866040078
2659,4.116333785261807
2660,5.834438703492191
2661,6.708961138245566
2662,5.240123553104726
2663,6.674805338433777
2664,7.910734552591386
2665,5.64961309404057
2666,2.7615757653709516
2667,8.072621508907663
2668,5.879959238206524
2669,4.950974368291052
2670,5.575653058675244
2671,6.388345129208748
2672,2.5623831226852323
2673,6.385825732880506
2674,6.174762915634677
2675,7.799069149183712
2676,8.144612878834833
2677,5.532809338600851
2678,7.468050743560228
2679,7.255188733468062
2680,3.7799326895347547
2681,3.395540134537184
2682,7.991114619245778
2683,5.901032454442016
2684,5.233834867787847
2685,4.356611397126127
2686,4.149986446668372
2687,7.176144016280437
2688,2.784717654829168
2689,7.825632589891283
2690,2.626256449494944
2691,5.696852480231007
2692,9.762512435013285
2693,3.3685300644856806
2694,4.852344370513256
2695,5.647699307687964
2696,2.315855482819637
2697,4.231494330396291
2698,4.63913378892921
2699,8.634822405163709
2700,1.6130309809129129
2701,4.694681068777168
2702,5.58043364427498
2703,7.542806091866213
2704,8.395834893793959
2705,5.222024949857545
2706,6.6268276445357515
2707,5.494548400145209
2708,4.463124109484432
2709,1.2639743253204805
2710,6.643748344490504
2711,6.740297266628601
2712,4.496007839741734
2713,9.33875023272647
2714,3.4333064073250856
2715,3.7510947833268133
2716,3.5964190913532192
2717,2.329730851415742
2718,4.439892401130352
2719,4.705653566997694
2720,5.1871234363068695
2721,5.847554513324431
2722,7.487507121142601
2723,6.710959919179194
2724,3.540323915670152
2725,7.43724348148193
2726,8.12020651365625
2727,7.901498024119395
2728,7.6668298971101745
2729,2.514881281759495
2730,7.093757878231798
2731,6.859555312680833
2732,6.051404846485079
2733,5.631874421607861
2734,8.07975084542296
2735,8.788805318084933
2736,4.971168870083713
2737,5.207284941879722
2738,5.178568780815864
2739,7.097304436476525
2740,5.244135608228115
2741,5.546888504510717
2742,5.567571332664889
2743,3.2099479454420474
2744,2.0160754566275343
2745,9.079784988821972
2746,6.637261525284293
2747,2.0123203436053263
2748,6.438756852260227
2749,6.472991763867584
2750,6.443632759916722
2751,6.433447071647652
2752,7.481772834489063
2753,7.153743602017457
2754,6.366689063991849
2755,7.07498569527152
2756,4.338478837899396
2757,5.897532303661199
2758,6.116091367390965
2759,3.7856609728085604
2760,6.999424379573377
2761,7.098928559616924
2762,3.4066485611902957
2763,6.092453892915431
2764,5.663151372050153
2765,6.995796819233468
2766,5.805773376288165
2767,8.419939461529001
2768,4.025105744709377
2769,4.63393769511521
2770,2.365099611282921
2771,4.859835932847678
2772,4.624007777504573
2773,7.824528853654236
2774,7.941757468241856
2775,8.835961802899016
2776,8.730629080918805
2777,6.774285623944555
2778,6.836482455065783
2779,7.606817820107668
2780,6.209380854832481
2781,4.133517647084759
2782,9.133586303534067
2783,7.145437104504526
2784,7.706520217482998
2785,4.735460062749548
2786,5.3078652707858875
2787,7.128365830987741
2788,6.4664127823889626
2789,6.152656231993332
2790,3.1079349159506404
2791,8.571633974183692
2792,2.573673792633238
2793,2.6630206004352206
2794,2.862262326960254
2795,2.876525573530285
2796,7.926571174858705
2797,7.167627665177313
2798,6.813408396870009
2799,3.511077399269375
2800,3.4105903522711962
2801,3.754593227641424
2802,8.533024321619422
2803,5.549710427538353
2804,4.0281802924501156
2805,7.01268915508224
2806,4.845435325858778
2807,7.994076814984192
2808,8.084440402111126
2809,6.689646699067838
2810,7.453449629445762
2811,2.893580407708324
2812,7.215631720319426
2813,2.7532533588660297
2814,5.228185358185223
2815,8.979042173763487
2816,6.381073294407827
2817,6.785757238317146
2818,2.545025305286723
2819,6.961816998916779
2820,7.887057566655078
2821,6.945768254329362
2822,3.4339466984637084
2823,4.641189316537356
2824,5.99159643534837
2825,4.165269651269127
2826,9.524034241775288
2827,7.332509165218944
2828,6.3562924974202435
2829,7.388322056101132
2830,5.385907808154581
2831,6.229162784560065
2832,7.749616505276418
2833,1.7873276577894117
2834,5.373830123229565
2835,6.5956902686768535
2836,4.117023716242472
2837,5.847296459464501
2838,8.61277555314587
2839,5.768354047345361
2840,6.062028320924828
2841,2.6075210932002832
2842,8.160842117209599
2843,6.300155203830854
2844,6.712727086553825
2845,4.359133430019416
2846,7.779808236734926
2847,6.568236660636965
2848,6.101204674723059
2849,5.359646512879817
2850,3.369604946520499
2851,1.855519197995735
2852,7.051006151488887
2853,4.959859523540377
2854,5.299063435932799
2855,8.756151118260354
2856,3.3288809525849548
2857,9.300145408381276
2858,7.462800024781371
2859,6.450164014857755
2860,7.044299719365532
2861,7.337543748279149
2862,8.50037725994667
2863,7.126758175361084
2864,7.450838261003222
2865,4.850525997690072
2866,8.122717951179535
2867,6.750084527456664
2868,8.665231283528247
2869,9.572223378288502
2870,5.972608752143999
2871,6.77174547253303
2872,6.116408986963877
2873,7.580220392831687
2874,5.13676324827452
2875,7.004785494278908
2876,4.132493235928679
2877,3.4761369184853104
2878,5.636767953883941
2879,5.652768453618832
2880,3.5245121215403366
2881,9.7761941731879
2882,5.260821964112829
2883,5.5992441317842925
2884,6.567292237043397
2885,6.490216950230101
2886,0.8182942783421442
2887,6.926665265353781
2888,8.53098372057886
2889,7.087622458856161
2890,7.706958629059227
2891,7.90762335043705
2892,8.479588762307817
2893,5.322998715558185
2894,9.301859449481848
2895,2.9887758100437893
2896,8.193946079330484
2897,4.870213244484165
2898,3.354627524864471
2899,3.2942783941157336
2900,5.654119094694701
2901,3.373467732655608
2902,9.091173719456036
2903,8.019555256857359
2904,4.416211777538878
2905,7.466375855136187
2906,8.043875979186215
2907,6.692178552897701
2908,5.963451832487772
2909,1.5832983135392378
2910,6.117228485134109
2911,8.850837366819524
2912,4.145853178111738
2913,6.906975803311516
2914,3.7186131993522116
2915,5.782990800578593
2916,8.698196916538564
2917,3.3863163238364398
2918,8.261866725606048
2919,4.352915770335413
2920,6.920788334726286
2921,7.49697345403596
2922,3.5079004434563634
2923,7.453452962330171
2924,7.388505281252119
2925,6.54588565285728
2926,7.6542693332480445
2927,1.9480596200256395
2928,3.972000375207114
2929,7.642910780671659
2930,5.200229776172012
2931,3.9087696333134483
2932,6.234703534474713
2933,3.132795755490025
2934,2.3633954861163784
2935,6.477881927699677
2936,9.427649782086489
2937,4.606752534859471
2938,4.428159115239619
2939,5.844284053234946
2940,5.638442182447827
2941,9.290347024454821
2942,5.1601657809641805
2943,5.9035992930994095
2944,4.755982828404481
2945,7.2530798079333145
2946,7.814762724639888
2947,6.5311984845077715
2948,1.883869002778121
2949,6.718634309032627
2950,7.389365166321702
2951,5.027934832003822
2952,5.395791229993083
2953,5.628069676069726
2954,6.187106689742137
2955,3.562837611199335
2956,5.0161915037129905
2957,6.340180439587973
2958,7.724570418656312
2959,5.9372148050286695
2960,6.362578864435341
2961,3.5705498599972376
2962,8.13184937626379
2963,7.805896975368844
2964,2.5255183154722554
2965,3.0351884558324658
2966,4.884607239438504
2967,6.027683452453589
2968,6.167884767952357
2969,5.404994919559626
2970,3.3506816021534633
2971,8.590453745392512
2972,10.023466903997594
2973,6.127320572410648
2974,4.990912620394322
2975,5.524607584238385
2976,6.829158072132804
2977,4.768180181204161
2978,7.964151506869913
2979,6.930599103764107
2980,3.7687620863128073
2981,9.495361815737285
2982,4.721421321096269
2983,4.725845595279868
2984,8.274047413215632
2985,6.744430750105004
2986,6.233249035015826
2987,8.851522830805362
2988,6.830274790860452
2989,9.390238645175401
2990,6.541607339515287
2991,4.898608286101057
2992,6.4914649966353455
2993,6.581604380003052
2994,6.215551815487128
2995,6.257978123916837
2996,6.851037924706449
2997,9.658896245463007
2998,6.161380060636995
2999,4.897449009044575
3000,9.013318140415905
3001,8.247395556590966
3002,6.850548846866565
3003,5.381609708013144
3004,7.729002087331067
3005,6.286827112274157
3006,6.500234549220603
3007,6.674301324852053
3008,9.279301926089104
3009,7.34784694158013
3010,4.510301893392731
3011,4.336215327436207
3012,8.317149662645159
3013,7.340920618541119
3014,5.029406406951032
3015,1.6354193908908994
3016,8.281873810821802
3017,5.4914854879706
3018,8.63829481388855
3019,4.274733053723571
3020,3.710047164723452
3021,6.379634657404749
3022,4.9757330485880065
3023,6.034379778058784
3024,7.750283541350017
3025,2.8425185204273338
3026,3.6276494137345887
3027,5.979458031099697
3028,7.656078752527362
3029,4.754388986917981
3030,7.177206711363911
3031,4.40251121637607
3032,7.109110875557031
3033,5.137456339510667
3034,7.156274196606212
3035,8.004130058005611
3036,7.081254393237446
3037,6.2763005475938085
3038,5.807784617255815
3039,8.698586505577126
3040,6.4345247144167566
3041,6.744646472830719
3042,2.5808809606481775
3043,4.773062312542553
3044,5.6316383610140575
3045,7.699101032643235
3046,9.419053112220592
3047,6.347036948404362
3048,4.894412443417285
3049,7.999118849447505
3050,6.208803226021072
3051,8.401441416034329
3052,3.0146127972524717
3053,6.5812013996004515
3054,7.383373332711888
3055,6.585462191693009
3056,6.927307112487194
3057,7.930870627809336
3058,8.81928651163365
3059,8.055797963811779
3060,4.078133456231533
3061,5.397309704481458
3062,3.826355677821854
3063,4.621305832643358
3064,4.232907235075181
3065,4.295211425625165
3066,7.450908549780331
3067,7.404878167701158
3068,3.0014177094076757
3069,3.4560842704502353
3070,5.809847661742927
3071,7.21131802587196
3072,4.855827338177413
3073,7.007550859037897
3074,4.49989352526123
3075,7.177207805188093
3076,3.254980607542111
3077,6.73765221033506
3078,8.56538515594749
3079,8.174007645529226
3080,8.694531304798286
3081,6.105105089991584
3082,7.766799996246309
3083,7.080772877082444
3084,6.479949517663236
3085,8.579059549980407
3086,6.089552001328228
3087,6.102923487416282
3088,3.737444721566405
3089,5.264084428137016
3090,9.35732299311812
3091,4.624511370196897
3092,2.844782188617059
3093,4.29839151366014
3094,3.8938394772828
3095,3.6343367397053483
3096,3.9397606193676937
3097,5.6657879872129895
3098,8.31849892352398
3099,3.588984314585632
3100,2.933799561949414
3101,3.9180915535939445
3102,8.124084195362933
3103,8.238648162752966
3104,4.947650091627042
3105,5.572094085025049
3106,7.19356927225372
3107,6.659534527481572
3108,6.705983119867344
3109,8.51850979781618
3110,6.6597102008235165
3111,4.568886903932784
3112,6.997244506427503
3113,5.108802815624224
3114,5.279947122799969
3115,6.24454763604603
3116,6.0600832043283575
3117,7.183328334648502
3118,4.016544432287315
3119,8.554786803225461
3120,6.097539098889771
3121,6.140881589621708
3122,6.687665701446236
3123,5.913956952778138
3124,4.206972549896294
3125,6.141512719041753
3126,7.024298173072851
3127,4.605104553115217
3128,2.5626994507925995
3129,5.261677131010846
3130,5.371267554802481
3131,4.710618566622816
3132,4.753800275640362
3133,6.385593363787672
3134,7.1683750433565665
3135,5.241570732620302
3136,3.6578135545940795
3137,2.3017847968554106
3138,3.764915041417418
3139,6.720013288331079
3140,9.717948722223918
3141,7.062813435829797
3142,5.4080806362087985
3143,6.028345286063101
3144,6.214284071235243
3145,3.235558991081815
3146,5.637269772815204
3147,6.1527738219501735
3148,2.900572939393127
3149,8.009857609795157
3150,6.8397094666409055
3151,4.8090301098525305
3152,5.67506846339198
3153,3.936956216192824
3154,4.057175529671503
3155,2.7445320148873753
3156,7.153597905915642
3157,7.945650653014686
3158,6.448366553646157
3159,6.213294477781674
3160,3.109462537670065
3161,8.128425179649426
3162,6.528034088014586
3163,7.327636157803523
3164,8.42127570813157
3165,6.854789531241869
3166,4.707835218996104
3167,3.5240742097238096
3168,8.944961571389825
3169,4.194033390761108
3170,6.536860948339016
3171,5.313709574059168
3172,6.363340343956036
3173,3.501789892299638
3174,6.679989419869289
3175,1.957726655683027
3176,5.413118536116059
3177,7.144351992797519
3178,4.923269622117849
3179,3.0903813161833074
3180,7.149736723678238
3181,5.144201649759614
3182,5.772466892162645
3183,7.1376363166478844
3184,8.105685329326302
3185,4.872225103689322
3186,4.784104819567956
3187,5.370351140455926
3188,5.405211098544287
3189,3.2608883946295224
3190,2.2780923160361466
3191,8.198862971207337
3192,5.390639724556693
3193,5.7692115850230525
3194,7.254459892803573
3195,2.995416706057025
3196,8.09486212538569
3197,6.604204893756293
3198,7.344899793435373
3199,3.890568847836703
3200,5.603323813976711
3201,8.543019102479661
3202,7.125117625725551
3203,6.113811546340981
3204,7.796409576537573
3205,6.867664066862721
3206,5.573427565430519
3207,7.588541083337086
3208,5.5159125780653575
3209,3.412555222144162
3210,6.03060791251964
3211,3.2723497635722323
3212,1.7025233514631974
3213,8.840732264734516
3214,5.127337335980108
3215,5.055505679452308
3216,5.356991317056945
3217,4.8047058521160775
3218,2.8071756958266465
3219,6.150902573211064
3220,7.049566380829093
3221,7.607710603121237
3222,6.861014001948764
3223,7.512431963262299
3224,3.812502178778221
3225,3.8459902335170533
3226,4.817001874941344
3227,8.878433815185613
3228,4.2836039207607834
3229,8.395542830883427
3230,9.171202815922644
3231,7.63120733058484
3232,5.823187884185604
3233,4.939102282567004
3234,5.07982211021585
3235,8.065724134182238
3236,5.712177176955822
3237,7.263119431654141
3238,3.486615660300331
3239,6.669749536315367
3240,5.214729488421415
3241,8.01408734497739
3242,5.075247080729582
3243,3.901888109636794
3244,7.497164299135517
3245,6.176783687923029
3246,2.1778564303423527
3247,6.646489140940473
3248,8.933302981603752
3249,2.032553280248048
3250,5.341694579849743
3251,5.90285950757098
3252,6.18999905996154
3253,5.706455285305673
3254,4.745396421288204
3255,4.774008283491513
3256,7.945341439062792
3257,6.449340267809389
3258,8.516949780372062
3259,6.776730352786188
3260,6.89207783786309
3261,8.211033679624764
3262,8.327106160587196
3263,9.254555145118045
3264,5.581404559373236
3265,8.255850837402381
3266,7.0089820213460765
3267,8.44563141978573
3268,7.280980754907212
3269,5.521100818016666
3270,6.478029909920518
3271,5.231885146458737
3272,6.669905371514105
3273,7.865474100730033
3274,1.793759158163711
3275,6.693307961933572
3276,6.26009614757755
3277,1.8433942886882588
3278,4.463885481732705
3279,9.409316061250147
3280,6.447817361139282
3281,5.089081801329182
3282,6.9387866764552175
3283,7.663587573271442
3284,6.729167975393333
3285,7.154429213377762
3286,4.272449008079581
3287,9.229975896661726
3288,5.881163879040087
3289,6.434650349998845
3290,5.557628651444486
3291,4.688797652341604
3292,3.773782913818717
3293,5.387983840063151
3294,6.340549056772422
3295,5.060756433282609
3296,7.140257145630462
3297,6.996178742054518
3298,6.534079017620225
3299,5.096554630102524
3300,5.803196452184022
3301,5.525932196916157
3302,5.667827641219343
3303,4.9798415596904935
3304,5.400288103809569
3305,6.1395086557771315
3306,5.914356367733466
3307,6.675146847369544
3308,2.3675137201514067
3309,7.184193121904138
3310,6.790757017403317
3311,8.34658495377287
3312,5.083927314590725
3313,6.255303556687328
3314,6.39596683822653
3315,4.60951799627048
3316,6.865969885739789
3317,7.73242761680376
3318,1.5264180619225542
3319,8.587396139379972
3320,6.923191754301297
3321,4.532454018088364
3322,2.0756620102192596
3323,8.279674935294647
3324,6.630599239116257
3325,6.405794098977239
3326,9.947729073013182
3327,7.370930314836971
3328,6.413837394445297
3329,5.166996716020618
3330,7.037315010737942
3331,6.999420913086815
3332,5.318703403867029
3333,5.481873630071517
3334,4.9721679401673065
3335,6.373824969036781
3336,4.2172590744799825
3337,2.664371831363382
3338,6.487566237649884
3339,4.531137928934841
3340,7.835191223601506
3341,8.155691754024792
3342,7.1066034182884685
3343,6.442900317462938
3344,4.659224242616659
3345,6.763388576792711
3346,6.685042504324468
3347,9.265747559610919
3348,8.504354919791062
3349,7.6775059309848395
3350,8.294708001359602
3351,4.971122829912983
3352,5.335475614692607
3353,6.865774413143941
3354,7.20070672470091
3355,6.37564214563879
3356,6.938324006290202
3357,8.016160319728728
3358,8.69594592849222
3359,6.15619300407969
3360,6.415800415887948
3361,8.127201955293835
3362,7.662205103821414
3363,6.152808434810341
3364,7.292169176584426
3365,2.3325719205372977
3366,5.057993963035864
3367,5.444494685370596
3368,7.524827677182994
3369,5.92619230265669
3370,4.370040097088653
3371,6.640451267120225
3372,6.9927991649276215
3373,7.644289921375067
3374,6.071465329955036
3375,5.449267314446901
3376,8.776780581652964
3377,4.296544774018516
3378,6.99066941938279
3379,5.839339983740057
3380,6.5599206400534795
3381,8.17117494893365
3382,3.341695451733524
3383,6.344159589883999
3384,6.658789694023746
3385,7.96776732201584
3386,4.28501251062522
3387,7.8352057074122134
3388,8.725593450863668
3389,7.622146724943648
3390,7.868523401280848
3391,7.927281629192567
3392,3.549271907053953
3393,7.023307019026506
3394,6.050464267432632
3395,5.666871011657955
3396,4.370084897152406
3397,9.405275808330344
3398,9.836063919730462
3399,2.4620149981279917
3400,9.457723862727526
3401,5.968756393101373
3402,6.5516890238941485
3403,5.419465282225044
3404,6.039106401271111
3405,5.992973216963305
3406,7.835182918922396
3407,7.573395683254106
3408,6.404199147783002
3409,4.904643523571568
3410,4.929476594234398
3411,4.889286961619928
3412,4.208834388349585
3413,6.607314312585051
3414,5.688877913865269
3415,6.4949471139972195
3416,5.617412775057379
3417,5.888904425688882
3418,4.741948038151084
3419,6.503334459576227
3420,5.399121284396061
3421,5.755114205470058
3422,7.2783922615125904
3423,4.51609834224657
3424,7.2858344861317885
3425,5.005429556256056
3426,9.260511725118374
3427,4.537751867976431
3428,5.633012374579977
3429,7.173010537788409
3430,6.363960564247406
3431,5.791527520318173
3432,1.9187140190280143
3433,7.234245744499685
3434,6.423378202024923
3435,6.431953402623261
3436,5.38121231304004
3437,4.24857175297894
3438,8.714481467258768
3439,5.059999052312339
3440,5.904100658877409
3441,3.0487928023747104
3442,7.3442321993783
3443,2.692593899771415
3444,5.9647004444809095
3445,6.969739014780189
3446,8.965601751998388
3447,7.921246700059515
3448,5.287415782818378
3449,5.088088586701613
3450,5.693580315115104
3451,8.959761056908313
3452,9.444864187363322
3453,8.77437929856303
3454,2.6303792565236734
3455,3.720664112200047
3456,4.7083455616735
3457,6.441074308108497
3458,4.414903345237304
3459,8.504983949849013
3460,1.5813078181533673
3461,5.815172006829685
3462,6.175788099649868
3463,4.271688479153833
3464,7.3298848213347
3465,5.665347162062215
3466,6.815764663833178
3467,4.704296301637125
3468,4.793601969238027
3469,4.202788828979596
3470,5.76496766583724
3471,4.693184222742232
3472,4.028125361373331
3473,5.201281793067216
3474,9.156593076753396
3475,4.514710233162266
3476,2.2681979265790333
3477,3.944958561311601
3478,5.421354428074734
3479,7.271677225924781
3480,6.561610232084784
3481,3.4830544531356558
3482,6.564183943900367
3483,9.059906428888507
3484,5.1941206496300785
3485,5.664631463423721
3486,6.16072518220016
3487,4.986107095263512
3488,5.799349233913889
3489,4.106345827767285
3490,3.7546547602514955
3491,7.960109813210198
3492,8.653179033858443
3493,7.312703474702799
3494,9.0095402865335
3495,6.16917762013821
3496,8.013868523641506
3497,2.0279584989137995
3498,5.767635394170483
3499,6.546023149863891
3500,8.414128575336836
3501,4.0868408222415145
3502,2.366118670587788
3503,4.392742944192488
3504,3.822602483519756
3505,1.4831065346352448
3506,6.1610896023708746
3507,7.639793196870273
3508,7.11740404897745
3509,7.131821876516353
3510,4.753328314870975
3511,6.64670481671397
3512,5.997672597693713
3513,6.285593226742739
3514,6.471082762092506
3515,5.891131255369326
3516,5.139679889275138
3517,9.17953400063335
3518,1.2102240560731663
3519,6.684685410533399
3520,5.544320690655223
3521,6.287050459153324
3522,8.866136459541964
3523,5.095426579790969
3524,7.311134810076792
3525,8.999864390965524
3526,3.1742204393600466
3527,5.567723669987167
3528,7.755942274011146
3529,9.545714341011134
3530,8.192857496349228
3531,4.103032575629851
3532,6.175723581275497
3533,7.513670318906817
3534,6.903187981170531
3535,9.380175980496613
3536,6.427122703543278
3537,3.9978081427248457
3538,7.32943651661992
3539,7.486140447142134
3540,5.621180744725037
3541,6.862829513621119
3542,7.405932034605441
3543,6.365091373691239
3544,8.298845475479196
3545,7.588091306571796
3546,7.6634283999072315
3547,6.483278936178721
3548,5.710577284565213
3549,5.15315364974402
3550,6.264795891994304
3551,8.694286397362244
3552,8.230743677022822
3553,7.882186094497379
3554,5.275541722217786
3555,7.653202748330323
3556,5.826005332442125
3557,3.0139654207538156
3558,3.27255015935103
3559,5.3454828479746475
3560,4.187720610570739
3561,6.210784039457139
3562,5.294031980111076
3563,7.736537300670702
3564,8.389110275421608
3565,5.856361934015287
3566,5.534032241183569
3567,4.604395344996123
3568,6.568031064737461
3569,6.996989944147316
3570,6.252277010234014
3571,6.025786624213675
3572,2.1491862541692157
3573,8.419529076356008
3574,5.141340283591533
3575,4.903877244257702
3576,7.933932369636535
3577,4.2582818002372305
3578,8.570050182286028
3579,5.303995399991342
3580,4.8231437987868535
3581,2.019847213626875
3582,6.103460633681584
3583,5.631284191801261
3584,3.0331624483761526
3585,8.207181830487144
3586,6.473085359656254
3587,5.386474523555472
3588,4.7086414182486385
3589,4.837800024461588
3590,2.9666084501934593
3591,7.45659296289487
3592,5.640471842215364
3593,8.049262724182984
3594,6.527875503453038
3595,4.7760545650114175
3596,7.822449849647461
3597,6.3606358103610505
3598,5.526313062751949
3599,6.566592026562661
3600,4.926413474338537
3601,6.647611467539611
3602,3.305547474567006
3603,8.617862805116898
3604,5.154001336346833
3605,5.5254140761421375
3606,1.1748666506018592
3607,4.643116784261643
3608,6.515836627506642
3609,5.4581295513804395
3610,5.557930548938929
3611,8.838815920396708
3612,6.14926431783804
3613,4.941390702123749
3614,3.553129336324396
3615,1.589086878013861
3616,7.751682107443836
3617,5.774826189764488
3618,7.362762387992134
3619,6.586834272773899
3620,5.411947158729845
3621,4.237961942308212
3622,6.237872433980897
3623,4.603898268245887
3624,8.62386607970423
3625,6.348341796237586
3626,8.958791685613974
3627,6.727667535586018
3628,6.606167602420086
3629,3.788454097895535
3630,6.194471747236968
3631,1.64089975030392
3632,9.392481501141877
3633,6.379704006572866
3634,6.013799790010495
3635,5.915935246207758
3636,6.400784083778285
3637,2.312774174975191
3638,5.70835083580587
3639,2.9844452495087346
3640,4.0823657494721415
3641,3.830533563646557
3642,3.3950464977180737
3643,7.551078790879998
3644,6.993034510876371
3645,7.222120775483196
3646,3.572332131451381
3647,6.475888730069299
3648,7.419340960676964
3649,9.56690880130968
3650,8.216409259889964
3651,7.739879057601382
3652,8.541020471728064
3653,6.581903801940421
3654,5.6314089642469884
3655,8.720382533524951
3656,3.0512875515211872
3657,8.637526409248949
3658,5.637471431069663
3659,4.36182416729063
3660,7.725402219658276
3661,7.066053435814894
3662,6.1135147339299625
3663,5.498334627834343
3664,8.476190032814388
3665,4.271325388822736
3666,7.975040145509252
3667,6.790428485630155
3668,7.801997598444503
3669,4.851140902864833
3670,3.600479569205489
3671,7.31210042355373
3672,3.0722604311317587
3673,6.4146927747921225
3674,2.512995823207568
3675,2.3829908831342017
3676,5.60743245687068
3677,5.343069368530807
3678,5.438869824044154
3679,6.4174904530005765
3680,10.042820529070442
3681,5.560730861748907
3682,8.990211165877394
3683,8.852353037874774
3684,1.5400478756687799
3685,5.266949133326728
3686,7.04704245236524
3687,6.46513156466623
3688,3.130123856081209
3689,7.051039469653671
3690,5.754110514796324
3691,6.977412827719686
3692,8.104532354700725
3693,8.868932251100528
3694,6.263108146760534
3695,7.737343992193273
3696,6.419293302091737
3697,8.245947982619557
3698,5.013984528863456
3699,4.795159947841629
3700,2.9232440977964833
3701,3.8352510856374895
3702,9.350456895583811
3703,3.6321824525229647
3704,7.7685490132286805
3705,7.113259768040034
3706,3.394221205471191
3707,4.6726067001752165
3708,2.664207674659338
3709,6.030264823411246
3710,6.15163744935797
3711,8.298854344837393
3712,5.601500267972259
3713,3.7055403755483596
3714,5.056199515001875
3715,7.862800734099826
3716,5.505995351542009
3717,6.161186624140107
3718,7.138005667165239
3719,6.764699104902833
3720,7.879285047493144
3721,7.9282527095556175
3722,6.921798831447816
3723,4.024914362524047
3724,8.221005780485857
3725,6.137975315887303
3726,2.800620513819877
3727,6.439800371901497
3728,7.348098694090431
3729,7.28625086015313
3730,0.36558322538624644
3731,6.543994415801529
3732,5.030129512469026
3733,7.3951652298904875
3734,6.723835503051578
3735,2.010800065636427
3736,6.244105152250473
3737,7.425298936454848
3738,5.550417603408611
3739,8.733480974611858
3740,6.777781755411935
3741,3.7457247882733276
3742,8.859678642704427
3743,4.546382220103575
3744,5.653077339208732
3745,4.70499862198545
3746,9.443118828730693
3747,7.746378163755515
3748,6.520469812332159
3749,7.43944086743627
3750,2.495550144532902
3751,3.574673557858934
3752,6.588365376485006
3753,3.699827430937127
3754,4.126069060807288
3755,6.3740729724259495
3756,3.4832186485909524
3757,7.793337780822794
3758,8.406445853293683
3759,7.014395537173024
3760,8.716019639690055
3761,6.937229178764358
3762,4.378212581095511
3763,8.343110881961008
3764,4.620740736890884
3765,8.891280651929096
3766,3.380529785620129
3767,5.75011534718195
3768,6.118697185072782
3769,6.2013933795004395
3770,3.7546476443207677
3771,6.009047079152832
3772,3.1838582219517084
3773,4.707551074347171
3774,5.973716567696371
3775,6.603796527428069
3776,7.494134707908048
3777,1.0442860200828838
3778,6.147782780370681
3779,3.5664405491856903
3780,2.887954727333251
3781,4.216295725912884
3782,5.291625131227446
3783,3.7181544273991682
3784,4.112886396916507
3785,8.217681149304253
3786,2.091287725674057
3787,8.180200483427013
3788,4.716144411062009
3789,7.465123949352113
3790,7.7317679375788035
3791,5.0631918620605605
3792,8.94234613150277
3793,4.28388473095205
3794,4.919673474780635
3795,4.515265944257912
3796,3.992461254107065
3797,6.385342887874173
3798,3.606975501927698
3799,6.164717740206246
3800,5.437682997800693
3801,8.658696051873525
3802,3.943694523163856
3803,1.4845258731678759
3804,9.042496053303795
3805,2.05751963160115
3806,8.014544731032547
3807,3.0602865022998866
3808,4.059373705158439
3809,9.057645190058189
3810,4.828448037565339
3811,7.192179231770122
3812,6.54263327769912
3813,6.845835283358069
3814,4.71984618637703
3815,6.776509533453443
3816,5.187478117866449
3817,6.241336976393718
3818,4.7093761109068435
3819,5.874303815428639
3820,8.45144516541262
3821,4.253206740759739
3822,7.982225473967752
3823,7.283032709394228
3824,8.54044134885309
3825,7.804943692349594
3826,4.438158228571934
3827,9.34941401797348
3828,6.260850376007357
3829,5.8027132270134825
3830,6.481990486959817
3831,9.079304761222172
3832,7.579773111394687
3833,5.292081203206534
3834,5.918433930947041
3835,8.7306313087618
3836,5.767556190465299
3837,3.696152086031139
3838,6.655159722377368
3839,3.7915986640281085
3840,8.744148462877215
3841,7.222400922364691
3842,5.691598113260068
3843,5.247966591100289
3844,4.68332383221791
3845,8.749944259078667
3846,2.9526116845759223
3847,5.886029628813681
3848,6.582306217068298
3849,3.7604127705311257
3850,9.09182059362353
3851,3.1846288285737123
3852,4.662409619130612
3853,6.060627968797341
3854,3.3248860360329364
3855,4.320799292753152
3856,5.787747355309793
3857,7.1364614569128415
3858,9.368086559193502
3859,3.4323295045755704
3860,5.654396874069073
3861,6.778724106057172
3862,2.3485285343402325
3863,4.670687513060187
3864,7.993357676752754
3865,6.062044012088173
3866,5.508718758501409
3867,6.449073920354927
3868,4.173055803273042
3869,6.354317945643452
3870,7.022616451729474
3871,6.200955047735121
3872,6.04135726072137
3873,5.4997138487777955
3874,7.2187746298188715
3875,6.131568576841864
3876,7.9409709139453755
3877,6.861810094488726
3878,6.941559131154654
3879,2.013038542652003
3880,7.100227706506619
3881,5.225612135261671
3882,7.095226217824518
3883,8.270943526450683
3884,8.144339650802106
3885,4.155594592903324
3886,1.9185731348372346
3887,2.365948348553036
3888,7.776782359360279
3889,6.608528306462696
3890,9.24303725618896
3891,6.908148491340607
3892,3.058037595373367
3893,3.057993821192621
3894,7.508335525155952
3895,5.84859503391512
3896,5.326711025783487
3897,3.3695953947581114
3898,6.630782417019278
3899,2.277801608185201
3900,5.094683447210521
3901,7.044001642899966
3902,8.387218442885032
3903,8.72375123197623
3904,5.9211258557592
3905,7.295987419982757
3906,1.359024518899029
3907,8.577982025441532
3908,3.7184851818126994
3909,1.1975710831000512
3910,7.272675664317957
3911,6.894885609946479
3912,4.021802663915746
3913,5.025744609210745
3914,5.152324140668624
3915,6.132030030333606
3916,9.220450737151637
3917,1.9087051543356073
3918,6.208876993215433
3919,6.245793147850335
3920,0.4783880411418564
3921,6.3015036684450525
3922,3.2274606835474025
3923,7.022094239938662
3924,5.665257550978321
3925,7.955765056568673
3926,6.543604289510824
3927,2.954957325854588
3928,6.684464385402679
3929,2.2712449497558262
3930,6.201106594247028
3931,4.312502629124118
3932,3.4806092232740737
3933,5.66824426295684
3934,1.5341060876774848
3935,4.633720957915552
3936,7.5139113015522625
3937,4.9568671370464745
3938,4.651519605872926
3939,4.814200751390386
3940,7.281435170761103
3941,3.3695102687780305
3942,3.898863935512834
3943,6.422686580506907
3944,5.052962424474064
3945,4.236951236063939
3946,5.788852497172508
3947,8.176865569299549
3948,8.427287627944644
3949,3.6040104739365018
3950,2.2152993139703914
3951,5.97442320283403
3952,3.4819305784461574
3953,6.774724988856669
3954,6.080760868110726
3955,7.436838776618137
3956,5.564820648243336
3957,5.544602770899598
3958,4.676878902495413
3959,8.107836911388135
3960,7.465034502780805
3961,3.7685238675389243
3962,7.376440540830369
3963,4.391943242035092
3964,3.792442107673166
3965,6.595273052139287
3966,5.63296069221065
3967,5.240108560656167
3968,6.904271533209994
3969,1.4567468278882023
3970,9.125431600135279
3971,8.63559826157337
3972,6.227526001127775
3973,3.807996520836049
3974,9.139833151276331
3975,4.793870865017581
3976,8.542764373448536
3977,6.420182061965333
3978,3.0699225739431464
3979,7.057976030329988
3980,5.4507120832318225
3981,7.665508079720618
3982,9.851404258221566
3983,6.628835390195377
3984,3.257503904211416
3985,9.591953325121587
3986,5.183544581460989
3987,5.275492178744224
3988,6.9155702938137225
3989,7.433010194775829
3990,5.874933868928822
3991,2.0917816664039153
3992,5.671498916106755
3993,7.857952007248261
3994,4.130405093009157
3995,3.9137985908937347
3996,8.655672350854063
3997,7.823469044418603
3998,5.65326140584428
3999,5.4288771593718135
4000,5.119055548448111
4001,5.857991868717104
4002,3.9609751417105556
4003,4.636769066620369
4004,5.4084692582761935
4005,5.3930087906720585
4006,7.057674845274686
4007,4.9374271334703606
4008,8.699922590305158
4009,7.232353576749037
4010,5.709805706329149
4011,6.908444209944367
4012,2.267223273954415
4013,3.108025218993659
4014,3.5887983952877076
4015,4.967654356485659
4016,4.20026076231775
4017,3.2228544410012074
4018,6.510068747520277
4019,5.625849912736034
4020,9.1682242118348
4021,2.204356681103768
4022,8.34811460169013
4023,5.550802194672998
4024,6.54770536963963
4025,2.22720616286165
4026,7.391715704186902
4027,8.17666461228997
4028,6.167396787386627
4029,7.338415581323472
4030,6.172478238199469
4031,7.924377044990388
4032,5.057347972755451
4033,9.022482348970334
4034,6.546717901144774
4035,6.289849914214441
4036,9.65070290930824
4037,6.654065736991818
4038,5.319094704801386
4039,4.658331518742547
4040,3.260613510258418
4041,8.167950049827366
4042,7.247096896237015
4043,8.08302675228874
4044,6.777088120267154
4045,7.960159553705622
4046,5.076111309126979
4047,3.305909787937238
4048,7.164413666428127
4049,4.053467653392391
4050,4.981495300096771
4051,2.177334861106682
4052,4.150206625331563
4053,6.045297101787342
4054,7.851064879072405
4055,4.190736084694047
4056,6.633348498329043
4057,7.674734018013777
4058,8.52694791835884
4059,6.705544421090126
4060,8.122755507902946
4061,6.572106558981721
4062,3.082179847184629
4063,7.655727710208334
4064,6.185154054416211
4065,2.467413144406385
4066,6.513441781775224
4067,5.39714475191092
4068,4.8772919873128
4069,7.616880273383474
4070,7.206433711263495
4071,3.0901569226101366
4072,7.391196667945637
4073,7.998350202066982
4074,6.162751900975114
4075,6.557769215431666
4076,3.9042722985534253
4077,5.795651197739385
4078,6.58654254408998
4079,6.590824507233247
4080,2.468997671329846
4081,5.522223783915045
4082,5.283153905057464
4083,2.060962813693288
4084,7.009301149352757
4085,6.195621084524247
4086,7.908130263852639
4087,5.4180642030232375
4088,5.8695091497818535
4089,4.005937327292793
4090,5.021909139935389
4091,7.804376554371839
4092,8.001397521347407
4093,4.48177968219789
4094,8.447833995094758
4095,7.102102383560049
4096,7.3546258091401855
4097,4.483966701248387
4098,7.42102531573665
4099,5.072028608721588
4100,1.2533579675318287
4101,7.317913651829701
4102,7.303212230480311
4103,5.239420617173049
4104,3.224353160689493
4105,5.883493962585141
4106,7.455723569640292
4107,5.052468073799281
4108,6.049834982858018
4109,5.886241569986717
4110,5.553283860752368
4111,4.96575662613685
4112,9.112354332214586
4113,4.266707609687543
4114,6.917924020967427
4115,5.833685116815288
4116,9.178783143774854
4117,6.3843986358316
4118,1.703084766078621
4119,6.316660046092545
4120,5.8259018534334945
4121,4.376270471870902
4122,7.915421704266086
4123,5.48151439796277
4124,8.258979347219396
4125,4.902906733113341
4126,5.290629668351785
4127,4.150764651421798
4128,3.9132601448124635
4129,4.352668824176732
4130,3.642850629529813
4131,6.407280265491025
4132,7.576368046074993
4133,4.896031468587154
4134,2.64851138808197
4135,6.140720426839597
4136,6.018581902113811
4137,5.0657042924588085
4138,1.8610932777845548
4139,7.13804592873705
4140,3.9337405497608176
4141,7.769904800379013
4142,3.647657947450791
4143,7.937792913339335
4144,4.424522089606753
4145,5.278821711495851
4146,6.138202505698017
4147,4.739301618999329
4148,5.866685934825966
4149,7.082305153664655
4150,3.3033293270444544
4151,8.72284424089436
4152,2.479995633155216
4153,7.520062738940504
4154,7.514809007390819
4155,8.11541144783258
4156,2.7288097052387568
4157,6.279877143272362
4158,4.346956114821948
4159,4.4258782910388215
4160,5.797298000418895
4161,6.82180728416324
4162,4.932911916859273
4163,5.65130992231631
4164,6.327680104503524
4165,3.0796894884217307
4166,1.450217579885006
4167,6.501644452707064
4168,5.041226534459739
4169,5.078454192099905
4170,3.1331088482189644
4171,2.835160953612168
4172,5.2058313626455
4173,7.818904613455424
4174,6.703526230913328
4175,7.295850523976133
4176,5.256449667553108
4177,6.566892604464588
4178,3.299838785734867
4179,7.50510896097528
4180,6.961957232791036
4181,3.9175289414785204
4182,7.780754822087311
4183,4.991011711710937
4184,5.464681709976056
4185,5.3816540357127245
4186,6.604651367185481
4187,8.47017387956657
4188,6.882602372323433
4189,7.843663033456959
4190,4.587039564120506
4191,7.153799310126774
4192,6.904419166566244
4193,5.21645028876155
4194,3.1638906823715827
4195,8.339334631748983
4196,7.091815017097731
4197,3.1290808201965734
4198,3.7960116541420024
4199,9.38577467838608
4200,6.34188067428763
4201,8.572438366218046
4202,7.419665538110676
4203,5.695090308582606
4204,7.574882550332809
4205,3.5324352318838255
4206,5.608488584138879
4207,7.331225692150609
4208,2.759425058038735
4209,5.691138631959129
4210,5.144826334375574
4211,4.7688239446920395
4212,7.4999635627242505
4213,4.538649038656082
4214,6.376689257798966
4215,5.741316393569251
4216,6.237555802733794
4217,6.818055925387228
4218,5.361074824799082
4219,5.733158073300482
4220,5.68756147837496
4221,6.600206974950688
4222,5.042921781433646
4223,7.53306293164867
4224,4.343199961394884
4225,4.524753540503398
4226,7.346947246074052
4227,4.022319581448223
4228,1.3681931836444967
4229,3.4119104188768614
4230,5.344622404448102
4231,4.910442313098326
4232,6.398057076575473
4233,3.5598984274731826
4234,7.045327476029977
4235,6.1431231647624225
4236,7.479831152792332
4237,6.957292550273882
4238,5.861304823808213
4239,7.826152052296004
4240,8.30413454024778
4241,7.328415333394203
4242,7.50090326443351
4243,6.438112783682905
4244,6.496013637413743
4245,6.78407688169022
4246,5.818699500726983
4247,7.944978203313901
4248,3.6715381700614973
4249,7.839376485919065
4250,3.5175383041171475
4251,2.193296606045064
4252,7.466224853657767
4253,3.947086391340728
4254,5.180538190976255
4255,4.509775342849416
4256,5.8929686331692865
4257,5.073781481569178
4258,8.519577591759493
4259,9.128735973840584
4260,7.164597951197148
4261,1.9213878731389018
4262,5.062642052501664
4263,5.610805629654838
4264,3.253255655992296
4265,4.576813878556981
4266,7.023674818419415
4267,4.283159739239899
4268,7.1493224238110304
4269,4.842269638997667
4270,3.471563075168624
4271,8.684886904686165
4272,6.968487685172182
4273,4.160992678902748
4274,3.936780325041934
4275,6.352396721181249
4276,5.649864277198991
4277,7.028908483245768
4278,6.748422600668642
4279,3.2942031100291036
4280,8.329918180207478
4281,8.532098559495694
4282,5.279851630805911
4283,4.838631109373651
4284,6.927512086492902
4285,6.376422325899989
4286,5.070871367463443
4287,4.40154409642927
4288,6.060712126918033
4289,6.39947984722843
4290,9.244303887063186
4291,5.979674681343936
4292,9.069053057706988
4293,5.476258480962583
4294,7.461552042258649
4295,4.64330989524135
4296,5.355078176627316
4297,2.7629057158984107
4298,2.1147052069846293
4299,3.592393254398913
4300,7.5751745774402135
4301,5.538254847925073
4302,8.261180725865504
4303,6.213485607022431
4304,4.613379064414025
4305,7.343369105096002
4306,8.282820585180525
4307,6.814134254860759
4308,6.538550033414364
4309,4.978446120100937
4310,8.338611079865395
4311,6.949618117306561
4312,7.886211122739038
4313,6.227738403251154
4314,7.887098790553069
4315,4.7217427379377925
4316,6.192981568948673
4317,7.119060989612674
4318,5.945103045761598
4319,4.423452118778911
4320,6.208722364464497
4321,3.474477399657158
4322,8.325333416336935
4323,6.466006851439436
4324,3.9908758243366433
4325,8.517170619939325
4326,4.636672506414478
4327,5.794853740589865
4328,6.568456041572519
4329,5.206826380407554
4330,4.743600783421673
4331,2.245515179556606
4332,3.5939820342702613
4333,4.02946602300616
4334,7.041603635469711
4335,5.425226289525785
4336,5.17297399167714
4337,4.923135181631622
4338,6.755060792892552
4339,4.045048496389632
4340,6.303097987110109
4341,3.374219713614732
4342,2.8693067420957803
4343,3.253581987678635
4344,5.498663829792435
4345,3.4905443851942537
4346,4.105014967094894
4347,5.737896876856106
4348,6.652255055488542
4349,6.972589303899145
4350,8.384649843242007
4351,8.710207792410818
4352,7.524650886004496
4353,5.7215262689691535
4354,4.481234218582073
4355,5.919765838359298
4356,5.491454666555907
4357,6.463680891248959
4358,6.090016626955871
4359,6.3399013230603
4360,5.884226748850132
4361,6.586437301652453
4362,8.429834193634267
4363,3.2100399568253892
4364,7.515601534720298
4365,8.703234682027105
4366,8.116051882562447
4367,4.348741988649469
4368,9.574422783908973
4369,3.3270373217067313
4370,4.9676265163485755
4371,3.3292624048141715
4372,2.8272868850994906
4373,8.895283744451756
4374,5.140181210935417
4375,6.479047646264535
4376,3.2745260578545476
4377,7.023144699109912
4378,6.671185358180985
4379,6.266857338541267
4380,5.438750349576812
4381,6.776917302677518
4382,5.993885288926337
4383,5.3439103496191755
4384,8.160057187917126
4385,6.742573552639341
4386,9.681576548110517
4387,6.035220044710812
4388,7.085902052330474
4389,9.105822558248896
4390,4.068913568244202
4391,5.433722661346735
4392,9.282246740631331
4393,5.602277642624767
4394,9.285345938921282
4395,7.234916658854819
4396,4.743316757285733
4397,2.6166345229013275
4398,9.456375857896575
4399,6.776019746484753
4400,5.366591572708656
4401,3.6676296151150076
4402,7.01644314835635
4403,4.549986084845041
4404,9.271433066634286
4405,8.159965899016086
4406,2.295808516559121
4407,7.448340393894147
4408,3.6294772258619936
4409,7.097046797560695
4410,4.941592302823608
4411,3.2116746479221567
4412,4.497238617987575
4413,1.546196098504356
4414,5.27227652918177
4415,3.9764285790544465
4416,5.142078521815318
4417,5.461711325412924
4418,5.138470740135843
4419,4.229155270517001
4420,4.530762731170046
4421,7.380765258517782
4422,6.387538063594832
4423,7.0274660912374864
4424,4.613219071632759
4425,5.7056531201354
4426,8.619331900109993
4427,4.189874732895887
4428,5.063901567501696
4429,6.485853664637628
4430,5.19229554721507
4431,3.8576967213299342
4432,3.336173853405957
4433,8.308517779394748
4434,4.576306830974103
4435,6.313182498256307
4436,5.81000487421844
4437,2.2740877347008324
4438,6.390247937870653
4439,6.147989338072942
4440,8.182880029244778
4441,9.186892732470358
4442,5.98461875534559
4443,9.046662838793598
4444,7.122745468814769
4445,3.98391847258788
4446,4.759493550381757
4447,5.691782550516939
4448,5.686437888798718
4449,4.945990059753608
4450,3.7465897156616728
4451,7.106875694767614
4452,5.45971700084986
4453,6.061449823051688
4454,4.157430157759853
4455,6.276269586639923
4456,8.344874107922417
4457,7.002215894377722
4458,4.680429510545654
4459,9.295610711171822
4460,7.806817470266763
4461,7.134493713248834
4462,3.537768052743425
4463,2.536892423957536
4464,5.843061673544145
4465,4.625492287221368
4466,8.084149827974189
4467,4.368607841181544
4468,6.753955590849905
4469,8.714367552300256
4470,6.165815806601812
4471,7.74981882040056
4472,3.67629453455815
4473,1.7119669341704729
4474,4.756236346020819
4475,4.75313780275719
4476,5.70861745271035
4477,4.042020800489796
4478,3.997024499938675
4479,7.21081271969806
4480,4.51426971542095
4481,6.7104136538401065
4482,5.835203252174265
4483,5.459301141924051
4484,7.527019518781101
4485,6.791657673838822
4486,4.668937748786209
4487,9.64783867782958
4488,5.308312264680225
4489,6.352202744822771
4490,5.5233462774426485
4491,5.550441783405304
4492,9.378790996488211
4493,5.144779463464496
4494,8.411994524313819
4495,2.622346810855428
4496,4.602193556137688
4497,4.573686719632898
4498,3.152331029549442
4499,3.9371892416153322
4500,6.030227460574053
4501,5.778652707854993
4502,2.1105190125669653
4503,1.8108419200335408
4504,4.420105719888312
4505,7.569783409396906
4506,3.260722233160333
4507,8.561919044680915
4508,9.099781524071192
4509,6.112011146047431
4510,4.463941489374789
4511,7.333182994419547
4512,7.32761221322309
4513,7.180912401602468
4514,8.91629455440119
4515,8.274760960922325
4516,4.328211363479502
4517,6.559213694656863
4518,6.612536882573
4519,1.2658002141044686
4520,6.91265083725599
4521,5.169767329187319
4522,4.698178437188141
4523,6.7690629988003685
4524,4.622078810781612
4525,6.8651941091078115
4526,6.75495302602164
4527,7.870076644302966
4528,7.31526381308376
4529,6.80044737720664
4530,7.134310282187263
4531,5.2184602397010105
4532,2.9707220328489794
4533,9.551940799673043
4534,9.507576774185615
4535,5.732635034312244
4536,7.541573932670717
4537,8.288658520959467
4538,5.576037548639888
4539,7.190220519723421
4540,3.1203796409069837
4541,4.501826232941075
4542,4.171264448681676
4543,3.972680009185118
4544,6.266768799003067
4545,6.174777007090631
4546,5.529828453215905
4547,5.133027375474638
4548,3.753647749540362
4549,8.881823460208881
4550,7.071094992708079
4551,5.136894700088687
4552,4.497123605796312
4553,7.871410079673302
4554,4.208513245873441
4555,9.753935628711774
4556,5.514654278453238
4557,8.356182965008456
4558,3.164755893690678
4559,7.941908703795497
4560,6.642710254264305
4561,7.387633388248681
4562,3.5164159585531527
4563,3.9535942022642807
4564,7.8902118855944945
4565,1.9192538385000804
4566,8.214764418961414
4567,5.424698935024142
4568,5.263707754461632
4569,5.99499888626518
4570,5.745396643620857
4571,3.9197552117920287
4572,6.727868258437393
4573,7.020203162081414
4574,6.28672720014629
4575,3.9780437175411194
4576,6.102360508138082
4577,4.467418632763414
4578,6.176215689702818
4579,7.3670440752633475
4580,8.442392025290033
4581,8.51197119220924
4582,7.867049451375545
4583,8.68896240925026
4584,3.741366380851506
4585,7.139053511465239
4586,7.585531656648173
4587,7.523892226521044
4588,8.14694997166744
4589,8.186248184094424
4590,6.156956288851568
4591,8.041028033242172
4592,7.139748755390405
4593,6.685655748429167
4594,6.111338260714887
4595,2.5533248084285587
4596,3.9392108978365927
4597,6.802890577621984
4598,7.5098906854484495
4599,3.418169010956563
4600,6.963349749131066
4601,6.0789709329399235
4602,5.431313118761931
4603,8.31839430052592
4604,5.415336684866043
4605,9.222104219663501
4606,6.375814939582866
4607,8.23987842972188
4608,6.87576798446573
4609,7.056682555807864
4610,4.165990600242955
4611,5.451287843191557
4612,3.45381149517414
4613,4.2169370425805015
4614,7.540190528809006
4615,6.593142419691964
4616,7.502025683936061
4617,7.833076522689574
4618,5.789972389158526
4619,6.572721306056988
4620,9.197899810672244
4621,6.840181535039358
4622,6.585933827633107
4623,3.721735016351556
4624,6.084551821403635
4625,2.721178441173511
4626,7.106709621587709
4627,8.92282955130614
4628,4.521903290476751
4629,4.5533583260453
4630,6.11754655204503
4631,5.422012103172371
4632,5.647927301904062
4633,8.235978849822803
4634,7.150203901300976
4635,5.430312144476057
4636,5.875771473593578
4637,6.201700279001089
4638,7.432711736929477
4639,5.1744208937381
4640,8.52129828387833
4641,6.603954664061637
4642,5.5766798801404605
4643,7.178424139501448
4644,4.699012537056447
4645,8.513476996174658
4646,6.402544370396411
4647,3.5353696176558045
4648,5.891759858616553
4649,7.5922515285007615
4650,5.616457909706689
4651,9.194544279252465
4652,5.743726688542582
4653,9.342961050987169
4654,6.515389565303746
4655,7.722877151523969
4656,6.886081651176615
4657,5.37809368236189
4658,3.797198636936491
4659,8.225915531878844
4660,6.800576576921526
4661,5.899818795259533
4662,1.648144796167734
4663,8.199801409830737
4664,6.4294799445502
4665,3.924237973743134
4666,7.105280987055442
4667,4.644658416930649
4668,8.16880579456074
4669,5.144672483336299
4670,4.782566347432946
4671,8.217749469980198
4672,4.415489604543129
4673,8.581218385603654
4674,8.746238924552436
4675,3.258672923367905
4676,8.025502427855475
4677,3.451052957410254
4678,6.126229084653265
4679,6.033636817558734
4680,6.324719907796107
4681,7.009921026035538
4682,2.0703848348900573
4683,7.742233670154658
4684,8.580207422393729
4685,5.70772361371312
4686,7.895426882220355
4687,3.951874077733136
4688,6.731394054573503
4689,9.780133287672683
4690,4.084177394300454
4691,7.334001710066665
4692,7.155577822008736
4693,7.951388609971886
4694,5.285041352422141
4695,5.348591153849952
4696,7.373418646429596
4697,4.426696581138768
4698,7.823668340648808
4699,6.92583511757835
4700,3.833650048319272
4701,4.948978523161433
4702,7.110461254307658
4703,4.944711603076396
4704,5.03991590856725
4705,3.4476340046271723
4706,3.205574269995365
4707,4.9941291364803035
4708,6.291501525380339
4709,4.432400442363688
4710,7.422578765410657
4711,5.233840796346471
4712,6.5314054491632945
4713,5.103021677241969
4714,5.76270492239925
4715,3.7457932636864584
4716,5.8733355880063005
4717,4.333377569811045
4718,5.65426051619911
4719,4.096786064435808
4720,7.495615213233167
4721,2.179157271616142
4722,4.82830070292865
4723,7.687122250886031
4724,5.775918831490861
4725,4.234171356236443
4726,5.4756316643266185
4727,4.288950740525783
4728,8.334467061859062
4729,2.4551229159727184
4730,6.750482525745523
4731,6.027126825214613
4732,5.7945555886216304
4733,8.558887686220245
4734,7.258731031975042
4735,8.142473702752513
4736,6.616467249200051
4737,5.8432402189549935
4738,9.092514757882551
4739,8.535194690821475
4740,5.651207782461788
4741,7.154466861527089
4742,5.786663425000661
4743,6.105285881314353
4744,6.0033660745064195
4745,5.785325876764947
4746,3.4359623662414265
4747,9.14515571297982
4748,4.923796111337214
4749,4.764798547839315
4750,7.853105554718866
4751,6.418181239761853
4752,7.088408484797382
4753,0.9611435316900571
4754,7.091565385380935
4755,6.703514681987588
4756,5.42934024805712
4757,8.078026057868954
4758,8.53964934873365
4759,4.84506123513955
4760,3.8238353300098975
4761,5.721067489765042
4762,6.507399674535371
4763,6.360060324220548
4764,4.966754507782801
4765,6.482472918334722
4766,6.52483903222543
4767,5.670874951403713
4768,5.112308544834208
4769,2.8880716838658493
4770,3.190954722881096
4771,5.707788117317134
4772,6.738610082795866
4773,5.805854065671919
4774,4.551089672121222
4775,7.0169976047912375
4776,6.4890331349286985
4777,6.843944626725497
4778,6.03176815166337
4779,9.226423061122388
4780,6.280410885471833
4781,4.522901794521757
4782,7.268036555008674
4783,1.9440214040453565
4784,5.080622925261006
4785,5.2848987026273395
4786,7.695897614339579
4787,6.253331824982067
4788,8.782902314111373
4789,6.345934044810725
4790,6.275391120418635
4791,7.963189759255799
4792,5.256394883184241
4793,6.4955145311896345
4794,6.20672813182397
4795,6.4569433549001305
4796,6.382309466399349
4797,2.848306738586368
4798,3.353845982336235
4799,6.130438656851134
4800,4.8588980078157995
4801,9.433773813982652
4802,7.369694473662434
4803,4.840293622328391
4804,6.419744055238567
4805,6.230649633040706
4806,6.3409060114133515
4807,4.704419714875712
4808,6.091091592801385
4809,5.958911763705657
4810,7.194197983322076
4811,2.696758780215161
4812,3.734791845162652
4813,7.209043730322218
4814,2.83902831523399
4815,6.40743557953734
4816,5.471741084222911
4817,6.503728996533187
4818,5.83163354365893
4819,5.13901833181018
4820,7.818027473766315
4821,6.152565952606131
4822,4.552351130506311
4823,6.602021800566181
4824,3.6895296812491263
4825,7.962724553187681
4826,7.334199785955353
4827,4.897002963753182
4828,7.903056044572541
4829,7.0639015561659235
4830,4.903593013131404
4831,4.904891117732925
4832,6.716388786401796
4833,5.925610850683357
4834,3.4191209326260754
4835,4.4715421451476205
4836,8.457091420323206
4837,5.1088779241286035
4838,5.549027594132941
4839,7.837293123955192
4840,5.608698610228462
4841,1.777210546185494
4842,6.922672285970142
4843,7.911179187739219
4844,7.258055740048109
4845,7.7168804576403485
4846,6.689963574219266
4847,5.343996590814184
4848,5.786646986715448
4849,3.3517019898776947
4850,1.7981661481947087
4851,7.58410301178157
4852,5.7546745007842635
4853,4.242700853003056
4854,7.1448830532089875
4855,5.321669725527933
4856,2.779059654671328
4857,6.447712838121138
4858,6.068381214727998
4859,6.524936728749127
4860,8.956722801103796
4861,5.730309643386118
4862,5.422995815754803
4863,4.461370848376991
4864,6.593413693971101
4865,7.639972862187041
4866,2.0720762077577772
4867,3.341699501729898
4868,6.202170642577071
4869,5.445288308250296
4870,7.36567335115101
4871,6.8929069489444466
4872,5.501341200159052
4873,4.6057039849443955
4874,5.046089540113072
4875,7.009143356618292
4876,9.045351648645456
4877,5.7706524828799175
4878,5.110980351732581
4879,5.814074659609252
4880,7.05022958950784
4881,8.710793611498326
4882,2.5541441420616304
4883,5.093146849095473
4884,5.748867261137622
4885,6.941915905712901
4886,4.473394780472075
4887,9.56766641909712
4888,8.478509302076738
4889,3.632965364821964
4890,3.7269650957726768
4891,5.693831001527405
4892,5.445054183055097
4893,4.9976458769800045
4894,5.397298863640971
4895,3.8633049697783086
4896,5.686556193656022
4897,8.087686713351339
4898,7.598489730590407
4899,7.231060342687272
4900,6.657480670498256
4901,5.181649758950591
4902,6.307314091313471
4903,5.240617467531007
4904,5.537763934930949
4905,5.820688866593683
4906,5.238859340794928
4907,8.40858846532893
4908,1.9575037520349747
4909,8.03477035522826
4910,8.169875270506118
4911,6.198793896972164
4912,5.841715848028312
4913,6.897314492533918
4914,7.4213113227123655
4915,4.980038927503795
4916,3.6815139024222057
4917,5.8728121581000226
4918,4.200111898978319
4919,7.465871670175551
4920,5.865125961488713
4921,6.7311113499718385
4922,5.009888418769272
4923,6.119416906342687
4924,7.915974404958066
4925,3.071378971865925
4926,3.2052122103110454
4927,6.215605308995418
4928,5.570151026902014
4929,4.577356990198217
4930,8.572831670348684
4931,5.383794757972542
4932,6.440178223067139
4933,8.15361986306203
4934,4.570502313637716
4935,7.813666883473528
4936,4.92581506041507
4937,6.702388712079333
4938,2.4957218364754032
4939,2.565922332119823
4940,6.030022940449125
4941,5.407309744529121
4942,4.572705465604685
4943,6.194115542231549
4944,8.941237800217115
4945,6.348727423668399
4946,5.493712715914642
4947,7.995929852072793
4948,1.345022172778516
4949,5.439352910995681
4950,2.811934868206829
4951,7.803976623675166
4952,5.269771686555796
4953,6.2856182325607595
4954,4.94077766727737
4955,5.2506477640561915
4956,6.643135198193623
4957,7.477556108303371
4958,7.117675505267693
4959,3.3787639075623845
4960,5.9117051785060575
4961,2.914880196724636
4962,7.864363546260356
4963,6.110930128998257
4964,5.037502527560996
4965,7.198738020289518
4966,7.377385091901891
4967,7.324072857903615
4968,2.580804537193466
4969,6.295040384446338
4970,7.25518409124654
4971,5.395891927641049
4972,4.838907719470397
4973,1.2483626599260427
4974,3.0797362843760667
4975,8.351674734375084
4976,3.1801783875331084
4977,8.008990507071097
4978,5.711403214516315
4979,3.0421728265802335
4980,5.859895058961909
4981,6.1212086687648215
4982,6.752785986303522
4983,3.765776110917471
4984,8.119506821333506
4985,5.433279932400951
4986,7.296405535506958
4987,3.9208447629328784
4988,3.1250089199521978
4989,7.10766731665815
4990,8.02951979996428
4991,6.217295109125988
4992,5.574944123783258
4993,8.202769593250547
4994,6.332846600823617
4995,7.023290364535219
4996,7.636856422257246
4997,4.632930429881996
4998,6.241080533959588
4999,7.289190685293353
5000,4.783400133818882
5001,3.6285866297871117
5002,5.089058767383042
5003,5.426829922682283
5004,5.935397616375598
5005,6.794984518644069
5006,4.930078647636912
5007,8.127418404384033
5008,3.6154186477707624
5009,6.349730051365025
5010,4.33177951576985
5011,7.203681816685048
5012,7.997842463155296
5013,3.594736006282839
5014,4.510832041311479
5015,6.210966114074576
5016,6.643826973843755
5017,4.7615716258570275
5018,6.2375037803500115
5019,8.098896134407886
5020,7.7320870618490165
5021,8.599083215364521
5022,5.6984467795897675
5023,4.8299489459051115
5024,6.900350966654812
5025,3.6930906751175026
5026,7.618541566011363
5027,6.122569901383457
5028,5.152017443623138
5029,4.500860291298852
5030,3.7729762555833375
5031,7.474623567907308
5032,8.901076095925447
5033,6.6909879192907615
5034,8.867246159276537
5035,3.4844705474875273
5036,5.742301140273431
5037,7.372434761205707
5038,9.911574018743865
5039,6.297305482819262
5040,6.048180312179852
5041,4.689046711684389
5042,7.728478302273521
5043,8.281497445095292
5044,5.3934624975031165
5045,6.3263115950746736
5046,3.927966306108431
5047,4.2011378303153855
5048,4.608150403559911
5049,8.933996353965442
5050,4.058949458975282
5051,4.018905639346623
5052,4.845496608887772
5053,7.35607379726826
5054,3.3462486706298007
5055,1.9950117225304291
5056,7.6469863228443336
5057,5.9225091004289725
5058,5.7223452287780034
5059,4.658369801424456
5060,5.622319866580616
5061,6.312219898532314
5062,7.098990473972562
5063,2.057796904536612
5064,8.831703698328667
5065,7.544385653178524
5066,5.801787909898228
5067,6.0244525436522895
5068,8.842890007470599
5069,4.4553557819858876
5070,8.692936698706765
5071,7.452869284231294
5072,7.111334163766773
5073,7.560203407897792
5074,5.013914694099831
5075,4.775556768236124
5076,5.813700179910076
5077,4.272116765252726
5078,6.221447963930701
5079,4.052781986960383
5080,7.413589512226102
5081,7.497332997974024
5082,3.914994696289477
5083,7.039987592843584
5084,3.976575104757033
5085,2.497509184065419
5086,5.652175066985371
5087,3.7773580170603838
5088,7.73534516661193
5089,5.804906435994508
5090,5.686914221277233
5091,6.192789226458896
5092,3.866875841211095
5093,8.380807299044395
5094,4.775187900736473
5095,5.205137601419828
5096,0.687324715584132
5097,4.499426805406355
5098,5.506451555386878
5099,8.585079602977137
5100,4.546469581513158
5101,6.250672621760769
5102,7.740751173005575
5103,5.710323909499682
5104,9.215506864748646
5105,2.4733251485793852
5106,6.325109592072447
5107,5.811271664255304
5108,4.782172449521238
5109,5.3393216858265555
5110,6.390509130774537
5111,4.717143150054436
5112,6.922847108356238
5113,6.318013245814659
5114,4.6220328886321465
5115,1.477669355486781
5116,8.922011488909954
5117,6.3107976922558
5118,4.698580567365714
5119,4.084420231978168
5120,6.409594004771322
5121,5.703412594161966
5122,7.396688985270589
5123,8.188069680544913
5124,7.060717561736206
5125,4.206093750038658
5126,4.035657144184361
5127,5.437499025449473
5128,5.590985723391056
5129,7.542106749965762
5130,6.09110108940515
5131,8.884662133858711
5132,4.4244539343316305
5133,7.750250050208372
5134,4.527499947690723
5135,2.844503822812534
5136,7.448032846311867
5137,6.299424838498182
5138,9.102896828031568
5139,6.18404100810092
5140,4.988272109665013
5141,-0.12101831027985531
5142,5.790286400884553
5143,4.283156182111976
5144,4.716135154552455
5145,6.957306067262334
5146,5.357350984794089
5147,5.190768579139781
5148,5.971005851994407
5149,3.2515521358520183
5150,5.376160969155924
5151,6.942093175230453
5152,8.482080829487089
5153,7.059073263688688
5154,6.032828426373446
5155,5.287661115400313
5156,5.154279044365962
5157,7.074919423490819
5158,4.146729020899625
5159,5.3390072478851875
5160,4.054563760095763
5161,3.856432087696301
5162,7.631651307457243
5163,4.462522390196125
5164,7.732193459374428
5165,8.080259833163666
5166,7.528921864452
5167,3.237053169606156
5168,9.703232344035296
5169,0.937254132288911
5170,6.186813934889537
5171,5.352808734882371
5172,5.800853159098669
5173,5.125888222219386
5174,5.698255043596291
5175,5.087140110147798
5176,8.881449976079397
5177,8.73537480321767
5178,8.034934934549762
5179,1.1911023252957904
5180,5.700344034329504
5181,1.0957074494344519
5182,6.655509518143859
5183,6.526360555499342
5184,7.330871829105472
5185,5.260068372822665
5186,4.967429818054693
5187,6.106819679367596
5188,5.010617422968717
5189,2.6650659126232226
5190,5.927487310361834
5191,5.830533587814459
5192,6.1360006540317045
5193,7.629904878151191
5194,5.394853644668531
5195,3.426100225683792
5196,4.356382846454792
5197,4.180635019622047
5198,4.246419147776354
5199,5.3702771930707405
5200,5.528976764493005
5201,6.045426530717535
5202,7.437009476297485
5203,3.141536350221868
5204,5.212196332531915
5205,8.946142350418103
5206,2.673671172412905
5207,6.896147604465735
5208,4.271375405078571
5209,3.4385101916490903
5210,7.207902354554291
5211,4.865303477729732
5212,7.476500587683903
5213,4.398039898017975
5214,6.974120366413066
5215,9.183534339759513
5216,8.387009844931232
5217,3.1992750099426006
5218,7.041236940425729
5219,6.436201575143904
5220,5.955283880017978
5221,6.501951015468471
5222,2.895370351529847
5223,6.395238019621403
5224,7.421057011240415
5225,6.896534502948594
5226,3.71583536611611
5227,4.95660254143643
5228,6.961919105764867
5229,6.338828200190056
5230,5.68538743480946
5231,6.346378082344899
5232,6.615275662536812
5233,3.6428853764242
5234,3.5705844859510765
5235,7.639972226191163
5236,5.350284284567583
5237,7.300385898609337
5238,6.936057355401161
5239,6.716417377748737
5240,4.739936653491452
5241,7.485935804707925
5242,8.601691509356678
5243,3.441703614338453
5244,5.9470533523029605
5245,5.285810656016434
5246,8.210232254655793
5247,7.913733695817878
5248,4.484810948915598
5249,8.578354436740005
5250,7.047561838389829
5251,6.55304015229154
5252,6.266235897031306
5253,7.203425819370825
5254,3.343310987836561
5255,5.500314043022918
5256,7.259675099164678
5257,2.9397115763631465
5258,7.377686284766733
5259,4.030981989471401
5260,4.174551450335395
5261,7.805556301394758
5262,4.352569679527977
5263,6.321998917130529
5264,6.589575982092872
5265,7.511173383754358
5266,6.239788332743933
5267,6.690964349617815
5268,6.331320652560072
5269,6.052741394739449
5270,10.215823488668697
5271,6.208294072946884
5272,6.675897461860119
5273,4.819228110602653
5274,4.789145137791809
5275,2.986454990054643
5276,4.972103532967208
5277,6.115117096592593
5278,7.488409496452671
5279,7.579291957216173
5280,4.741058340130415
5281,6.082746225095574
5282,7.947046318309358
5283,2.3788543698453957
5284,4.753981479625777
5285,6.090161996838451
5286,9.127150272188054
5287,8.506854676078198
5288,5.81022291916134
5289,5.894822044094303
5290,6.448199991392549
5291,5.458781652602447
5292,7.1098480588996225
5293,5.566684485071753
5294,5.507939679564777
5295,5.389429280987655
5296,5.795454721394362
5297,5.78591698793092
5298,6.271734855184848
5299,9.29230801008266
5300,2.2963207961992214
5301,7.476208405339938
5302,4.197565761957414
5303,3.3132941100938873
5304,3.733544920420402
5305,7.897578567982405
5306,4.409813084485333
5307,2.01100834663784
5308,7.804003208325289
5309,6.103988331647542
5310,5.297621084788175
5311,6.497643442473724
5312,6.448323487741732
5313,2.4576809965049375
5314,7.079839413732307
5315,5.261738140248329
5316,5.792883577699339
5317,3.844804210687867
5318,5.136280069668307
5319,3.9582472852906054
5320,8.461221075799752
5321,3.1977348032436304
5322,6.112273663030065
5323,4.837703386214953
5324,6.485666196620946
5325,5.53612003886529
5326,6.4012115952511035
5327,6.168104959673639
5328,5.361765569936809
5329,7.499903086928375
5330,1.6314135184600194
5331,7.851794700425645
5332,1.9753621721582213
5333,4.266447424769812
5334,4.741629837189659
5335,3.1049437408644986
5336,5.871175816617458
5337,4.414181378921741
5338,6.8796618760602115
5339,6.36386893217041
5340,7.536568507336922
5341,7.681128112609383
5342,2.5722590018395666
5343,7.592404021842682
5344,5.543916662968444
5345,5.592508352342913
5346,5.291588625093807
5347,3.522584451569867
5348,6.511548743440979
5349,6.668268386085858
5350,3.8303092866070907
5351,3.805967820053833
5352,6.416192139880925
5353,6.68641566228796
5354,6.595765826807244
5355,6.1841313485818254
5356,4.746970081434029
5357,2.5995325598006227
5358,9.064373279746885
5359,6.651838644357545
5360,7.0976576029509735
5361,6.5560469750251045
5362,7.24560146985797
5363,6.915411953921433
5364,8.741808601548168
5365,1.25824763163215
5366,7.017924323607131
5367,6.020756661147542
5368,5.166016536618114
5369,1.7437826112900177
5370,7.719935453942883
5371,8.073181888261288
5372,8.42189643268967
5373,1.9814207832561346
5374,4.942554175663997
5375,6.23258364644469
5376,8.546033193495326
5377,4.5000744309358485
5378,6.232617080650527
5379,7.268245676027121
5380,5.345966803168781
5381,5.395821529577991
5382,5.510161684936675
5383,6.6186124566626265
5384,4.531455445306135
5385,7.48941258015547
5386,4.346480262867399
5387,8.031624789546152
5388,3.868151985820039
5389,7.531299657505636
5390,7.116331750601644
5391,7.527515623686553
5392,6.0944843798697
5393,8.8603092663292
5394,6.325194407335208
5395,8.848569236657701
5396,3.3316843627200536
5397,1.6842733554642262
5398,7.023159797599219
5399,4.152902968920193
5400,3.417159032831882
5401,6.403391076155076
5402,8.280597098949762
5403,3.1040306969782545
5404,4.2882075096545815
5405,7.712645893137369
5406,6.516202571936171
5407,5.756761721111795
5408,5.4140649934242155
5409,6.862250428204398
5410,3.77806371193876
5411,9.912424042440364
5412,3.7045151194745083
5413,7.376494057987982
5414,8.202769084131512
5415,6.555789111313172
5416,6.571728210479079
5417,7.37802542291904
5418,4.172101734093462
5419,5.110217561283287
5420,7.392780180571151
5421,6.709129060346115
5422,3.9167881688539135
5423,5.170510127060599
5424,5.020712158297639
5425,4.536788808927476
5426,5.462860523268565
5427,2.649319275621008
5428,5.942881576588384
5429,8.550172043105325
5430,2.638462132544911
5431,6.110318396709485
5432,8.929312411890923
5433,3.025303056648801
5434,6.330306654847687
5435,6.623255666154855
5436,4.144520893908023
5437,4.664303071702806
5438,4.045650795713895
5439,5.850596974099086
5440,3.9638238209956453
5441,9.139634776019644
5442,7.759481899412027
5443,7.4914826436061634
5444,8.29028585871233
5445,5.996408768292631
5446,8.2427202277502
5447,3.9584428558479607
5448,7.612422059188212
5449,6.9584110093921
5450,3.289813692406661
5451,6.77179460306205
5452,9.85775592828423
5453,4.305647647851488
5454,4.9585941657070345
5455,3.4257307950215696
5456,4.3820608466057
5457,5.244210057880541
5458,6.979443805526083
5459,5.505509238217154
5460,4.076191750191818
5461,4.680935339717781
5462,7.203033046064819
5463,6.388025999426136
5464,6.677721674108232
5465,5.785648823819548
5466,5.102834661067982
5467,2.4351267587923204
5468,4.729862218690468
5469,6.473446440573407
5470,2.878958592114859
5471,8.805663818537742
5472,3.2965893908832893
5473,7.681441419833447
5474,5.781183782709303
5475,5.034158361611846
5476,6.064826583126183
5477,7.84070662893485
5478,5.690301068747455
5479,3.5909534673240993
5480,5.368261919583926
5481,8.631588935082046
5482,6.268677097035174
5483,4.745794329107102
5484,7.235139525692045
5485,7.462869002422398
5486,5.932004644863417
5487,7.5551337769479865
5488,4.263355596275496
5489,5.256016519750774
5490,1.9645575137252407
5491,8.817358482582602
5492,2.3933386051665453
5493,3.747214832731196
5494,8.041602549188433
5495,4.2414975341852115
5496,4.488655238933368
5497,8.373069141925477
5498,7.01151871299265
5499,7.481129957769802
5500,5.03990814518195
5501,6.437938256445403
5502,3.628515386523693
5503,7.628136319865341
5504,4.383376005260654
5505,7.231688324082779
5506,5.438208357271499
5507,6.452824426834472
5508,6.4017437398033445
5509,4.107667969966941
5510,8.671687923270794
5511,7.396649234893618
5512,7.078578081628484
5513,8.754346612691485
5514,5.614195054248476
5515,8.599604688564762
5516,4.707613926029281
5517,6.7381690265054415
5518,4.308362326111895
5519,8.617969590082522
5520,4.220705189112403
5521,7.676405263036239
5522,4.033927372329891
5523,6.937632533700011
5524,2.9484894615469326
5525,5.84713327553807
5526,6.53122418644549
5527,6.684135661915315
5528,6.297056901964065
5529,6.957213908670709
5530,3.8605228055886713
5531,6.093927834745058
5532,5.477563239143771
5533,6.586971358491699
5534,6.418558601572885
5535,7.394254928898603
5536,8.781273069278324
5537,7.017677779608072
5538,3.3586828980935373
5539,4.149222794522584
5540,3.065062487378647
5541,5.191978518166533
5542,4.911013945850151
5543,6.973518051767627
5544,5.526432073238886
5545,7.655632891397065
5546,3.940313609191354
5547,5.817278007644396
5548,5.732138035963033
5549,8.109360515504662
5550,5.506773250472109
5551,6.339371355515191
5552,8.484336839248172
5553,3.6217548226841294
5554,5.963123218634696
5555,9.202838301933706
5556,5.800312583730463
5557,6.712589350904657
5558,4.107041809624626
5559,5.468847871516033
5560,3.7816405248854528
5561,4.3432885535544195
5562,4.892801241092872
5563,6.74579720288875
5564,5.705923028752528
5565,4.435717031066412
5566,5.982262159624838
5567,3.7645026122313086
5568,8.21157436900786
5569,7.533489345299201
5570,3.426812002297315
5571,3.934772047694385
5572,5.688807712077933
5573,5.824248730354222
5574,2.518803907170148
5575,9.712612685005487
5576,6.852207878108615
5577,1.7262505299594988
5578,6.114785725148992
5579,9.444245990480063
5580,6.443216301210045
5581,5.8397678119500736
5582,7.226838348312888
5583,8.497826617452464
5584,8.179640157212386
5585,5.71170452841527
5586,4.522512476490908
5587,2.6139923798237525
5588,9.967299230546626
5589,7.079467682053103
5590,6.69500218239939
5591,4.9339911930144735
5592,4.010293235475244
5593,5.661085185104308
5594,6.630759511101044
5595,5.660214078775141
5596,3.864368474653375
5597,7.759531569083168
5598,8.347233983622901
5599,5.89721384625626
5600,4.872614150030341
5601,5.034319758141621
5602,3.6714965763013705
5603,5.187038409035282
5604,4.941094453078282
5605,7.074419711440264
5606,4.908356950542245
5607,3.4972079647994505
5608,8.354014566250603
5609,4.3221694012020215
5610,7.494952790328737
5611,5.062381298263523
5612,6.76940926255612
5613,6.00361850844601
5614,3.2941487760518675
5615,5.619493343715881
5616,6.995135105628136
5617,4.002522783738275
5618,4.293962370334918
5619,7.272253886241099
5620,7.840178954520111
5621,4.3861993307290685
5622,6.751322889202138
5623,2.496006551854967
5624,4.78843654121814
5625,5.521646036078985
5626,6.483554659333295
5627,3.54653430223565
5628,7.780459474468756
5629,7.582741801863392
5630,5.236629388552658
5631,2.8518855613690874
5632,5.2956570725808225
5633,5.802616126787999
5634,7.363856828656561
5635,5.715249828671238
5636,6.941332856464796
5637,9.363142294376942
5638,6.894687010287198
5639,5.571574350716764
5640,3.46478179310817
5641,4.211895650423568
5642,7.6569596277571135
5643,4.5336145702855095
5644,6.13687911658429
5645,1.5176362227323799
5646,3.625551650418393
5647,4.791560258221516
5648,5.131598829404647
5649,2.931693191845197
5650,6.02052301572757
5651,3.2306394726882375
5652,1.8937731127731747
5653,6.684497352907789
5654,7.21802050441968
5655,6.134389701961652
5656,8.489073310814746
5657,1.2402255298781655
5658,1.89467660550199
5659,5.335299609907723
5660,7.792022762333137
5661,3.7821186238500877
5662,7.927309361983299
5663,5.950690438022266
5664,6.0907704820590105
5665,6.864952811453109
5666,1.3722893197442252
5667,7.027931084839384
5668,2.231111034444795
5669,9.008775683434731
5670,4.240200650753817
5671,8.362063394599076
5672,5.519893536367478
5673,6.6317747527429844
5674,3.4961410347659507
5675,6.398324985696425
5676,7.335938450208355
5677,6.594770076072777
5678,7.098119540722374
5679,8.760631450245281
5680,6.862648445689678
5681,3.4040869252190666
5682,2.0376458922615166
5683,8.511902357318933
5684,7.130025036013516
5685,5.560748077034797
5686,7.520158644664688
5687,4.327069985506535
5688,6.497067180191381
5689,6.093381805481529
5690,6.718934171735622
5691,6.643608319938416
5692,8.231937256256563
5693,7.0152612998761565
5694,6.5327614480042575
5695,4.140306786149371
5696,6.987983186027998
5697,3.6863747371658393
5698,7.2382697400171505
5699,4.915124728898357
5700,6.953848752496508
5701,1.7019146014475046
5702,5.305286636740891
5703,4.6260712289629975
5704,5.8628622352381194
5705,6.237749845019499
5706,2.213777051119538
5707,7.110119149552847
5708,8.385598099249616
5709,6.946105278950401
5710,7.288203733360851
5711,6.251554184539811
5712,8.369611560939443
5713,6.526103085010653
5714,6.430241055028059
5715,6.635823838165522
5716,1.1928865541498752
5717,6.106421691346972
5718,2.7955145524108986
5719,6.425853562499085
5720,5.006050177992413
5721,3.9947878281334903
5722,8.62939225432624
5723,5.085386746807375
5724,4.161089739400656
5725,8.062327927088461
5726,5.130539948529273
5727,7.54227759650345
5728,5.268989641337836
5729,6.446802419905495
5730,2.6237739191005844
5731,4.373800842372603
5732,6.7670858449115965
5733,7.179899310414506
5734,7.534783168310776
5735,4.6781380068366625
5736,6.551578549907592
5737,5.508756376574169
5738,4.952433932044442
5739,4.168668853737251
5740,7.352932000448978
5741,2.96634977419306
5742,9.553630946268555
5743,5.6969906190143575
5744,4.988913056837375
5745,6.898148977086345
5746,6.270000321205075
5747,3.3784244351297525
5748,6.493614378991461
5749,4.842630990145381
5750,6.4461711372746935
5751,5.467182972631675
5752,2.8828501944882765
5753,7.480468197392786
5754,6.033019138473035
5755,6.779510871774914
5756,1.5126317592346499
5757,4.64101545251685
5758,6.52416644875387
5759,9.394200772248457
5760,5.134426404159353
5761,6.244116904407035
5762,3.7136352732270215
5763,3.605171974750806
5764,6.761811913301658
5765,6.51059713886947
5766,4.0593515039369565
5767,8.10117015252216
5768,3.325046905420271
5769,6.884303247688182
5770,0.3777303091474172
5771,4.911788699300574
5772,7.896654065714112
5773,4.693609899643284
5774,6.412667550753191
5775,5.615016888967881
5776,2.9344314647191925
5777,6.008954823763849
5778,4.662235568383084
5779,7.970457301492486
5780,5.5902883157549255
5781,6.240836583713712
5782,2.463982795683771
5783,2.6164043430387633
5784,4.704494564863152
5785,3.6057885004750396
5786,7.764180925466128
5787,7.5578264127683905
5788,7.693007510576212
5789,6.044119524804791
5790,8.52332151049075
5791,4.036010082194337
5792,5.503664419241071
5793,6.940762771873041
5794,3.6656691693010144
5795,8.869360381130107
5796,6.076768036237647
5797,9.63032449626178
5798,8.753820164965731
5799,3.9566030790160482
5800,6.423598762234613
5801,4.968637392854236
5802,6.043533761903227
5803,8.38026636218446
5804,4.302267098396806
5805,7.870711338095476
5806,5.751298097641536
5807,9.525216867285751
5808,7.390820741534355
5809,5.691347351702736
5810,7.224695036539844
5811,5.248667552263246
5812,6.37188481655301
5813,8.828971236494151
5814,5.180766445653337
5815,4.991346161859944
5816,6.685302307551397
5817,7.112056637289862
5818,6.144126891008889
5819,7.559606689856611
5820,7.857156144326651
5821,8.950264804259431
5822,5.823235883292263
5823,6.797539730346635
5824,6.880560648249781
5825,7.58902348579456
5826,9.334425568959237
5827,4.833107189899657
5828,8.672483280803748
5829,5.199629470205428
5830,3.0171814912353683
5831,5.615225882900713
5832,4.448033756085193
5833,4.597561276219114
5834,6.14369789343994
5835,3.181221691098765
5836,4.6536708315242645
5837,6.725769302908727
5838,6.495908716809478
5839,8.008941456237869
5840,5.064311254389587
5841,4.848099553426181
5842,7.690191462107876
5843,8.519111305240667
5844,8.548244978146863
5845,9.06136967295335
5846,3.4309330910288827
5847,4.848219238477317
5848,7.426236416276291
5849,6.1944396186592865
5850,4.596129492027665
5851,5.662347005571312
5852,5.487563048064478
5853,6.9600203917895325
5854,7.007849397505404
5855,4.401098515345545
5856,7.287254665369576
5857,6.346740346017564
5858,8.842530450675111
5859,8.310129622516731
5860,6.464335883310971
5861,5.501520343176086
5862,5.269535535365067
5863,5.48736397601935
5864,8.995779120707605
5865,6.329121363686264
5866,2.6163558165895497
5867,3.3805599032514215
5868,3.6679688308462177
5869,6.454531805016537
5870,2.2271939881843092
5871,5.644274979094566
5872,5.49783804746656
5873,7.19700887656505
5874,6.936597748984478
5875,6.713349818262786
5876,3.6586841526963
5877,6.517707779721266
5878,5.751417061448485
5879,3.4768929281170515
5880,6.40521084078329
5881,5.4962667818778765
5882,2.402885676751483
5883,4.772097041039618
5884,7.092296449508102
5885,4.567748413113792
5886,5.573457969078513
5887,7.733361723954114
5888,9.247664798628461
5889,6.140833823916459
5890,7.08418714855858
5891,4.913950328893184
5892,6.722705712153357
5893,8.251269377045157
5894,5.686582037963783
5895,7.9065837174688545
5896,6.060008609335878
5897,3.936282602766855
5898,7.172590575671581
5899,5.689960039940103
5900,6.64048482458732
5901,5.733394729401899
5902,4.508897727612937
5903,6.723027423196484
5904,8.756616341996196
5905,7.183237514400248
5906,1.3403492335854506
5907,5.529670638979011
5908,6.664839132791297
5909,4.1629572600626705
5910,2.63865246229087
5911,6.068866060184116
5912,5.645083989351634
5913,6.673135441353062
5914,4.414205202083744
5915,6.9074950655135074
5916,7.572978629675689
5917,8.479710872167473
5918,6.639189639792588
5919,4.130410320646224
5920,7.331919546464702
5921,6.545161094346569
5922,5.8296353481001555
5923,5.078491043406043
5924,9.754774293814286
5925,8.639286028675368
5926,6.379161300829247
5927,7.584621664580274
5928,4.170202276517461
5929,6.495160264805166
5930,6.591576344447951
5931,7.338295098930997
5932,8.09648196047771
5933,4.868255357671469
5934,7.9192745027781415
5935,3.896967937931802
5936,5.4917286132454715
5937,7.215378788837183
5938,4.955924888476675
5939,6.497711257353712
5940,7.620287720545619
5941,7.426333947637682
5942,3.8604905764271518
5943,6.046411030498893
5944,7.318383508964819
5945,8.760945697082583
5946,9.629131494076338
5947,4.746476619595869
5948,5.183120118056988
5949,4.607419165926735
5950,0.2743879835094829
5951,5.896386802302679
5952,4.040488071695982
5953,4.894446394670087
5954,7.5329815404774685
5955,7.334731792360603
5956,8.82001850403192
5957,7.989546817367529
5958,5.505126826968658
5959,5.882287760590408
5960,5.069713781398059
5961,7.9306290232328065
5962,5.074079251708402
5963,3.797819546980973
5964,4.288183622782825
5965,5.739932303307463
5966,6.48061934544849
5967,8.55659812907052
5968,3.0752500087810057
5969,4.958682604303577
5970,4.830866212765501
5971,5.441615745547381
5972,8.809961951116378
5973,6.298691162710547
5974,5.866364442975201
5975,8.132441156561788
5976,7.542945507277896
5977,8.862354683675619
5978,6.263861987225079
5979,9.270072658771548
5980,4.896978293814872
5981,6.959147757856388
5982,6.482252973740474
5983,7.898290843508279
5984,6.456592579069438
5985,7.564499359276361
5986,6.692301803676529
5987,4.9172081704720725
5988,5.498068660966148
5989,4.5329439664229305
5990,6.471400522160664
5991,9.06512178300653
5992,5.7543746918055
5993,7.6670514115181305
5994,4.119240575913986
5995,3.2044417055503143
5996,5.704740751335127
5997,5.849319514949574
5998,6.213647232057394
5999,5.354360573596706
6000,6.147022911926451
6001,7.623829091541904
6002,6.4085784671279615
6003,4.598618829285747
6004,4.9524299386112665
6005,6.043903993879604
6006,8.887495168782227
6007,8.548781037942508
6008,9.296336490344899
6009,5.1328964706643765
6010,7.327859871711619
6011,6.047310328948885
6012,1.1468573571660527
6013,4.1013385706434935
6014,5.710126536876939
6015,6.236024873495202
6016,8.384322358979434
6017,5.537751810446068
6018,8.586286675314362
6019,8.136516372676928
6020,4.177189303911618
6021,9.061712181197569
6022,6.728233721627911
6023,4.068884017229691
6024,4.567802709286382
6025,6.13572876095089
6026,8.265496843565252
6027,8.530639656921585
6028,3.6552590995248364
6029,7.592146867541349
6030,6.062814015228936
6031,7.469339593937073
6032,9.85821738016621
6033,6.6565591165990625
6034,4.914969933287992
6035,6.208267313466189
6036,8.702657775739587
6037,7.834903154308556
6038,6.466520296762884
6039,8.483363833184542
6040,3.669402587581927
6041,7.394184456419207
6042,7.341424774339638
6043,9.014646961346061
6044,8.118092933764679
6045,6.295348879867769
6046,6.571646832236016
6047,1.6326093209172117
6048,3.7083303594260713
6049,6.714873948925657
6050,8.311121156528543
6051,3.843830024696222
6052,4.890752429908821
6053,3.3407339955206843
6054,7.373783071806607
6055,5.052276785030907
6056,4.200662679701503
6057,5.123163933011087
6058,8.779209496445823
6059,4.350767357244392
6060,1.5083529776494966
6061,7.290797186275371
6062,7.629903999963614
6063,6.459418501792517
6064,5.497971950929316
6065,5.4570069305072515
6066,7.093859725161993
6067,3.654965828612649
6068,7.024106224222627
6069,2.225787255596103
6070,3.9594504706944926
6071,6.332232654881083
6072,5.4400091029738284
6073,4.138484062712985
6074,6.059064650634391
6075,3.127787026050302
6076,6.179586759908509
6077,4.4861089481018706
6078,6.537275143161376
6079,3.608840855138145
6080,3.5545452313651795
6081,8.487038592325195
6082,3.4567920303951496
6083,6.530102203148
6084,6.506772178807216
6085,5.310513995942302
6086,7.718747774487308
6087,5.321986786375216
6088,4.704010966043491
6089,5.7268306179887025
6090,5.4719945777284655
6091,5.1658904978887215
6092,6.373473749943415
6093,6.424189951042493
6094,7.435316518019234
6095,6.621234925186977
6096,7.809925927053547
6097,3.691412452701422
6098,7.569285741039262
6099,8.206551178372752
6100,4.690029858791673
6101,6.298712148598016
6102,5.865747865764483
6103,3.6382118823083016
6104,7.3915727306653585
6105,7.934533074465562
6106,6.7027428380644585
6107,6.909801263047346
6108,5.555288572058788
6109,9.031963578082394
6110,2.9023466002324723
6111,5.976128689108303
6112,4.974728683779898
6113,5.812194369105705
6114,5.019399057767798
6115,7.268061330961055
6116,5.007905199574412
6117,8.306963586340423
6118,7.871831875667274
6119,4.863587756331294
6120,4.347546074823575
6121,8.708141158878487
6122,3.59820975105178
6123,3.0500611082276268
6124,6.8251327055377
6125,9.704735210810934
6126,8.385762187022992
6127,8.57216302239248
6128,4.536124925536589
6129,3.4206787773836433
6130,4.9128944979648335
6131,6.68857696294878
6132,5.179799162693046
6133,6.350914085236413
6134,7.8224429553916615
6135,2.9696269177058094
6136,4.089130842681052
6137,4.567044580739075
6138,4.401690775695846
6139,5.149716360059098
6140,6.273956634483334
6141,4.5326421705369215
6142,5.64943615278623
6143,7.66232924310686
6144,5.7730117928246765
6145,5.21066617761596
6146,6.953426561672371
6147,6.829684898002588
6148,7.503082452170107
6149,4.908585767883928
6150,7.940061008638948
6151,2.850423541797757
6152,6.995950546380454
6153,5.776105226185392
6154,6.084979988990836
6155,9.360630851389473
6156,3.004214179234566
6157,6.369171227728964
6158,5.452883924526831
6159,6.187771769254763
6160,5.175378149018047
6161,5.580743621334042
6162,7.322935691038003
6163,6.295501528775327
6164,5.167748830354339
6165,3.3833103840401524
6166,6.467145510796186
6167,6.907638056007877
6168,5.848363449772815
6169,3.6403412292935773
6170,6.252899453042293
6171,4.320863907244259
6172,4.734074976087462
6173,5.232208245025399
6174,3.8296002960301427
6175,5.793762713921671
6176,7.748877972007559
6177,6.921561400955261
6178,7.734038052869326
6179,9.099635461728955
6180,7.55357785205726
6181,3.148247148186991
6182,5.092201678334032
6183,2.216053513252721
6184,4.1674723468331045
6185,3.908807222739701
6186,7.665603302259333
6187,4.171531370758636
6188,4.439097294126725
6189,9.676960608548338
6190,6.9420012685223496
6191,6.506555480705327
6192,6.148356394899399
6193,6.8399922911052755
6194,7.394538470483289
6195,2.2127415294013493
6196,4.672272340929149
6197,4.744816796201795
6198,4.692320519722666
6199,7.550945989842422
6200,7.87148954491456
6201,5.3769236493782095
6202,3.61094642304001
6203,4.341764961002896
6204,3.178061878848964
6205,7.604189451245085
6206,7.20247502536688
6207,3.9486480181883428
6208,7.646655079232746
6209,4.194167932651896
6210,4.910243113736357
6211,4.473225744620391
6212,6.044656160443822
6213,7.254681145142913
6214,5.934290705505472
6215,4.587791859762424
6216,7.706118912369923
6217,8.756406730866546
6218,4.418667538847551
6219,6.322571582388691
6220,3.7458411155286364
6221,5.777747305168935
6222,4.442966805536915
6223,5.831821921058617
6224,4.450258220599024
6225,6.350871964155605
6226,7.406826279232051
6227,4.786035351797275
6228,6.996524851145839
6229,5.515267808955212
6230,7.535039870615323
6231,5.7451381675298325
6232,5.998020212302328
6233,9.466204794629988
6234,7.90227610013336
6235,7.410183040041167
6236,5.187275158602613
6237,6.732699118677857
6238,8.843642718831177
6239,4.887351471796874
6240,7.165458897802926
6241,5.043644920539457
6242,5.897377707663044
6243,4.420776313178536
6244,6.336389904513016
6245,5.055952354154252
6246,8.035683871208377
6247,6.035085827423202
6248,9.00897184991491
6249,5.064461376427021
6250,2.776011092698888
6251,10.185782471888425
6252,3.7188503562135766
6253,6.598022728894833
6254,5.558544195888867
6255,6.955493363943201
6256,5.613711196965806
6257,5.985306037290373
6258,4.256227922897901
6259,3.1991299015775185
6260,3.0832470499768863
6261,6.0242303956724985
6262,8.588018208392462
6263,8.60793796305272
6264,5.87883787653967
6265,6.851337963651103
6266,2.5269297192421627
6267,4.680945809814162
6268,5.226965983972256
6269,6.487480552084912
6270,5.758287262025876
6271,4.142027167671269
6272,1.5706192701978448
6273,7.596170268769524
6274,4.261255976588677
6275,4.4715957145216585
6276,5.457615643224988
6277,4.856727489088883
6278,7.11137437783683
6279,7.0559495537037735
6280,6.784813254623706
6281,2.676236794301945
6282,4.701878286298041
6283,5.7661163557547255
6284,7.194412273774493
6285,8.118666429825993
6286,4.3856106309349645
6287,5.229512891240097
6288,9.41188805329094
6289,3.320213312420482
6290,6.322512837277443
6291,3.8512516406296533
6292,2.392982233695409
6293,6.130764031686314
6294,6.26389889882779
6295,5.885159113312472
6296,7.727765985261439
6297,6.625111911167577
6298,6.809554452945704
6299,4.23218803946126
6300,5.142071450121538
6301,4.657969254337179
6302,5.9087176905302305
6303,3.883217689989002
6304,3.43297949812112
6305,6.998934338346611
6306,6.201684603603125
6307,6.811276706117129
6308,4.845263834132509
6309,5.323195034262713
6310,5.232110396296982
6311,8.6296219639394
6312,6.980855705273292
6313,2.8832827340673957
6314,7.152071990227594
6315,4.916234764658926
6316,7.941791290007544
6317,9.384743505784924
6318,3.481288057859129
6319,3.9061714904582034
6320,5.424293580777784
6321,5.018939237881152
6322,7.747273866583157
6323,2.561346359191036
6324,3.8445988561050037
6325,7.156540802916234
6326,6.272201700050767
6327,4.52003366865438
6328,5.037289675127076
6329,9.020654333926302
6330,4.912137352246249
6331,7.063922749467247
6332,6.452855782182511
6333,8.002236934295466
6334,6.736701161819611
6335,5.999788996970307
6336,7.124799702364268
6337,3.1568776376851457
6338,7.617395763860818
6339,2.7562433376507594
6340,5.2246737463928365
6341,4.6470504716190195
6342,4.776236309303547
6343,6.880887113051744
6344,1.5858712918501514
6345,3.3612714926785827
6346,6.8015466567218645
6347,6.50896102957453
6348,5.442225169946169
6349,7.197388871674176
6350,6.8855769038764425
6351,7.91829749164156
6352,2.381958626405278
6353,7.0682801121638805
6354,9.232712413515172
6355,7.15921835218037
6356,5.449109935497486
6357,4.406307674281291
6358,6.167162938485456
6359,6.664980679995802
6360,7.751875433952535
6361,6.145848663006051
6362,9.358758151824059
6363,6.534236107581195
6364,5.865682559571393
6365,6.620440277340239
6366,7.949419496855438
6367,6.611609661190064
6368,7.598834933269134
6369,7.771378229343458
6370,4.216961169617841
6371,8.096202752895021
6372,3.830294340273513
6373,5.636842914496542
6374,9.000856779304957
6375,8.719774164802923
6376,4.700791174211908
6377,4.451598464508514
6378,3.5013297376918584
6379,8.850504338437098
6380,4.3267973002034745
6381,1.7081280224778719
6382,2.141161080767395
6383,7.040273504944432
6384,7.20252046500385
6385,8.096004421244071
6386,7.720296831407815
6387,5.690785139476311
6388,6.330529789247676
6389,5.971114794148828
6390,8.829831734507454
6391,7.27162582713391
6392,4.400458831886884
6393,4.422565598558579
6394,3.337384954710887
6395,6.052162338926294
6396,4.335132183376199
6397,4.795729157331941
6398,5.665421064562237
6399,5.212232975356088
6400,7.501542386222089
6401,7.067139611704286
6402,7.463130840377484
6403,8.186643254331136
6404,0.9130394360327749
6405,8.53027374299578
6406,7.075914804196261
6407,5.311238124628325
6408,7.61477374545792
6409,6.487134034580588
6410,5.839400454522092
6411,9.281301387740506
6412,4.1340067573715
6413,4.3779047629222045
6414,2.262831512620445
6415,4.343613963917353
6416,1.7691584177755635
6417,4.284354346396557
6418,6.235640601781582
6419,8.952695797359
6420,5.768217428956481
6421,9.580717459471167
6422,7.734818116645189
6423,6.3520205306116075
6424,9.517067140228985
6425,8.406474119675014
6426,4.853780592821325
6427,4.889191577326952
6428,6.35981816805597
6429,3.6206818169057398
6430,6.1803389016393595
6431,3.4473662913149528
6432,7.997906852484903
6433,2.9079580209961495
6434,7.43079693240173
6435,8.587385453797335
6436,4.507435028968848
6437,6.9496301233676405
6438,7.554836826946369
6439,6.169778782384354
6440,6.116063699772135
6441,6.424064218254113
6442,2.396968635020749
6443,4.4260404360460734
6444,7.707198300290283
6445,8.05969549647424
6446,9.782580915391884
6447,5.684355446815542
6448,4.7974728665414235
6449,5.175966831638972
6450,5.975879641088783
6451,9.000799354906853
6452,9.841059782224082
6453,3.9579380258213903
6454,7.068216617549546
6455,7.3935141606214
6456,5.7489789971817755
6457,8.449887730689188
6458,4.530436174349861
6459,2.9815708631121884
6460,6.55829551863138
6461,8.133944639926291
6462,7.779589263886834
6463,6.6170165695229475
6464,7.93027926053213
6465,8.545131269697366
6466,5.006147222888738
6467,7.225345263395586
6468,4.197948740699025
6469,7.1177729265693515
6470,8.564646633818993
6471,7.111209593755696
6472,4.860544301236104
6473,3.8593470699011387
6474,7.335730367439356
6475,5.095269632916409
6476,4.951472692274273
6477,8.435736361213664
6478,7.152854702460319
6479,8.276932032533152
6480,8.065733700352027
6481,6.317819712449814
6482,4.9828062647496285
6483,5.77309381263469
6484,5.804276887022877
6485,7.631542004579816
6486,5.0956160275144615
6487,3.9735572144269735
6488,9.978124692881842
6489,5.292510206519647
6490,2.5677078512965426
6491,4.712034661578953
6492,5.830203114909691
6493,3.0578440469927815
6494,4.664028400395569
6495,5.517640279609697
6496,8.07737818891931
6497,5.887649682192807
6498,5.9728705210238004
6499,5.835048717909391
6500,8.810200050982065
6501,2.5875350055900546
6502,2.392479349584115
6503,7.859879216996329
6504,9.243208669818115
6505,4.580652620542887
6506,3.885560824559836
6507,6.837010075520285
6508,5.521416947655025
6509,6.347319664734857
6510,6.849081879315554
6511,7.228512368429479
6512,6.935379236954961
6513,6.281659393344773
6514,4.7146910815802885
6515,3.828340741051515
6516,9.339378593076914
6517,6.316023711536749
6518,4.718862292358795
6519,6.1271155718561054
6520,7.799163267901936
6521,2.7714859898670654
6522,3.8575728871362074
6523,3.5424198252574337
6524,8.51809738341719
6525,7.920545776977383
6526,8.877369611934324
6527,4.266471402153672
6528,6.453906715705887
6529,4.121908740030982
6530,6.392295461845668
6531,7.440749060861399
6532,3.2221366721323186
6533,8.686355585129482
6534,6.021097489972918
6535,5.901080626887053
6536,6.671082953942197
6537,6.459475930299431
6538,5.012664933390443
6539,7.0585973386660115
6540,6.2760401941855335
6541,6.748738121961042
6542,4.485326766745616
6543,7.204331940348622
6544,6.958518814309946
6545,5.905424706147816
6546,8.252440734654817
6547,3.8835470659454807
6548,6.054325186764281
6549,3.5717578600396505
6550,6.682754252331952
6551,3.3938748048911407
6552,5.207221234230097
6553,6.774433067394417
6554,5.639268548088175
6555,2.2941776208449665
6556,7.264392514923888
6557,2.6653704481022507
6558,7.165685560625662
6559,6.826090394090049
6560,4.444163531943417
6561,6.351846089744902
6562,5.07523664953867
6563,5.74161593088524
6564,3.4448870664350677
6565,4.144256815142382
6566,9.142466362077911
6567,7.787355756431426
6568,7.392421315595998
6569,2.8555337393504154
6570,7.684756535795911
6571,7.49477564889907
6572,3.0532318149857343
6573,3.908059714034013
6574,8.155534962842024
6575,5.914371249427743
6576,4.434488189169551
6577,6.820206311968744
6578,7.7502842940273515
6579,4.505609123180916
6580,4.017765957220997
6581,4.077848670152123
6582,8.572733533103658
6583,8.724369770538171
6584,8.35733837142946
6585,8.63309044430494
6586,8.168775228510775
6587,6.513641567073602
6588,2.2898999930395907
6589,5.768862011741136
6590,5.920804400561819
6591,9.383023421012089
6592,7.585904643215734
6593,6.399416555324349
6594,6.003194004909853
6595,6.750746977733018
6596,6.260174065049763
6597,6.149844957152767
6598,6.936877992490271
6599,5.449909488904498
6600,8.443256270027407
6601,7.707533716301483
6602,4.050664698578256
6603,7.671715889244543
6604,6.753870165408987
6605,6.489544579857054
6606,7.551148314943484
6607,5.175624902680073
6608,6.733381090542478
6609,2.371378575277807
6610,0.3271444726237932
6611,7.060469702758269
6612,6.3037803921655895
6613,3.77099287967833
6614,2.7541712142620085
6615,6.50059807497689
6616,4.5455682016922125
6617,3.47799829435891
6618,7.606432226667695
6619,2.657495298535742
6620,2.0567531345155814
6621,5.156920734680122
6622,7.968071124493335
6623,6.628525152358322
6624,3.9665613149093413
6625,6.771196753372207
6626,3.484853422160769
6627,7.847195136404275
6628,4.518461287016723
6629,7.724795898240021
6630,5.96703882165893
6631,6.715424478399311
6632,5.901087281434375
6633,7.9776834429239605
6634,7.974715307963779
6635,7.536915549243492
6636,5.451525297772389
6637,1.953044037428901
6638,4.347981522999671
6639,5.533103323552302
6640,5.725377068157194
6641,6.7041264758187555
6642,6.43032984807523
6643,4.277593599670911
6644,5.7109282018642435
6645,7.58650639540319
6646,9.128826951760423
6647,2.6565353240987326
6648,3.5745708104841105
6649,5.530498560466558
6650,4.576018091951173
6651,5.335069622868755
6652,8.666381590920821
6653,5.954145997647027
6654,9.234102391413488
6655,6.3358294471821415
6656,7.161173274490702
6657,7.557482962513221
6658,8.09721326530598
6659,3.280516281336827
6660,3.6719787639659387
6661,7.2407111564732265
6662,9.356703402270242
6663,7.962162961581135
6664,6.737337725954712
6665,6.095929892256745
6666,8.670905931827043
6667,5.963532974404939
6668,6.279446098463651
6669,9.471848375499436
6670,6.42054521346221
6671,5.948376429829132
6672,4.980393189295187
6673,5.971179813829588
6674,7.326116552054307
6675,6.287216870245951
6676,7.21035586335373
6677,8.778245297098117
6678,7.1717289586687025
6679,7.196543325305319
6680,6.852593867579221
6681,5.136722710720189
6682,6.735012093805761
6683,7.134260421811787
6684,5.6631348083872695
6685,6.065904024616595
6686,6.462032056596942
6687,7.335686843238999
6688,6.04013923121109
6689,7.085685790863504
6690,6.686807569045562
6691,6.3323717803840225
6692,9.097511829953902
6693,4.113486163973382
6694,7.449477069002912
6695,6.606828036819708
6696,4.3213863013494125
6697,5.642213270119466
6698,5.813230313058085
6699,4.625798195236269
6700,4.350274914297044
6701,4.189451988727275
6702,8.928997108896846
6703,7.814138440387154
6704,6.768848278233239
6705,7.180189715327146
6706,9.425593836078567
6707,3.8420093767723706
6708,7.837768197449998
6709,3.4401618622991914
6710,7.00040033915735
6711,8.173416620775331
6712,7.674007797917316
6713,5.269533595588569
6714,5.7733935630340465
6715,4.448293893160487
6716,6.992039900903901
6717,5.462796683138448
6718,3.5853081955744437
6719,6.555475450641174
6720,6.024662821867156
6721,3.647154725198003
6722,4.358114192650288
6723,8.55985048971336
6724,8.258255417766904
6725,6.334147471040762
6726,2.009841273773884
6727,7.490630998091761
6728,3.0636588788538184
6729,5.419430183831919
6730,9.153943267053716
6731,3.814363187363546
6732,4.364217746027314
6733,7.2606139867158115
6734,7.937484458844381
6735,3.4041635804856436
6736,7.585252424092646
6737,4.790903270199465
6738,6.03597893041357
6739,5.993801875299409
6740,7.235257683430823
6741,7.2556084781168195
6742,9.116590331371272
6743,5.489316758125376
6744,9.012823659939011
6745,1.3831079705589457
6746,6.177856157106447
6747,7.912727223582677
6748,3.8896800371203986
6749,8.750061832118847
6750,4.849271152075824
6751,5.305214156485761
6752,9.096975325344978
6753,7.018941642331642
6754,7.174787677650775
6755,7.329865876348254
6756,5.224799544320647
6757,5.0460208355632306
6758,5.218557008315769
6759,2.1276360747991343
6760,7.442036324721373
6761,5.248313409168933
6762,5.774724135831007
6763,7.212191352103597
6764,3.7573141319080925
6765,4.120038345520669
6766,2.6725078293705162
6767,8.299319553711905
6768,6.578462730109459
6769,5.556194204287639
6770,5.758886082022232
6771,4.1122254036699815
6772,7.951140006388689
6773,1.2834664466336327
6774,4.586784930825725
6775,6.9072450543935
6776,3.044360605092966
6777,6.807779571676177
6778,7.0999123852125186
6779,5.663805639188562
6780,6.603167164904581
6781,5.592501244061508
6782,6.9582770292326295
6783,5.986504423788759
6784,4.871855410114867
6785,6.347340789487192
6786,6.173475562669603
6787,6.62905468242519
6788,5.8386430257519795
6789,2.5603839782514157
6790,5.171980734371338
6791,3.7228654282208873
6792,6.844778487899681
6793,6.12848755099905
6794,6.5435743422482
6795,4.701536533195402
6796,8.236926878790863
6797,5.664270130789125
6798,4.102651309140629
6799,9.015805247081941
6800,8.288034050748802
6801,6.02376149671208
6802,6.128250849973529
6803,8.52106623607855
6804,5.776334675259283
6805,4.898608468551666
6806,2.833258869990324
6807,3.1480314295666347
6808,5.197964072830659
6809,7.172757209703956
6810,4.685858965947595
6811,4.651002407379784
6812,6.088198110435382
6813,8.834512626878615
6814,6.457978040236075
6815,2.7746765827664808
6816,9.436732732421914
6817,3.6540115127501442
6818,7.176208799174898
6819,6.25144060031934
6820,6.490645026748534
6821,3.2325156446092005
6822,1.6621103835235036
6823,7.0389969087476825
6824,3.3939828678060042
6825,6.193097341150541
6826,7.446811994297535
6827,9.34488841440297
6828,5.498398007145308
6829,4.421074210823568
6830,6.093905478816397
6831,8.333386796492201
6832,2.356352178268007
6833,7.628315576436882
6834,4.638309353485001
6835,7.214996450376356
6836,7.426464267159161
6837,9.83610864974994
6838,4.341764608703553
6839,7.809648278120399
6840,4.8722158306094565
6841,5.914219912338637
6842,7.721590602685003
6843,1.9131265577221601
6844,5.449331915901167
6845,7.913644024136812
6846,6.451154691112189
6847,5.2782190756211715
6848,6.62359051873014
6849,4.0680813142166325
6850,5.274754222920219
6851,3.4156949912353785
6852,5.41831481701047
6853,5.521816798664013
6854,8.932290014396658
6855,5.506727501895262
6856,2.369059376839573
6857,8.858663028770465
6858,6.853390376039239
6859,7.7233808179744114
6860,4.159917251024161
6861,4.210616087148498
6862,7.947630821803292
6863,4.596404605485499
6864,3.742129590264824
6865,6.649993828397108
6866,3.3424581497742945
6867,8.812949913212869
6868,4.702674884994979
6869,7.619308251443106
6870,5.060325004624126
6871,6.217645588579739
6872,5.226181369113915
6873,3.359399223056598
6874,8.555897963473782
6875,4.5860039466183995
6876,7.324219907777987
6877,6.462579342839522
6878,4.484830910884372
6879,4.28466112934996
6880,7.583214601950024
6881,5.378650549604629
6882,5.967216949995509
6883,5.947295040068152
6884,8.586960358442582
6885,7.800665232239979
6886,3.72477669565922
6887,5.262747227184901
6888,4.805908424332043
6889,8.087819291037054
6890,3.6580047369350144
6891,6.477804164511759
6892,7.638342673542448
6893,5.418696313027092
6894,8.406480114614862
6895,7.652622038233439
6896,5.396183778493629
6897,4.006800359413919
6898,8.438488272288017
6899,7.058516415676119
6900,4.42007670535081
6901,9.691756940227517
6902,8.324043217336246
6903,6.869013743997046
6904,5.035331846298658
6905,5.859220144241489
6906,5.844883234614874
6907,4.373528678342545
6908,7.683448846226942
6909,8.148949120743785
6910,4.285734114184022
6911,4.863126876679097
6912,2.626799230559731
6913,7.531702503872134
6914,6.679626526693579
6915,6.943370445921906
6916,5.375929637848995
6917,6.347945987023464
6918,7.2420397232918585
6919,5.959725073468107
6920,2.0288681264290087
6921,5.182064594705554
6922,8.598958515007734
6923,7.658445711995149
6924,7.427054662465814
6925,6.268798078064522
6926,2.852947271906507
6927,6.289997713461582
6928,7.706972486511277
6929,7.37747698380635
6930,9.122405547270557
6931,5.362192164026479
6932,7.358721167759575
6933,6.266091243300572
6934,6.278949359493067
6935,9.519689878311056
6936,3.000698722427096
6937,8.73951676517259
6938,7.967912097124013
6939,8.272056548159755
6940,2.571174837963567
6941,6.4917496741000305
6942,4.021587020139396
6943,3.8885795115353945
6944,5.07867506871839
6945,4.27633211547823
6946,7.259478912199624
6947,4.708447995114094
6948,4.414027971081472
6949,2.9573503141098847
6950,4.9687787022656025
6951,4.526983157109327
6952,6.190822329581327
6953,2.479824508651041
6954,3.6781028510974334
6955,6.942142574662013
6956,6.558576126581768
6957,7.263971214238837
6958,5.833614630517957
6959,3.988741460040193
6960,4.315558879168345
6961,5.738051607907918
6962,8.322873383718035
6963,7.397692233212961
6964,3.801702535655727
6965,10.073569152062891
6966,5.295597139316659
6967,5.527327858490723
6968,2.8618013843641297
6969,5.769641161575946
6970,7.233375697165178
6971,7.187808181930082
6972,4.241538461386648
6973,3.321710887454497
6974,4.197426967779984
6975,6.290341143363997
6976,5.871497507460374
6977,6.165523948494308
6978,7.643042682146322
6979,8.560947758766728
6980,4.121115182574988
6981,3.177101553648715
6982,4.414268546886632
6983,5.17850749638519
6984,6.415191131142916
6985,7.891798590704205
6986,3.8560612637591056
6987,3.004097377839321
6988,8.935915602387322
6989,5.438174252230421
6990,3.7708832409089887
6991,3.3169400776087823
6992,6.727904073711635
6993,4.417870561378427
6994,5.7963520585360335
6995,5.0648181028005546
6996,3.055170731606865
6997,3.4698833187817124
6998,7.077274974863189
6999,8.149195049329727
7000,4.461256372946652
7001,8.160564000472997
7002,6.88602589483179
7003,4.274430317943823
7004,7.866519336754232
7005,5.688803715319495
7006,7.560390300369836
7007,6.3447177003439545
7008,8.258039499750785
7009,6.863356256658936
7010,6.642165168905927
7011,2.6470270028690965
7012,7.207835796517169
7013,9.322146385331196
7014,3.41319674763682
7015,4.471218962752694
7016,6.380280320347915
7017,2.6019888666215247
7018,7.8518680869993664
7019,5.676946277553992
7020,9.180851986315052
7021,4.190688939924071
7022,2.945005012692987
7023,6.317115524566225
7024,4.999348621512253
7025,2.926359622434513
7026,5.17185235240753
7027,8.214828592285214
7028,4.308351946039519
7029,7.7634741447117515
7030,7.365883338315891
7031,8.801324663541747
7032,4.103729407703537
7033,6.709059124166869
7034,7.141898435737152
7035,5.975450905237367
7036,7.518420912815944
7037,7.498671416794564
7038,8.475640748345722
7039,5.986936793376588
7040,8.833897381625679
7041,8.648679442380077
7042,4.82259359400149
7043,2.699511217360439
7044,6.100093060325837
7045,4.758440622436701
7046,9.252576481145512
7047,3.2586030755871693
7048,5.044189011317334
7049,7.8747958347797
7050,8.954253594783903
7051,5.766711248752269
7052,7.213024385461124
7053,4.4156688607902765
7054,5.100883995613463
7055,6.236268276323589
7056,4.285709962306896
7057,4.816320500718043
7058,7.091997312370446
7059,8.015544599708738
7060,5.642324736742967
7061,3.5063579318893137
7062,6.110861979893377
7063,7.903805127754124
7064,4.359923586377191
7065,7.086968471782607
7066,1.4885949664585936
7067,4.126831986914887
7068,7.282393663381097
7069,3.8837379743994966
7070,2.7790429325882147
7071,8.371068495752628
7072,7.4256208444250715
7073,5.030812296011542
7074,5.194365647710016
7075,8.712330614337343
7076,9.345677464997278
7077,8.226025517953252
7078,6.83348882353119
7079,8.332465664859676
7080,5.058004773111883
7081,6.4038105297062025
7082,7.406954878956174
7083,4.132705111473096
7084,7.023420898196398
7085,3.3690975487411574
7086,7.929567343591635
7087,6.4896174931577
7088,4.172282694329827
7089,6.8438440871358575
7090,9.531022211386524
7091,6.28641407345147
7092,4.647256165192087
7093,5.042462737240518
7094,9.117828041877097
7095,4.377910051791858
7096,4.7544910323788905
7097,8.34068298722967
7098,4.6853045207764294
7099,7.726057981234807
7100,7.147725246010543
7101,6.095445450368464
7102,8.164972225057575
7103,6.787802328608454
7104,7.661553449668976
7105,6.098719240951701
7106,3.241674936799939
7107,4.616984166525892
7108,7.384580557599474
7109,6.444221857746042
7110,4.094046190126404
7111,5.583737156609105
7112,3.995818097058361
7113,6.488968830594883
7114,6.1860815476026785
7115,8.329074481039402
7116,8.661758080669998
7117,4.859327148504777
7118,6.597530630134132
7119,7.641959173564409
7120,5.005664025131315
7121,5.283567876213673
7122,4.902239288674046
7123,4.680573794010495
7124,3.8523376442406088
7125,5.082294962479035
7126,7.804098049355982
7127,5.241502050370476
7128,7.20762595123897
7129,6.647508977944684
7130,7.328094221510288
7131,7.092290332624496
7132,6.8932319024518485
7133,7.416479401483551
7134,7.399835394358569
7135,6.5165541257062225
7136,4.2936916632954745
7137,6.148087429075879
7138,5.006635857724551
7139,4.410306286867814
7140,4.012395215394435
7141,9.605980374781169
7142,5.434535144080065
7143,5.232955945378389
7144,3.3493649518565176
7145,5.25352997688185
7146,4.596332316271551
7147,7.980152831280917
7148,5.514226362856854
7149,7.2630485556032145
7150,5.6674975560803915
7151,7.757866460565707
7152,6.366514937138025
7153,1.6661738803158137
7154,9.177530316471485
7155,6.806303282246292
7156,1.877991439832337
7157,4.605459745902335
7158,4.242893341269623
7159,5.445362205932404
7160,5.239949029671148
7161,6.777240383162383
7162,6.064452366061277
7163,6.452777454307965
7164,8.515614441085335
7165,8.686175472421358
7166,3.3531043567469268
7167,6.407325081701551
7168,4.350095439087848
7169,5.527747297502103
7170,6.678903455174464
7171,4.4716218432006745
7172,6.262525211542922
7173,7.793010255604245
7174,9.081365603772985
7175,4.148352086308746
7176,7.498831445203476
7177,3.793023922968489
7178,8.328469891988172
7179,6.441607298411689
7180,4.889272126494696
7181,6.616448092286631
7182,5.86290061933563
7183,7.41336263361518
7184,1.9856597408121408
7185,6.287271894812283
7186,7.359752353213407
7187,5.311195444922203
7188,2.390330498178873
7189,5.8170401229642295
7190,5.220142742959823
7191,2.8706943826966245
7192,8.508331495277407
7193,8.31038096860901
7194,3.4815352690479986
7195,7.258218386309709
7196,5.923310953891612
7197,6.908975538689334
7198,6.020788569250526
7199,8.171819827782627
7200,7.291103071227678
7201,5.618615668869875
7202,6.409517607183029
7203,6.122756492912711
7204,6.23283434375161
7205,3.0483498167308793
7206,6.769781812162517
7207,6.066431125300562
7208,6.29614677674568
7209,5.9707545400883335
7210,7.04758667689918
7211,5.516968306094175
7212,5.699529918146503
7213,5.618194509971398
7214,5.944930008103272
7215,5.231316240547833
7216,4.169573743547863
7217,7.281780003434188
7218,5.576708072144508
7219,8.046807573499402
7220,3.966584347349853
7221,7.3535422020397085
7222,4.610534974951641
7223,6.676522800731035
7224,5.943733949870594
7225,7.2293626788909595
7226,6.7010086207788655
7227,5.721126971138222
7228,3.6224378449109733
7229,8.479669616294338
7230,6.408293179182322
7231,2.999362254747676
7232,7.407162476860655
7233,8.326388975697375
7234,2.7650325046763355
7235,5.101520732463827
7236,8.007835076920246
7237,5.992534321604493
7238,8.877589887407005
7239,5.817735255882219
7240,3.5016895092918903
7241,3.9873758069465906
7242,8.460286031496654
7243,8.844369800125339
7244,3.0369421687614535
7245,3.754454717332927
7246,3.432433988159821
7247,4.213988145335357
7248,3.653886518940604
7249,5.71166097117467
7250,7.47739808470681
7251,6.306785664755237
7252,5.229603471754008
7253,7.6454429086875315
7254,7.801244692769023
7255,4.022240595661346
7256,6.759373482669124
7257,4.391469467668317
7258,3.082989216721559
7259,5.6776570250852885
7260,9.546945998070521
7261,5.664146236387163
7262,5.844303879161084
7263,4.632797634492267
7264,2.8989331506317586
7265,7.900859265351266
7266,4.377092171016352
7267,2.8078566202092046
7268,6.32409827117409
7269,4.814733708798798
7270,7.037295990477416
7271,3.9063708394400987
7272,7.229766938204664
7273,6.576112828653558
7274,5.153619098244904
7275,6.621331367877895
7276,5.9633910087621045
7277,5.295021667958299
7278,5.875788728862867
7279,6.168891142115026
7280,6.419130021700436
7281,8.77507672675484
7282,6.170141625927865
7283,5.433735800701035
7284,8.538830636936584
7285,7.536107163586494
7286,2.9019063326176022
7287,4.720634400378163
7288,5.925491065511607
7289,5.066029636505908
7290,6.708549881205627
7291,3.624809448115731
7292,5.497359744548417
7293,4.543113405312019
7294,5.11344405348275
7295,9.59492849574419
7296,8.023536897525908
7297,6.77115100477674
7298,5.398616101761691
7299,7.363146600493925
7300,4.533130936680899
7301,6.913212280052173
7302,5.380904995881752
7303,5.017523660253918
7304,8.264150654348299
7305,5.670070707376273
7306,5.137082885234965
7307,6.998681861664542
7308,4.898516558201752
7309,7.370287963939568
7310,2.0877376884227794
7311,7.229632449398446
7312,8.002391897387026
7313,6.300572605258911
7314,5.80943929580284
7315,5.744698026319701
7316,4.384760844105661
7317,7.421130292240392
7318,2.549596892169745
7319,7.410822393481885
7320,3.828085658209967
7321,4.768012696889263
7322,5.6230408045667115
7323,6.236867538073525
7324,4.704026089067089
7325,6.572650329074554
7326,5.949611454887517
7327,4.28748540562309
7328,7.115844716839816
7329,3.2952086678703223
7330,7.916303254056415
7331,3.9683721877134097
7332,7.460881246015926
7333,7.957540150692493
7334,5.728478868542127
7335,6.053999570875746
7336,6.092935036993187
7337,4.036838283120088
7338,4.528067187019936
7339,4.662451940588314
7340,5.629979435657418
7341,4.34226723933419
7342,4.7417655982233455
7343,7.929119989030527
7344,5.9049619778379325
7345,3.29372748966019
7346,7.757464373617855
7347,8.072779641273634
7348,7.368586125643153
7349,6.517865713903351
7350,4.751667609418763
7351,5.328383305713357
7352,6.281943846447495
7353,5.255750641689519
7354,6.9990934306678305
7355,7.759896272221804
7356,5.316039973432304
7357,8.776881410643124
7358,6.784839725221575
7359,6.193859341928478
7360,8.017575921269746
7361,9.138963464854701
7362,7.335918079399012
7363,3.529700864779398
7364,6.381792810490253
7365,6.381988766608866
7366,6.2361531289386125
7367,5.963998683243763
7368,3.6573628324997727
7369,8.313833809480032
7370,6.277102012958956
7371,8.863330177096458
7372,6.283009284911081
7373,8.580183927273458
7374,6.545851602265366
7375,4.018977425896295
7376,5.140487862432318
7377,5.67804112651875
7378,2.844283390186426
7379,9.332902477980468
7380,6.782143466959194
7381,6.049881863945972
7382,8.348349176114802
7383,3.3589465475538485
7384,8.149229163069776
7385,4.779850658238954
7386,6.053235461333941
7387,6.539520968663048
7388,5.627696642282203
7389,4.893267154246686
7390,6.259782673854049
7391,7.088884031960361
7392,5.8998070839037435
7393,9.253612407759203
7394,7.621660053579194
7395,3.2457008693392497
7396,5.80761731989357
7397,7.940759699242246
7398,2.0880230171949377
7399,4.702206857680495
7400,7.961451348509771
7401,4.3740765626945075
7402,3.1898086702822095
7403,9.337086385302634
7404,6.956684348956226
7405,5.27816861013927
7406,7.525918379149488
7407,7.700846437581177
7408,7.614099640291364
7409,8.434763063963961
7410,7.488905693327693
7411,7.995739010955886
7412,3.2980457969657944
7413,4.863575523584405
7414,4.858576484002286
7415,5.918352476349773
7416,5.54747521784938
7417,7.0754485413594095
7418,4.067029939856741
7419,6.18171255566368
7420,5.120209128373409
7421,3.4791464527830662
7422,5.752202037284701
7423,8.46438508023651
7424,9.384770882688514
7425,3.05145061239003
7426,5.098805577563316
7427,5.600718053148565
7428,3.9571751830722146
7429,3.813317783562144
7430,2.0549405152251445
7431,6.021371127113984
7432,6.307115361300652
7433,5.111561860091262
7434,4.264815052439495
7435,4.747742519510306
7436,7.646997737201177
7437,8.886626158956135
7438,4.49918160894355
7439,6.25554892607199
7440,8.25564214995081
7441,6.506841167925008
7442,4.081581041367445
7443,8.57987776668713
7444,6.148793241276909
7445,7.694227736472886
7446,4.18015860243103
7447,8.24659784882405
7448,5.029746947645537
7449,5.82772682813869
7450,8.462767093987047
7451,6.25362258870951
7452,6.270127993630922
7453,4.161278399537148
7454,6.724600844470251
7455,3.872724706704167
7456,6.829658587169943
7457,7.144085323853987
7458,5.279508594523048
7459,3.8413393001217297
7460,7.498514977421512
7461,8.28633546743713
7462,3.117873096823949
7463,7.720681566114119
7464,6.0337033744895425
7465,8.632834253560022
7466,6.783069048268906
7467,8.929904043440036
7468,6.748654286406508
7469,3.930517544279587
7470,6.33445416447981
7471,6.290344396515646
7472,3.4047206369974097
7473,6.026602763325389
7474,5.308226665068766
7475,3.217979545709456
7476,4.927804944298477
7477,2.118186749376197
7478,6.550305367946374
7479,4.923885690472726
7480,9.04969003998668
7481,6.828188866021209
7482,4.6628298621240525
7483,7.822269450676129
7484,7.929245861312463
7485,4.878774550308513
7486,8.715943342197523
7487,4.829830587738279
7488,5.316515986934902
7489,5.322750295757489
7490,5.470586702798925
7491,3.9963032173028
7492,4.644222164056221
7493,8.375718576663282
7494,6.036127479200789
7495,6.960493121208383
7496,6.968354805412724
7497,6.310101360044154
7498,6.622565769960756
7499,9.44682464916766
7500,5.7290555948675035
7501,6.2350773817763
7502,8.165866625089972
7503,4.437143409845446
7504,7.207526797194828
7505,6.094698810546645
7506,6.332047145070864
7507,8.581255735001628
7508,5.364892924799146
7509,0.8871313998838339
7510,9.248032497561821
7511,5.2180986517845955
7512,5.440225039635482
7513,6.035281616155913
7514,8.069820038129931
7515,4.6622482019837355
7516,7.446063491262948
7517,2.7315010253393694
7518,5.918044615637383
7519,2.69066134877355
7520,4.533788975928116
7521,9.157668833186861
7522,5.657802224164
7523,3.289762380438629
7524,8.138915268702972
7525,6.511501922457701
7526,7.5647598968936105
7527,5.978042343093257
7528,3.377229986041042
7529,7.5599415054286005
7530,5.6289229677674975
7531,5.616137505803325
7532,9.387534129611614
7533,6.662354270871504
7534,6.761588071852451
7535,5.300366931581402
7536,7.750146899074088
7537,7.776478267833968
7538,6.448279261884165
7539,5.849072283796034
7540,5.969070432909695
7541,3.8785849507562857
7542,7.707202910181974
7543,5.477676594041009
7544,2.6139717526972785
7545,5.027922629645005
7546,5.389625753376402
7547,4.198470833959623
7548,7.193483686916748
7549,7.959440927104644
7550,4.699627911964267
7551,7.950081608615468
7552,6.193747377886572
7553,6.597044004438592
7554,8.902051991338636
7555,6.743168801290088
7556,6.039223105930604
7557,7.989009204002293
7558,4.781169697378551
7559,2.821359855868457
7560,2.516468605866171
7561,6.133117311171187
7562,4.644383056983065
7563,7.55346651092812
7564,6.610973894683245
7565,8.657928885809785
7566,5.536540462302636
7567,6.9325133460398884
7568,7.540636915661757
7569,5.880420540355809
7570,3.1393579302125225
7571,6.615422372015006
7572,7.339417330843232
7573,9.698305433766677
7574,5.856912833733423
7575,7.616929022568023
7576,5.091515692570738
7577,6.975281388058983
7578,6.209271278127203
7579,7.791151952985615
7580,4.000831628843633
7581,6.97758169797809
7582,2.0054389560650954
7583,6.1818619482043635
7584,4.1485673596690855
7585,6.238972166951475
7586,3.9275186378732405
7587,6.293235595557853
7588,4.507773085940545
7589,8.19362579348796
7590,2.0285911958765928
7591,3.386813541734618
7592,6.064763646292697
7593,6.657255240064051
7594,3.6023929725926958
7595,6.2900842609042
7596,3.0806452182153237
7597,6.51223673786453
7598,6.1131417940142985
7599,4.1002055805706785
7600,7.311453588905411
7601,8.94235012371561
7602,1.2621797392219243
7603,3.8567237090707476
7604,3.5606854069178056
7605,5.419512166134536
7606,6.1049099173490635
7607,8.323333696696675
7608,8.771023307849259
7609,7.7624755235329
7610,4.570572105735242
7611,5.238035135615552
7612,6.692833610322676
7613,7.86143827895099
7614,6.954780616401049
7615,7.884874102990536
7616,6.442455470812015
7617,7.116486868915414
7618,5.64709066511526
7619,3.567581379259368
7620,3.9053083620076166
7621,7.915786730039123
7622,3.7043745390947302
7623,7.406580138383048
7624,6.555273611204455
7625,5.505756434574988
7626,1.2831195820099501
7627,5.492544087531829
7628,5.522268349101334
7629,4.1149493506585095
7630,3.1074534129209117
7631,6.291240089883418
7632,8.282726289394898
7633,6.945948563927902
7634,1.452367435208569
7635,5.04895112604241
7636,7.574235404555671
7637,2.351917865453014
7638,6.7381542506214975
7639,7.750822696250688
7640,8.238675654591095
7641,6.638998352876323
7642,8.830579285750348
7643,5.41059493104365
7644,5.781435218463581
7645,6.724053809444728
7646,5.195270534693672
7647,5.010319728925536
7648,3.234241952423076
7649,3.8239154573030665
7650,6.652493898107482
7651,5.488006649527431
7652,5.992651307313655
7653,2.9820814286717225
7654,6.163448719263819
7655,7.361954035960286
7656,9.512479438566078
7657,7.219327380332717
7658,4.600269690048471
7659,1.2757345961924373
7660,3.7346957702086425
7661,4.326345844038155
7662,7.2956224326661445
7663,2.632822196348223
7664,7.651517663660756
7665,6.436799706764667
7666,6.212213680024518
7667,5.094511647329965
7668,5.083897804449428
7669,6.8785390697069095
7670,8.671615475411985
7671,5.822414329368187
7672,6.074825378197946
7673,4.892934746395263
7674,4.906422485132895
7675,8.940575134293761
7676,3.138776392211448
7677,5.143661556463974
7678,8.695890030876939
7679,8.031330873204716
7680,7.770460228379864
7681,5.4577381789371735
7682,3.910778771500908
7683,5.352893185160775
7684,4.856864903914637
7685,9.601790446203138
7686,6.342529905725154
7687,8.717469003597133
7688,4.1473522185079785
7689,2.8547040639119423
7690,6.532680518809095
7691,3.3595432258031828
7692,8.278811241140563
7693,8.351950064206868
7694,4.999380903539773
7695,4.756323547231858
7696,8.716874257457214
7697,3.5929151986175243
7698,5.00381164258941
7699,6.856718588414887
7700,7.118924775531726
7701,5.075114454732908
7702,3.3793713013379287
7703,5.711165839793353
7704,5.037466057341852
7705,4.071256611002761
7706,2.0928858004731623
7707,7.111581713673295
7708,6.271725105622022
7709,7.608711819104371
7710,7.020395022737274
7711,7.8345694018854966
7712,8.105583632712396
7713,5.011905492615253
7714,9.547880650745537
7715,5.58991029937332
7716,6.8030723904946395
7717,7.150448802443631
7718,8.091383479044069
7719,6.410554057466998
7720,8.785186122233362
7721,3.4451792101663763
7722,3.548985663880211
7723,3.7231794986745714
7724,6.2840263029194094
7725,5.473998265596694
7726,4.958081959838892
7727,7.067375060069622
7728,6.336210040594695
7729,2.8732795104714914
7730,6.0257802132805045
7731,3.4645716451764175
7732,7.544985246060646
7733,5.604489511860319
7734,5.933005471107501
7735,8.388036233738552
7736,6.908030567277052
7737,5.367339353208965
7738,6.777457479733645
7739,4.326609980125993
7740,6.783919472296581
7741,5.66951531855576
7742,4.843775676561947
7743,5.308360675294081
7744,3.286071845932079
7745,9.293490430437894
7746,6.244028613203437
7747,6.211918356313568
7748,6.043604288336649
7749,6.504293155627858
7750,3.946015330715587
7751,6.680802924206649
7752,8.045220548504737
7753,5.6447626381366725
7754,4.98308797128605
7755,8.467348438867406
7756,8.271719044499033
7757,7.658268273733622
7758,6.435348658773055
7759,8.862148177563535
7760,6.974236427202302
7761,7.669942270737209
7762,5.170888096008118
7763,6.385125198946166
7764,7.1897005668116245
7765,4.87411689095145
7766,6.739074195739664
7767,4.6199758737174825
7768,4.889669409566485
7769,3.571404562232203
7770,8.890775317103225
7771,2.6521132523039075
7772,5.367671046478996
7773,4.8202360776386435
7774,5.3839001967432845
7775,7.566920612925427
7776,6.288589514730322
7777,7.268246965509592
7778,8.079096460356158
7779,4.576042009154585
7780,6.622823063458306
7781,5.380704960064701
7782,2.918268940611173
7783,6.183020893318018
7784,8.15406574237084
7785,2.3805124257165224
7786,1.8056906834072781
7787,3.195815389731987
7788,8.581753674296557
7789,1.4873101469972618
7790,6.413644749033294
7791,3.8003386309518854
7792,7.372307772485669
7793,8.09951115381465
7794,6.360301824850977
7795,6.927510207245315
7796,6.867655282443354
7797,6.073855814584327
7798,7.958023422721164
7799,4.819489480583915
7800,3.881784059777088
7801,3.04543940343617
7802,3.1687413116870204
7803,4.671131247121131
7804,5.264605202090722
7805,7.644569709482596
7806,7.42372980099111
7807,4.649461312655085
7808,6.192827855809252
7809,7.880542679501838
7810,5.607089525782316
7811,4.56067453168251
7812,5.2026097254525885
7813,6.449481222441482
7814,3.8607833559183997
7815,4.137535134475144
7816,7.019232819336754
7817,3.2827639636707073
7818,3.295560072471928
7819,6.2246885251098885
7820,5.574382800625598
7821,6.897546422362713
7822,6.563426167680305
7823,7.375381834642624
7824,6.5458916610010025
7825,6.0937013658305155
7826,5.655668767715049
7827,4.269245100166705
7828,7.791170037163814
7829,7.4476351004528905
7830,6.90707780872815
7831,7.200730394086048
7832,3.004983598636274
7833,7.715577767712112
7834,7.917184564809986
7835,3.71642145481403
7836,7.457327674811267
7837,6.051932827236672
7838,5.224974608946167
7839,5.0643959863053
7840,8.566865552593327
7841,8.33868419758223
7842,7.832622773179027
7843,7.353780386757019
7844,5.171456381010192
7845,5.697985579263959
7846,5.668582336117386
7847,9.326809525906533
7848,4.337571054553602
7849,2.3318220571759536
7850,4.454962954700422
7851,4.145836247763197
7852,7.896768691373859
7853,5.662219281908932
7854,4.349134554518921
7855,8.204990627449956
7856,6.529039385045392
7857,9.619315483795766
7858,7.066945685608613
7859,9.712170725890502
7860,6.7786865366044635
7861,9.660025813666852
7862,5.045079335997864
7863,5.067571546759485
7864,8.053902680895293
7865,9.16474327912331
7866,6.609848230585211
7867,9.67149882854358
7868,5.104084075766629
7869,7.485241030533516
7870,8.703075982511798
7871,1.7912097309223831
7872,6.332808134214689
7873,8.40229258747345
7874,7.007023003723798
7875,3.8463136304494983
7876,3.9631640294679373
7877,5.674870015489206
7878,4.70135884891391
7879,2.098625546060899
7880,3.9932461396004295
7881,5.772414504501247
7882,7.732468697020778
7883,4.598439262209504
7884,3.853577840961921
7885,6.899339784839444
7886,4.743862588592262
7887,6.427619773445278
7888,7.311521333326492
7889,8.511980701222607
7890,3.937488364369885
7891,6.158298654545955
7892,6.391462236415945
7893,2.8136875376348724
7894,7.264289664536403
7895,3.60573891161987
7896,3.5276430216193937
7897,8.490474019985662
7898,3.1427961500310757
7899,7.534536829978041
7900,4.042356293399292
7901,7.2911181721004255
7902,4.112401491048891
7903,4.464760219063793
7904,6.243070870033872
7905,4.834087185517607
7906,7.910539590593011
7907,3.933423231837854
7908,7.441745543413079
7909,7.903912632008154
7910,7.207262531859198
7911,7.097162441938539
7912,6.094817138558336
7913,4.160932550523617
7914,3.82172185422011
7915,5.408547474889437
7916,6.7909889239631545
7917,6.804236080335436
7918,4.407685199326481
7919,7.351212410610451
7920,9.25773958346527
7921,6.231095804197779
7922,4.792620375095412
7923,6.416216769747537
7924,8.340112158119794
7925,4.2725313426618055
7926,6.277613255459494
7927,5.502556268738272
7928,4.570983959343606
7929,8.67652212159985
7930,8.101804367087126
7931,7.655617332461684
7932,5.517384198323492
7933,5.510474487176605
7934,7.956337977504857
7935,8.437362375328547
7936,5.389597060339705
7937,3.491352681299168
7938,6.052538833460387
7939,8.168838479481355
7940,3.464601132318367
7941,3.7357435923706532
7942,3.9527266836794572
7943,6.209961842639042
7944,6.180306320856186
7945,5.575687975840875
7946,4.561109953191895
7947,5.229014413024583
7948,7.391296148370227
7949,5.761389233795686
7950,7.102025376892679
7951,6.619551148559362
7952,7.742240111473787
7953,5.932104254589305
7954,3.7130337504734907
7955,5.258607904008699
7956,6.696977709788843
7957,2.9647221368384398
7958,3.2145674387034044
7959,4.9142288150825575
7960,6.116916477621546
7961,5.691882525592483
7962,7.1121523695193165
7963,7.130475028169282
7964,6.259498879822483
7965,6.19367977643775
7966,7.409873467458932
7967,4.4520945262376195
7968,6.271996030498772
7969,7.582543103497065
7970,7.449435588235523
7971,6.435030130510334
7972,6.201912317635238
7973,7.951463108012517
7974,5.8560520680059245
7975,7.189451546025699
7976,6.390519338711336
7977,8.112667261188747
7978,0.9391662731550017
7979,5.594472614730431
7980,7.621743744253014
7981,6.422593802042168
7982,3.31715852888179
7983,5.4394737467057155
7984,5.686245805757683
7985,5.401106092902985
7986,7.55497648518166
7987,4.038201244778584
7988,9.685137045373448
7989,7.309664608525596
7990,8.106768630670985
7991,0.8031071341025102
7992,2.666549753717297
7993,6.828296012801811
7994,3.8334197690812593
7995,2.9484094318154606
7996,6.085633101052939
7997,7.96309732762796
7998,2.261400391568101
7999,6.6615691773445675
8000,5.50337466429202
8001,6.90209839598314
8002,3.3667613135666756
8003,8.174723633309737
8004,4.761306975087738
8005,7.9690486909325
8006,6.34606373218392
8007,9.075256330320052
8008,5.47024080183159
8009,5.570717146819385
8010,6.475477016895389
8011,5.185881125508089
8012,6.6136389520106516
8013,2.346131485153512
8014,5.390174991644678
8015,5.141244347285692
8016,6.258097224391881
8017,3.9143979978323458
8018,4.37271061276993
8019,5.957495612424709
8020,4.314037207495356
8021,3.074733597308229
8022,5.390320055747402
8023,2.3986410513736582
8024,5.727621039817401
8025,6.519185787292343
8026,8.714579250041563
8027,8.722710225922267
8028,5.536877394444109
8029,6.582553828206943
8030,3.1477674428611566
8031,4.728342939757677
8032,4.344161848546718
8033,8.576891972976389
8034,4.195751466654316
8035,5.156788932774605
8036,2.1355026146582516
8037,5.279503865923502
8038,7.015511335205831
8039,7.666060143392822
8040,6.3574691506878205
8041,6.310682957629108
8042,8.02883214954008
8043,3.2780677754468606
8044,5.782886302232982
8045,5.910240469956084
8046,7.965796172518803
8047,3.532578473231134
8048,7.307893639032663
8049,3.3003467882104287
8050,7.221323161518912
8051,7.001502637527544
8052,9.035291913854815
8053,9.955971577962409
8054,6.898226288676912
8055,7.802119504163201
8056,5.281000020275196
8057,6.8727579411185555
8058,2.752618820278242
8059,8.067772556343364
8060,5.659948110508738
8061,9.02191891893508
8062,4.569419403191725
8063,8.21931311227058
8064,8.962665540510725
8065,6.409508929879709
8066,6.027106537503207
8067,4.358731770407788
8068,2.986461249910304
8069,4.728428712421083
8070,5.125644864373691
8071,7.968663310620977
8072,5.241710224994897
8073,9.313171417730121
8074,7.694997526741831
8075,7.533078284424962
8076,4.928223074819411
8077,3.845111980305157
8078,5.272708001217349
8079,9.634731802748702
8080,8.964980128234352
8081,8.150161980919899
8082,2.664760902582169
8083,6.383769885943341
8084,7.746008216649836
8085,8.588357319964828
8086,6.234725270000685
8087,5.145292686764417
8088,7.347526360831436
8089,5.491929199590056
8090,5.149494006155724
8091,5.912636979545626
8092,4.528129177264994
8093,3.5911314370957292
8094,5.912852938476171
8095,6.849560134824208
8096,2.8513958176913667
8097,9.023713648394397
8098,5.981439207264045
8099,7.029145480847266
8100,5.621603005824962
8101,8.065228515568792
8102,6.307601511374761
8103,8.844031695328178
8104,4.352221083555023
8105,4.800414462332224
8106,1.2270474246964442
8107,4.647167797808815
8108,5.375548172049235
8109,4.595968920395652
8110,5.030208935878502
8111,5.037900880406729
8112,8.402283473652904
8113,5.9570271733399895
8114,2.809375093822932
8115,5.824807624175396
8116,8.171762867329107
8117,6.467541382383494
8118,6.699613132761998
8119,5.629480734737006
8120,5.210812019579248
8121,2.552701617502412
8122,5.882881853667174
8123,5.6213668949598565
8124,5.705925301863345
8125,7.11135434362271
8126,7.755680569270097
8127,3.348279681221353
8128,9.133672316110058
8129,9.23106971980236
8130,4.24752596773169
8131,7.454351618900205
8132,8.898454343457505
8133,6.371548493051591
8134,7.274212622082939
8135,4.069207263060484
8136,6.179979135624339
8137,4.7273761424422975
8138,8.170297083855907
8139,7.640129503444811
8140,3.297940894080257
8141,2.724869539870779
8142,8.662460274353297
8143,2.8315097402003984
8144,6.180854455195084
8145,7.037993325523474
8146,4.4115256679545345
8147,9.315782343957046
8148,5.008522752575794
8149,4.988838828687592
8150,8.622063830832953
8151,4.463479811991372
8152,4.067613902806041
8153,4.207736394811512
8154,4.633256870419652
8155,8.54824210174046
8156,4.574823188615503
8157,4.343554240943397
8158,4.833355447200809
8159,8.53169290179131
8160,1.9746253080606289
8161,6.974634283468953
8162,9.16815365845527
8163,6.470153599858208
8164,7.415797369263677
8165,4.827996100836778
8166,4.816537675030133
8167,5.868268303000109
8168,4.335746693320065
8169,3.4092892773190253
8170,6.549909935091161
8171,6.265965491601696
8172,7.6301596220227825
8173,4.481791637940761
8174,6.682602879602117
8175,5.3028482490922055
8176,6.974005922284252
8177,5.647982621304127
8178,1.864283296747386
8179,5.900386369006413
8180,5.19618705506085
8181,4.612074932664826
8182,6.873917209179541
8183,3.653293103940161
8184,7.752768932853964
8185,6.761168038185208
8186,7.3638393286555655
8187,5.958029283240194
8188,8.3535592853653
8189,6.933407058847891
8190,8.628781098371965
8191,7.8908549322571595
8192,8.802282965766707
8193,4.468046809612345
8194,7.2463949649969255
8195,7.152195684965706
8196,4.188203264028523
8197,3.442410522109623
8198,6.957680983601403
8199,0.5926381373351213
8200,5.202819769473553
8201,7.250105963608478
8202,4.033446254900438
8203,4.390814612291993
8204,5.578551394992239
8205,9.11648361833631
8206,4.5152926544064504
8207,8.177441337414752
8208,4.319971913943872
8209,4.794690552322065
8210,5.361994450656523
8211,6.8696288968222845
8212,4.4336370521517825
8213,5.325842247516255
8214,6.240574756855027
8215,6.277227258083311
8216,2.7969961727859074
8217,5.816365895847135
8218,2.705426522955281
8219,6.969131046009888
8220,9.065159028505379
8221,4.247179131913796
8222,4.274900155259784
8223,7.949748053822414
8224,3.7956150395000385
8225,7.1532062510079895
8226,7.017279052167863
8227,5.119662864801391
8228,4.970895156905678
8229,3.979562579403607
8230,8.955376062373759
8231,7.556644107381768
8232,2.2849823466009465
8233,5.293464620063302
8234,8.177843648771342
8235,5.207432607507229
8236,9.151513052360055
8237,6.702089187637611
8238,4.091056976176294
8239,9.77578613291709
8240,6.398313348516166
8241,4.823194768924302
8242,3.379729663425349
8243,6.898460485258032
8244,3.4441704066483347
8245,5.507588658472264
8246,3.3444577997513267
8247,7.425432054865282
8248,3.640191964737537
8249,4.639061830555226
8250,6.893420805390609
8251,6.24120849242814
8252,6.30130293031651
8253,6.939816677916782
8254,4.9132227132473565
8255,5.867948901922457
8256,5.062093143658485
8257,2.060526083523417
8258,4.476204487001274
8259,4.079318370343759
8260,4.471789742963871
8261,3.568851378214414
8262,7.090434979263419
8263,3.508193994444845
8264,7.598444274733062
8265,4.794619606565203
8266,6.498104049412773
8267,7.575214336347187
8268,6.283368600194641
8269,3.2489667349126714
8270,4.571948949815962
8271,6.673350906101138
8272,4.054146366487901
8273,7.93345624485721
8274,7.342159940232676
8275,9.815574443532594
8276,4.794807414811149
8277,5.465076090143568
8278,4.218618006135246
8279,3.955574321742619
8280,7.344494480581764
8281,8.197617865095916
8282,6.850903251777333
8283,4.589768413186629
8284,3.638979178720494
8285,8.461367935488923
8286,7.820531782850928
8287,4.877446454238161
8288,7.9406112043159265
8289,5.019486430260628
8290,6.33029612144392
8291,5.309744333405298
8292,8.760964698015773
8293,7.105677282893084
8294,6.086117649530355
8295,5.375761916531308
8296,2.6952037219890173
8297,7.482615798392332
8298,4.167358547446445
8299,9.482531269249504
8300,1.601176989432101
8301,8.141175885251297
8302,4.16462539453045
8303,2.8969334461048857
8304,5.6324485274841365
8305,4.558904625276187
8306,2.239479405554223
8307,7.72781267176351
8308,7.032072691300244
8309,6.004718254053534
8310,6.397587027158766
8311,7.43690871849355
8312,7.6268042899764295
8313,5.341137775764187
8314,6.595188339777941
8315,2.650333587667269
8316,7.435399736774236
8317,6.919763344768353
8318,8.65751211789103
8319,4.263943676647136
8320,4.922280815642716
8321,5.305293188701175
8322,7.574442070627519
8323,6.161146900990943
8324,4.164033774950208
8325,4.536989362037314
8326,5.255523950717676
8327,7.873720652118642
8328,7.213155924033167
8329,7.739437629724229
8330,7.651405044780492
8331,5.818273870978034
8332,3.1313614044872904
8333,6.344514407226744
8334,4.362999272572423
8335,5.877149165904798
8336,7.03413041587865
8337,4.390689680003719
8338,2.4643258272071358
8339,7.982512986257797
8340,4.920786071718057
8341,8.861842820292438
8342,2.06078432363968
8343,8.53910522437128
8344,6.465092793599805
8345,7.371659935100163
8346,6.99794304522378
8347,6.9976377174230695
8348,7.835807355862997
8349,5.293596149443414
8350,5.424907002342357
8351,6.499570641525343
8352,8.322829779902262
8353,0.9990947143671098
8354,9.602031965369283
8355,5.796547233637714
8356,6.9295515799621334
8357,1.9000784358877492
8358,7.478491176439335
8359,9.274351324295113
8360,4.593122144585196
8361,6.419451093252962
8362,9.715445111795823
8363,6.868713535188328
8364,4.808210455767566
8365,7.944102222463966
8366,8.97110926963997
8367,3.49991419280343
8368,6.961491283444851
8369,5.599280495464172
8370,3.2114510187366863
8371,5.51774565953648
8372,6.135496797233403
8373,5.199366715626688
8374,2.613042317518836
8375,7.379914606629886
8376,8.20624381516543
8377,8.230570234280345
8378,4.010267879005798
8379,6.4692356128760355
8380,2.369333621140611
8381,2.0560102281776658
8382,5.406934287195266
8383,7.373261118499667
8384,7.955093376265978
8385,3.6710309709970437
8386,8.24056488501994
8387,5.147791504454128
8388,8.075002964081182
8389,7.306237711419795
8390,9.217780177990289
8391,9.4024553425713
8392,6.487975595713593
8393,3.983650254757836
8394,7.650385760984767
8395,5.640217922848906
8396,5.992192188071132
8397,6.155884345468459
8398,6.4863160337352745
8399,6.1915454296664105
8400,6.549157812024466
8401,8.840076059979598
8402,6.232513183401266
8403,7.235858945306183
8404,6.725445000007768
8405,3.6173760079836157
8406,4.837160858660079
8407,5.7522001202258295
8408,7.695420106294889
8409,7.8245843165687665
8410,5.467192445491227
8411,6.359061776585625
8412,6.825306648098423
8413,6.2652583994069495
8414,4.203735225171371
8415,8.47804020364458
8416,7.599950382935631
8417,3.9807370907079256
8418,5.450396974248765
8419,6.454518680281732
8420,2.793003469901285
8421,1.2459018852241324
8422,6.0708420980488045
8423,6.246033879630479
8424,4.665534953814301
8425,4.445114116150863
8426,7.226031409270842
8427,5.264483029363029
8428,8.668376679030239
8429,1.5722262174434964
8430,6.237954893402025
8431,3.9895778849290244
8432,6.5973855638952505
8433,7.842992612671041
8434,8.078592023562582
8435,5.414615850466136
8436,5.08392899401548
8437,3.750289988185368
8438,8.150445497210406
8439,7.235047077599371
8440,3.234182420985958
8441,3.210197581468331
8442,8.51550549076679
8443,9.843157172593777
8444,8.113454086892183
8445,8.262190667548085
8446,7.820069488645837
8447,7.410139211237105
8448,2.6703657640778236
8449,3.616961106026385
8450,3.157009701516235
8451,6.410292158122852
8452,6.603653716297285
8453,2.5811083280721556
8454,2.9085269126577384
8455,8.283016179316267
8456,6.253368228114555
8457,8.76626649905415
8458,2.4445533988302794
8459,7.5419718505837166
8460,8.664746635956385
8461,5.991169144497848
8462,6.092140413280669
8463,7.721886530148941
8464,2.6567831517512803
8465,7.102729429398907
8466,4.056367176372389
8467,3.040356616920453
8468,7.72695121888291
8469,5.831788955971425
8470,4.42175009272317
8471,8.488831555971734
8472,4.153591787467754
8473,4.935673525591922
8474,4.4061641653914
8475,6.083990065433408
8476,6.525200727156486
8477,7.965191654583796
8478,6.933601348841098
8479,5.776656246380478
8480,4.443239689712535
8481,6.746433996486196
8482,6.4945170224032
8483,6.099210731816552
8484,6.071313548042234
8485,6.186283499938845
8486,9.16081127915227
8487,4.187335657728621
8488,4.028277443153606
8489,6.505547406288036
8490,4.930641583198875
8491,4.645973541373596
8492,6.109331979213049
8493,6.481572932140848
8494,7.019433391868408
8495,6.5521588422376515
8496,3.240655264840494
8497,6.89830546714961
8498,7.138974542096433
8499,6.32075772775668
8500,6.725282244204608
8501,1.6186459603154684
8502,4.792331225032029
8503,2.667784190591211
8504,7.365364287093234
8505,6.849769955799145
8506,5.810865468016804
8507,6.922808927963828
8508,6.949938038639507
8509,9.231919547024951
8510,8.428879714222136
8511,6.978632198662353
8512,4.667921121585664
8513,6.824551288082829
8514,7.259680246010452
8515,7.143208134379538
8516,7.09014262386432
8517,6.615649883755961
8518,4.886917032302984
8519,5.99145891972043
8520,3.4114781089644506
8521,9.65237803429732
8522,3.9925593050965107
8523,7.9223414094134395
8524,4.59157378921215
8525,7.761167119378074
8526,7.75032201303565
8527,7.387313413975145
8528,5.65357721079023
8529,5.287659043669906
8530,5.7255836531851845
8531,3.4665154797978146
8532,7.3965907158095625
8533,8.743728809634261
8534,3.7999354433168824
8535,6.1999289106350925
8536,2.660232278073235
8537,7.980977010132788
8538,9.699168518890094
8539,6.447923783888467
8540,6.864607803491358
8541,5.51518802392908
8542,1.743143865929581
8543,3.451572690848833
8544,8.502415174752398
8545,7.195683125342394
8546,4.138851599344489
8547,7.258766563031785
8548,5.505454809598526
8549,7.626191133856241
8550,6.836834072939065
8551,7.671945364417972
8552,7.287924062721716
8553,5.78665993196941
8554,2.4604568551537946
8555,8.125957981562514
8556,6.897581505844677
8557,6.020654462437221
8558,5.0109779765705795
8559,6.296771526627362
8560,3.9917980081137765
8561,5.937832866280445
8562,7.500695966066468
8563,8.897281624350189
8564,7.298190977312814
8565,4.7982543389470464
8566,6.738683812025703
8567,7.6394043592210386
8568,7.11802137976918
8569,8.239345349985376
8570,9.723190716728489
8571,3.3164708589657357
8572,5.059720840798142
8573,7.390798227553339
8574,5.083402630383942
8575,1.9304427571306637
8576,6.10961848652219
8577,7.335105763801925
8578,8.133268227042564
8579,6.110705898552256
8580,5.399240607269881
8581,5.154728696769849
8582,6.71470888989734
8583,6.16125052766085
8584,5.6805373363172
8585,7.847633197176563
8586,3.1670129383502297
8587,8.033013180608371
8588,6.265706022491488
8589,5.087372464213259
8590,9.314750464436486
8591,7.063713384996641
8592,2.994380806866179
8593,7.070576458127133
8594,7.46478074845536
8595,3.7740328935982808
8596,8.052272547064652
8597,7.303312242160101
8598,6.123822083056599
8599,3.2256847122495578
8600,2.843897675691945
8601,7.653451424218462
8602,2.7206745713194866
8603,1.5115978366078169
8604,4.973629138811268
8605,6.29750098724703
8606,6.945566607668272
8607,3.072358979960488
8608,7.788159210224083
8609,5.959117702340913
8610,6.268828989734946
8611,7.918495870707534
8612,4.467744286981486
8613,4.8612759537514165
8614,4.647930278726329
8615,7.659049999007418
8616,5.012729977999036
8617,8.372787675907228
8618,5.5334468025056465
8619,7.160094052210775
8620,7.746694683473685
8621,8.705910209083815
8622,7.87869405469613
8623,6.156970318244313
8624,6.766361466582674
8625,7.222663223644116
8626,4.971861548751109
8627,5.653777726751357
8628,6.600951892074608
8629,2.1169392134320946
8630,6.184946872916468
8631,6.847724906906184
8632,7.002096751859668
8633,6.6913391280880665
8634,5.874743997100521
8635,7.707531986268789
8636,6.483779987932835
8637,6.40710504473902
8638,8.655561091557825
8639,4.448255736418306
8640,9.301056204364162
8641,5.785337798585269
8642,1.1486570013823814
8643,3.8456999405270738
8644,6.60625414904905
8645,7.572340991833581
8646,6.511909618232795
8647,7.7710573252775035
8648,5.229916274476334
8649,8.4091704425409
8650,6.860794983433669
8651,5.567875756432765
8652,4.623626643030319
8653,8.042134999939163
8654,4.349492427657289
8655,7.589972027024333
8656,5.550943953290979
8657,3.8883611713983326
8658,7.566898036247478
8659,4.887271381073808
8660,2.5352543826319387
8661,5.285499317346206
8662,7.004151937269233
8663,4.686006838703432
8664,5.9407286382259565
8665,5.895538756103962
8666,4.24218914615663
8667,6.8858965162247845
8668,4.755358929656018
8669,5.836372645297425
8670,7.04376843749853
8671,8.944076444839975
8672,4.765218712962405
8673,5.406439763662837
8674,7.064260794715225
8675,4.30099541562805
8676,6.950003266923591
8677,6.310965294500353
8678,6.636767752671212
8679,7.312746965405659
8680,8.209424947525966
8681,8.087889222408041
8682,4.216053736480662
8683,3.8414049679231956
8684,9.760590644914151
8685,4.166958543695222
8686,6.136665188818334
8687,6.818166008126079
8688,7.97030079743509
8689,7.066869397146773
8690,5.68015920472676
8691,4.302985148823727
8692,8.284000777833887
8693,10.01229477906486
8694,3.687025737067726
8695,6.095376996689895
8696,6.27317703441158
8697,3.551925468508428
8698,6.0752177615333744
8699,4.724976847492453
8700,8.777639167827367
8701,3.5131012410307463
8702,6.542372646078293
8703,10.004615110010178
8704,7.594899995166917
8705,5.984786101599033
8706,4.8713005502298286
8707,7.721294080688361
8708,3.2880272194887112
8709,5.275938274734232
8710,3.764836291428505
8711,7.14008912319864
8712,3.194636001555238
8713,4.829638826822464
8714,9.213508367666918
8715,3.6240612282367577
8716,4.1317855091607
8717,6.112838270726616
8718,6.801789730281417
8719,6.173350002126149
8720,5.647061837931735
8721,3.9214083594453926
8722,4.252092663562745
8723,2.4725399626036504
8724,4.734476465440579
8725,3.811795200302604
8726,3.7285768463635867
8727,8.074538046018297
8728,9.042877198228569
8729,3.7712210226033407
8730,4.65596235780706
8731,7.818832123228734
8732,9.718586045150937
8733,8.4157381226781
8734,5.749651045937526
8735,7.256540078968665
8736,8.015709005890352
8737,7.991388464055371
8738,8.192008111314763
8739,8.063081231554698
8740,3.4824262785599016
8741,5.404080304965307
8742,5.909730496464875
8743,5.263492199408058
8744,8.639771888542075
8745,6.510180044772495
8746,7.040395052863744
8747,9.324013792930277
8748,3.20103942488621
8749,4.450676431509857
8750,3.206936652570433
8751,4.992530769102348
8752,5.405470538697932
8753,7.770566695592725
8754,5.272771823253228
8755,6.474131994180297
8756,6.832422988669725
8757,0.3216351423847744
8758,4.661388176335606
8759,3.395924806246163
8760,5.197262533239431
8761,5.769848434359265
8762,6.310107530696038
8763,7.699518440654724
8764,3.1861520345322334
8765,9.134782119514888
8766,6.930625880230212
8767,9.057815247623488
8768,3.868904456798644
8769,7.384723544079119
8770,8.895468093683366
8771,7.638135260983783
8772,8.306502957707458
8773,5.378853476160397
8774,5.606227569418448
8775,4.982507302650856
8776,6.697611402844746
8777,6.743587449525521
8778,6.77573009183115
8779,5.992437051525215
8780,6.869520420295474
8781,5.0625500056069885
8782,6.385176222221979
8783,6.934166315442837
8784,8.037067036149127
8785,3.351837824134698
8786,3.5170904567211205
8787,2.683605009644992
8788,5.55071519055061
8789,6.90807325411771
8790,8.521886766052493
8791,6.8603809652905134
8792,8.340063737410595
8793,5.242917443633656
8794,4.922588787534
8795,5.264395890767352
8796,3.115462371323988
8797,4.332910786336631
8798,7.420644124585829
8799,5.411243137401623
8800,5.016335697141251
8801,2.9989733807838252
8802,5.018774626840043
8803,6.636708474888608
8804,7.949390533351057
8805,7.161838116698573
8806,7.153918402197974
8807,4.258786197764791
8808,7.175883161452181
8809,5.791215983016987
8810,5.339184678117159
8811,5.462088240784806
8812,5.877927466943993
8813,6.540960510066522
8814,7.0061370855627505
8815,9.251762240856259
8816,6.654073100158434
8817,6.5125354102768735
8818,5.862575847060391
8819,4.9541765095258885
8820,2.9531081980803133
8821,9.338043768074874
8822,5.327616611587741
8823,8.038538451709083
8824,5.867699822530989
8825,8.22557883750745
8826,9.333007412319397
8827,5.663143330929842
8828,6.295642305165664
8829,6.156583157727969
8830,5.055879180169423
8831,6.703521747363396
8832,9.008025792895138
8833,5.769852568393345
8834,3.0820077329356987
8835,7.786429686501494
8836,7.654836182589674
8837,7.928054730449215
8838,5.5416801499462665
8839,6.557159765840288
8840,6.114957355203012
8841,5.668274610648137
8842,5.102920900286605
8843,5.645619143414666
8844,8.453877723050356
8845,3.8983203794254173
8846,6.111511423207817
8847,5.134665294830811
8848,6.343996248008082
8849,7.731010043176317
8850,7.1454289036340075
8851,5.923602500025783
8852,4.6433743277149055
8853,4.227024080824318
8854,6.468241753193102
8855,9.162384983470249
8856,5.017002722875448
8857,4.485999343307587
8858,8.738757469887004
8859,6.045940154196639
8860,3.739771069465984
8861,5.744543636764289
8862,4.301794684796646
8863,6.669351931742883
8864,6.391719351978529
8865,6.187394519814137
8866,6.693342071250457
8867,5.1275332690552125
8868,6.621979367553999
8869,6.763226669441247
8870,6.748540460444382
8871,8.490083995890231
8872,6.73141031431336
8873,3.524868412687295
8874,3.259755726422537
8875,7.040125627912437
8876,2.3607334344310775
8877,9.173901899242054
8878,2.813202186107902
8879,7.460535964602189
8880,8.97423326113369
8881,7.803982189720674
8882,4.764416521051972
8883,7.268224765239301
8884,4.155790922691382
8885,4.961993174918501
8886,4.763042436235928
8887,5.099928419631349
8888,4.978994739206876
8889,5.546506056685245
8890,7.7821207938640855
8891,3.783817335789812
8892,6.22382964969881
8893,5.996503232046329
8894,7.633798203189692
8895,2.6409576885549644
8896,8.20424649063595
8897,5.353016613530881
8898,7.721701947118594
8899,5.131325454940314
8900,4.020144879366616
8901,7.581807260592631
8902,4.433960362850435
8903,6.304470880965996
8904,2.8254436801427163
8905,7.222292519988622
8906,6.580399443725528
8907,6.034771842607532
8908,6.712675263296143
8909,4.037996435919337
8910,7.905184190604038
8911,5.748006152792497
8912,5.218789139759311
8913,5.361891253844156
8914,5.4776240308907544
8915,6.387227552611998
8916,3.1311942819694827
8917,5.130894484494332
8918,3.712204381102551
8919,6.919007955543437
8920,5.163082381366704
8921,6.559600456777264
8922,6.54612568189939
8923,6.294365419560592
8924,6.00066063365251
8925,5.989444810187219
8926,3.440656632237133
8927,6.586818909837955
8928,5.900021600494499
8929,5.562322007097218
8930,6.801212172940792
8931,7.165308403728294
8932,7.8095418058323
8933,7.936803444262278
8934,6.238616887852274
8935,8.635363629164484
8936,7.522215563016007
8937,7.966062693215229
8938,5.52920535931243
8939,3.6687052347450257
8940,7.226762968598688
8941,5.705582002945369
8942,2.276937134144961
8943,6.880723192159606
8944,8.67715894424911
8945,4.984670517397326
8946,5.917457813653351
8947,6.615595852619765
8948,7.937276166464055
8949,6.42295495163511
8950,6.219822483704792
8951,4.6618283083242975
8952,3.4451736380406097
8953,6.222265672055721
8954,7.553228693104702
8955,4.056865070841161
8956,5.119043512872976
8957,5.011224086641976
8958,5.538038094538675
8959,6.9817601022958495
8960,9.108235843467412
8961,5.852537423837573
8962,3.7690479380238147
8963,6.8321275669611765
8964,6.002747094448662
8965,5.063919450447768
8966,5.300966650689952
8967,9.442149556882374
8968,4.966010718583006
8969,8.150121535755751
8970,5.992869734372171
8971,4.210771883527627
8972,8.176003492576598
8973,7.837705849596191
8974,6.97668681381105
8975,5.153809853968271
8976,8.323523011360148
8977,5.856429204472468
8978,9.053991263376911
8979,6.500986500547279
8980,4.387002244097339
8981,6.488831124414516
8982,7.637694420423614
8983,8.596886596862243
8984,5.596238826411164
8985,3.965303741479135
8986,3.6714093871701485
8987,5.268092203474027
8988,4.007396294914158
8989,3.879042145484976
8990,7.037894971821139
8991,5.012361986712414
8992,4.207592441326223
8993,5.846130514211447
8994,4.122307240645449
8995,8.367320615823257
8996,5.405184562139374
8997,6.9604924835403565
8998,7.14899616483941
8999,8.071530618267092
9000,6.956585577210474
9001,7.234861554981315
9002,8.130010021730385
9003,6.291337714915019
9004,7.624906263995707
9005,3.0259051376372637
9006,6.65221293692843
9007,8.812340379523057
9008,6.100441155766476
9009,6.280578085711905
9010,7.990441566344726
9011,5.090625006096445
9012,2.7064503096737016
9013,6.990766885217397
9014,7.591114393828477
9015,3.6703382555177844
9016,4.735352865787222
9017,6.569322288146621
9018,5.813434263491186
9019,3.617777794656697
9020,6.470771024580976
9021,4.5810492610008815
9022,7.863648451052482
9023,6.1418130011083845
9024,7.114397281689813
9025,6.1582067775416025
9026,5.847850348370137
9027,6.9119369215307636
9028,5.306210946222905
9029,4.484582333026441
9030,5.04266142232528
9031,6.025465735206126
9032,5.195269215225435
9033,4.85353003689252
9034,7.437533716548962
9035,6.427652180851749
9036,1.7159487692875721
9037,5.862689619248604
9038,6.652763848414095
9039,5.520480356027994
9040,6.936550934233486
9041,4.6334739556258375
9042,4.0188451758332615
9043,5.8344400058941925
9044,5.007959282373651
9045,2.1305464848780478
9046,6.427916180488199
9047,9.517961102762872
9048,8.070065903662284
9049,9.870088474977827
9050,3.9191337218624582
9051,4.449873296219441
9052,7.362782639086995
9053,3.4679505168840232
9054,4.13265799535563
9055,8.00141966358508
9056,7.917745830908313
9057,8.589033879012028
9058,9.377647983822973
9059,5.7483108927639535
9060,7.441752879340381
9061,2.4559727061385033
9062,5.378455487559461
9063,4.960552073253153
9064,6.435785440945627
9065,6.597361559184297
9066,5.132396572656883
9067,3.6515715424527855
9068,7.053050073453253
9069,6.566557285152837
9070,6.619467898674839
9071,5.830284630638646
9072,8.69157119414947
9073,4.6409106817255505
9074,2.792266029256505
9075,5.991705272860876
9076,4.774639634790608
9077,4.912932517495994
9078,5.823009348853202
9079,5.404892518412531
9080,3.5454906153194767
9081,3.7730860828478137
9082,7.109577297130469
9083,10.002189031414387
9084,7.2703251025552795
9085,8.274650623353693
9086,4.658120238761159
9087,8.086822169160397
9088,4.28796597084288
9089,6.9819059468713665
9090,6.368907937599731
9091,1.7505569018574192
9092,4.426779716542788
9093,8.008598245217735
9094,4.129442856752412
9095,7.326876017299801
9096,9.303459797547555
9097,7.326478214407583
9098,4.334120406998893
9099,5.050054774289932
9100,9.466862452668508
9101,7.5666775657897105
9102,5.360750121324787
9103,6.291961074508038
9104,4.636042674689245
9105,7.790747555948532
9106,3.9238273046238525
9107,4.993208702056921
9108,3.7174786536619706
9109,6.735334811535613
9110,7.484458604364655
9111,5.441272261007287
9112,2.3092407781735176
9113,6.197702598626509
9114,4.673699769681962
9115,6.026080181379105
9116,3.5077430168695174
9117,6.229228396425778
9118,7.816481875909726
9119,6.475613535523245
9120,5.416287737290414
9121,9.383401168260711
9122,4.3135036142284084
9123,7.6967737116299615
9124,9.726325542078268
9125,6.1408973434926
9126,4.846172561784089
9127,3.890207639473411
9128,5.8519472161716255
9129,4.409240004497665
9130,5.943892898579147
9131,5.23915275686676
9132,6.891672774622742
9133,2.403631776521636
9134,4.835381520411768
9135,4.479393613249528
9136,6.590228345770969
9137,7.463493363971832
9138,5.012990506953708
9139,5.400777421462999
9140,6.071029260093674
9141,5.612084556555139
9142,8.092177956261366
9143,5.690438223481419
9144,1.8041768068243862
9145,4.034854358427438
9146,6.0493498157679735
9147,6.524972493895162
9148,7.444546285040968
9149,5.662585351904113
9150,5.664862750648269
9151,5.334177861859562
9152,6.913490566079412
9153,4.784099705556551
9154,5.558757855366167
9155,5.575869273673614
9156,9.198344074335491
9157,5.223782119294298
9158,5.2644245299041525
9159,5.503312932341886
9160,4.738101243387124
9161,7.938115030039717
9162,6.614403188186129
9163,4.829216764883065
9164,6.818143375356606
9165,8.311215997181566
9166,6.442994426934913
9167,3.987924646501213
9168,6.513878327697126
9169,7.452186355945578
9170,5.608134968737031
9171,5.084040704231928
9172,8.180763560650131
9173,6.346294044463498
9174,5.480131875806964
9175,5.246371754743901
9176,4.100823721423958
9177,5.069551609365266
9178,4.3898535489677615
9179,5.032217972572129
9180,7.297465626344819
9181,3.9701020638376354
9182,6.503036043129075
9183,9.947505581426874
9184,6.819624375401103
9185,5.612858020196488
9186,3.812145221379821
9187,8.337943163027491
9188,4.815578744534
9189,4.578764000721215
9190,5.589422905163479
9191,9.598750631424345
9192,5.853337113186609
9193,5.221416458116323
9194,7.899151639291025
9195,8.37225213022587
9196,8.808578902035038
9197,5.347499830013038
9198,3.9561841258316788
9199,7.520118857773793
9200,4.8937316289212145
9201,6.809090081429812
9202,4.263429279960527
9203,3.7332371186358584
9204,2.570901858000097
9205,7.93790362291479
9206,7.217179297292713
9207,4.3759362336752385
9208,3.4450407371977314
9209,4.578802888296863
9210,8.833500917489056
9211,5.714318173249913
9212,5.471295944566191
9213,4.069134123428689
9214,5.829691947861368
9215,6.600809763879201
9216,3.9999123465724926
9217,6.709755235522424
9218,5.736265887334412
9219,4.57132217773739
9220,6.516600529731171
9221,5.247308785110324
9222,2.174663181178476
9223,4.6824232016242595
9224,5.817542148535258
9225,3.0429921593313005
9226,5.187010292673595
9227,5.850398873359875
9228,5.009885106461928
9229,9.470255581535564
9230,8.821173538396847
9231,1.2312464836331687
9232,8.657702828694235
9233,5.664437560328299
9234,3.808996120639398
9235,3.0208534326804495
9236,4.329807161208565
9237,4.002966143382226
9238,6.7095104978012365
9239,3.8453011313372247
9240,2.908053523013127
9241,6.851344584690514
9242,2.965058637569353
9243,5.933180689095032
9244,5.826840733339645
9245,9.205054154933542
9246,8.111869068739232
9247,4.492086087045575
9248,5.678957699241307
9249,3.641192301418779
9250,6.35495323850909
9251,6.358236207662737
9252,5.026192853249898
9253,6.121518319121832
9254,6.300791328125303
9255,2.980114102237893
9256,2.725772461056823
9257,4.289380355733117
9258,7.371049392882661
9259,4.157823079538071
9260,6.775176205106222
9261,4.974408489755739
9262,5.594799807185146
9263,8.387745685864068
9264,2.754756873653892
9265,5.265805392820047
9266,6.38330500890909
9267,7.4320816717204945
9268,8.662860556767935
9269,7.219600829220709
9270,6.136357341391238
9271,5.975821150239089
9272,6.996923672619122
9273,8.54778741857047
9274,9.325535288804742
9275,4.75652809111744
9276,9.369723433888165
9277,4.1664256382485965
9278,6.292452611934585
9279,8.574099114346273
9280,6.514580944523675
9281,5.386851751573479
9282,3.5677562010140353
9283,3.935707634660941
9284,7.116409656488416
9285,4.315213686766068
9286,5.835612817397188
9287,2.302362516650668
9288,2.1859414869305844
9289,7.249313535731622
9290,8.618574621420269
9291,2.0309414369098597
9292,7.545222282282849
9293,5.478108332198648
9294,2.264502398349836
9295,5.007823088340087
9296,5.624289430060463
9297,7.524421086850511
9298,4.828007748250623
9299,6.134171640549271
9300,7.4314479650510625
9301,3.972436275404837
9302,5.021222226844532
9303,2.2954626126363813
9304,2.879291094487517
9305,5.708443495199942
9306,3.3045967122915094
9307,1.9740599177703668
9308,5.272622735290076
9309,6.231251088784285
9310,7.952619370701692
9311,9.133871780778048
9312,2.460353537048195
9313,7.168980640479047
9314,9.31091039455667
9315,6.801847280500805
9316,4.279716659944359
9317,1.958863457051517
9318,5.376027966590186
9319,6.641393612916137
9320,6.844209927397133
9321,8.213633016073246
9322,7.852378333640851
9323,1.5158298802699997
9324,2.6258726315439196
9325,6.310269724305401
9326,7.634769210613575
9327,6.856749119970815
9328,4.04266575172138
9329,4.370133627599685
9330,1.8443104315943932
9331,4.760420411741277
9332,3.1718718142601157
9333,4.439615210689682
9334,7.422705588898947
9335,6.729658621627441
9336,4.340212151585725
9337,8.849122046228551
9338,7.282570416540866
9339,9.041707181159435
9340,7.168176548038557
9341,5.659936388957222
9342,6.158450225529391
9343,6.461352078256134
9344,7.332352465977682
9345,5.510649243857833
9346,4.8164561722725105
9347,9.366648348763096
9348,4.970859344826663
9349,6.360169263132354
9350,4.979039484192665
9351,5.148983137805989
9352,7.01805214807779
9353,4.722911338479318
9354,4.62766506699445
9355,8.435156759502142
9356,5.273203975465385
9357,5.427959165092018
9358,4.4476543146196
9359,7.874791047289833
9360,6.056957908298014
9361,4.792309123175258
9362,6.12571742965643
9363,4.775845360653163
9364,7.0262464138617124
9365,3.4996415354441774
9366,6.9303614887505365
9367,8.729613427941173
9368,7.7623698462034945
9369,7.802511960770056
9370,9.53062738472982
9371,6.327456254699118
9372,6.239580327735137
9373,4.67733822339917
9374,4.026091893976352
9375,4.545308043610938
9376,6.9757476817685955
9377,7.527560126296192
9378,3.070049918162028
9379,6.23897909495895
9380,3.841706966875121
9381,7.00696496876526
9382,3.220579052031959
9383,4.9123936495282114
9384,8.452800144986226
9385,5.506102757676251
9386,4.277926090669821
9387,4.829204508767322
9388,4.703527539440909
9389,7.80026932144006
9390,6.26111538133464
9391,7.254255258937515
9392,6.282864800718132
9393,6.781855401585859
9394,5.285734541303967
9395,6.997790151286357
9396,5.23077913349068
9397,5.4628168213023365
9398,5.046928020341333
9399,2.797365492822269
9400,3.624024475949843
9401,4.883249125824751
9402,1.016680470256911
9403,8.18896938074893
9404,6.296552821787736
9405,5.608806270741505
9406,4.9692722241408465
9407,7.134243592270915
9408,5.272478293767069
9409,6.379718734761234
9410,4.884686927386086
9411,3.480299429434609
9412,5.556550945117548
9413,7.164013705298705
9414,6.328955214043241
9415,2.6410577633926042
9416,9.64676498427281
9417,5.412009544180757
9418,7.865776815589342
9419,5.128055517422472
9420,3.003318659763911
9421,4.237187492327606
9422,5.693973859340755
9423,4.057821919865556
9424,8.33364792486168
9425,5.626987623252357
9426,7.011171091430233
9427,8.830843110183284
9428,2.0581566039589814
9429,8.961288548718183
9430,5.126038547243157
9431,7.100182389612476
9432,2.6920651598757663
9433,7.586476935050053
9434,4.556538501890113
9435,8.381226737179261
9436,5.691160803381274
9437,7.4168984336378045
9438,6.983764008738469
9439,5.899109908976145
9440,0.6450769058008635
9441,1.0148486539144312
9442,4.079518033148927
9443,3.9669509693549
9444,5.002277498392679
9445,8.297477963192518
9446,8.166990626011543
9447,7.771658822762316
9448,7.759849574157315
9449,5.67875148117365
9450,4.624410280642697
9451,7.656014440107541
9452,8.66231005078092
9453,3.1122337134537634
9454,8.861480072054626
9455,7.323597558866699
9456,7.692563511195278
9457,5.712039135642928
9458,8.08354364195611
9459,4.445970791665424
9460,7.064297156124777
9461,6.485515189034948
9462,7.926665188248668
9463,5.431990845431162
9464,3.0530879365936947
9465,4.114081139609043
9466,8.034398866572397
9467,3.8286513023573683
9468,6.24517012179368
9469,3.1043630606782413
9470,6.0225935148212955
9471,6.838786428843172
9472,6.2085860291946435
9473,4.8600728101491635
9474,1.0266913240975968
9475,6.622344870856646
9476,3.5954852879413433
9477,5.68375595303473
9478,6.958967611965854
9479,7.498372598071266
9480,6.535284054432109
9481,6.1971335654999
9482,4.625087856289901
9483,6.79828624674758
9484,2.884233347954116
9485,8.68514688936272
9486,6.149970282609271
9487,7.767635342774229
9488,7.851586143582935
9489,5.943361266007342
9490,2.1221870885302554
9491,6.276689350856498
9492,6.601354205009711
9493,6.645743497898893
9494,6.7664496822402285
9495,3.5831251832203086
9496,2.9593415738764772
9497,7.239848517927715
9498,6.18501773879277
9499,5.776739616239773
9500,6.0977236171917655
9501,3.520246342400005
9502,9.01861800311229
9503,2.595262433427055
9504,9.068477246283424
9505,4.538419777513837
9506,6.861178356818565
9507,9.290501773988918
9508,7.653299556514819
9509,3.0892342033980986
9510,8.360927485515695
9511,4.663898587158599
9512,4.6259544161333945
9513,4.11759405098739
9514,5.3526654921745145
9515,8.944557776778094
9516,6.341649084944816
9517,6.576612161658801
9518,4.879724802938893
9519,5.428392459901332
9520,8.40620746894976
9521,5.718793244146328
9522,2.6590741339733297
9523,5.854396160090724
9524,5.950618781242429
9525,7.033585241103417
9526,9.035588373168494
9527,7.733240728207883
9528,5.656703932972409
9529,3.400455473956815
9530,4.880118533869616
9531,4.480921902919135
9532,6.662535185755361
9533,5.260065802957838
9534,5.199007990005786
9535,5.271590441763779
9536,5.20052863880841
9537,6.421000351815892
9538,6.097404259595054
9539,5.788410726794282
9540,4.052060900683184
9541,3.3412033467521205
9542,5.351143848989063
9543,4.789529576215137
9544,4.18059940874135
9545,5.74007145298429
9546,3.2235731962535583
9547,7.500802278276355
9548,4.502180397527163
9549,8.918493895197493
9550,2.1229051420392033
9551,6.4754193551340595
9552,5.3889156598796735
9553,2.287401277513527
9554,6.188286587094852
9555,5.44630112248284
9556,5.6394201107608914
9557,6.601716583094621
9558,5.315857492132947
9559,4.73596241369604
9560,4.148394983725572
9561,7.092473494436819
9562,8.755622194414515
9563,2.3106082707291997
9564,5.737082076971766
9565,7.874295355275798
9566,6.119865764610144
9567,3.4847972281415043
9568,5.821178939029066
9569,4.475849831138485
9570,3.422338121862726
9571,4.621138457170129
9572,4.860990008269802
9573,6.908567725453656
9574,7.79995518626698
9575,6.843762754612337
9576,7.896872271086235
9577,5.3250363756841885
9578,5.847537773069788
9579,6.207952920851578
9580,6.378318663631614
9581,7.937960878843132
9582,4.6772439385001015
9583,8.623346178370632
9584,3.1505313726327424
9585,6.654377343346457
9586,5.413925774144801
9587,7.684984421968542
9588,4.046260435167273
9589,6.24831240635574
9590,6.057711830170349
9591,5.635983494778574
9592,7.409419662365609
9593,5.429995287342784
9594,5.767299856923448
9595,6.171048927802678
9596,9.0562579139164
9597,6.533150066976309
9598,5.571563690933075
9599,6.420333423924323
9600,6.242143084970916
9601,4.334662054443749
9602,5.888553095692441
9603,6.33426916210581
9604,8.897740877328985
9605,5.2494862359345085
9606,6.69101651453731
9607,4.866936854991161
9608,6.195119638950748
9609,2.7433920162816325
9610,5.905796237529362
9611,8.30586973342373
9612,4.099865992603689
9613,7.212031745478083
9614,3.6387714910324247
9615,7.664911546873047
9616,6.964194015080993
9617,6.055283730921603
9618,7.087501053878356
9619,6.05826102296497
9620,4.52701258645342
9621,5.169332807047672
9622,5.373432550975485
9623,7.691572683435725
9624,6.012077213861279
9625,6.130741600582333
9626,7.160926893295143
9627,5.082337373514596
9628,7.4683393545321515
9629,4.379781545308852
9630,7.556733311225518
9631,3.176165168873186
9632,2.1804562524428945
9633,3.909853248638742
9634,7.025106039420627
9635,4.3164880988558405
9636,3.833599410790015
9637,4.083650706519573
9638,8.133148272639202
9639,5.585448744688588
9640,7.178548591283747
9641,3.6917767719041956
9642,3.7517698645075606
9643,4.450919159644979
9644,6.356783377329389
9645,5.972946688586813
9646,8.164968617977106
9647,7.994896467037819
9648,2.753982891987304
9649,8.60577924718282
9650,5.640257052214185
9651,7.955165491988039
9652,9.281214557571502
9653,5.828539466340683
9654,7.983212114056649
9655,4.188934245135899
9656,9.971450997132
9657,7.954050646325065
9658,3.3309075724863835
9659,6.906059416940463
9660,4.945102958785872
9661,7.8130182103149135
9662,1.4853207657019176
9663,2.066011190005423
9664,3.2496142639007553
9665,7.690602310352832
9666,7.750179012455543
9667,7.849917817049267
9668,2.903656593292202
9669,7.014854821238771
9670,4.065708179487408
9671,2.5259841387685342
9672,5.483855243639164
9673,7.825816795081336
9674,4.507373733801705
9675,6.27854379687669
9676,6.402481844374179
9677,8.381207065654934
9678,5.100352902256299
9679,5.201110610095662
9680,4.860679134711276
9681,7.543357310853153
9682,4.273713582013102
9683,6.0151635425656504
9684,5.798042380287123
9685,5.894119817838182
9686,5.864644785597119
9687,8.393343489869526
9688,5.995482801180217
9689,9.204837228300287
9690,5.995496812879193
9691,7.255019541545737
9692,7.034180339734039
9693,5.64081930034375
9694,3.491968373543709
9695,5.956112966271615
9696,8.775257202241848
9697,7.680826537271824
9698,6.520247055835064
9699,3.9652496207464387
9700,5.984066039146235
9701,5.598748612946517
9702,5.128837882232875
9703,5.044015226928685
9704,10.043579674022618
9705,8.456931103049248
9706,7.045391587243342
9707,6.226208350965035
9708,7.047873523356796
9709,5.753927030654737
9710,2.9998346079379745
9711,5.57719141307008
9712,8.94340669641386
9713,8.551028140218929
9714,6.7463078233258855
9715,6.9013419331383705
9716,4.480057457715619
9717,0.9031533041270761
9718,6.868106712356061
9719,4.5719842993376805
9720,8.460504001277657
9721,2.9437951991947457
9722,5.9982762457889685
9723,4.437055449488154
9724,6.807216012007819
9725,8.556142757963435
9726,7.090804064521727
9727,6.596796632637025
9728,6.886767942759148
9729,5.540276711138637
9730,4.7001860191688145
9731,3.3967783799308435
9732,6.596453002238363
9733,8.641868199863493
9734,6.896382600698903
9735,7.496231215553928
9736,3.276480834726217
9737,8.257753032147745
9738,3.346695190169526
9739,8.051340557145869
9740,5.769620386594085
9741,6.881856999291067
9742,3.2939095584166713
9743,6.90667109851903
9744,5.201102027986283
9745,6.231630408791287
9746,7.231024021332978
9747,4.579387663409516
9748,6.204068057812031
9749,5.27300351285181
9750,1.8471977394435752
9751,5.966740767168109
9752,3.9549219353717464
9753,9.10712705395063
9754,8.713429527034183
9755,6.7263585586254155
9756,6.542661462588797
9757,6.696310189895412
9758,6.991866275162735
9759,5.799776896645855
9760,6.71120197680839
9761,6.605836686828413
9762,7.035984556747218
9763,3.373527977423664
9764,9.076465387640141
9765,5.948942520299778
9766,5.609877931760887
9767,5.884713559631035
9768,2.6924170716509166
9769,3.8894318972445583
9770,3.5044587819371578
9771,5.604643805914472
9772,5.0921998465513365
9773,5.769486658087323
9774,9.540049030833547
9775,3.3115070365991484
9776,4.846602373819616
9777,6.361766047507325
9778,7.8203860197764
9779,8.300108442518937
9780,5.563895753066839
9781,8.813481340986383
9782,6.799412420141419
9783,7.532340055251667
9784,5.965282762846258
9785,6.0473222236449775
9786,8.71155187873354
9787,3.340805335728617
9788,4.101105127090663
9789,8.254013451555874
9790,4.782955362476642
9791,2.433263248138989
9792,3.59679361291436
9793,9.616247565727875
9794,6.575265462582176
9795,7.2702854766090415
9796,4.185809013852362
9797,5.869962850547091
9798,6.973491014656392
9799,4.521589274117302
9800,6.21030313469233
9801,6.950777114355488
9802,8.610302500443808
9803,3.9802746206040927
9804,3.525541844959952
9805,4.5847676627824665
9806,5.676223823578111
9807,5.46413179055809
9808,6.625935390481345
9809,7.314063480094733
9810,2.259348437356973
9811,7.905842837899632
9812,3.523819689954268
9813,4.371262482599865
9814,5.752629369233533
9815,5.0119153918695085
9816,2.4710011843439315
9817,4.903745307481449
9818,8.150068384221948
9819,3.3207653010534726
9820,6.794397648586016
9821,4.978350482606177
9822,4.829072724154341
9823,6.457214319877871
9824,6.575715909075525
9825,8.332615965543056
9826,7.836354775362494
9827,5.377546404513241
9828,6.546267107277672
9829,7.0350854424989695
9830,4.22345058421379
9831,7.031843469410792
9832,6.652965055171466
9833,4.72817535384426
9834,7.990095533229123
9835,5.366067846886284
9836,5.6996045764393966
9837,4.719047491376609
9838,4.4611675753313
9839,5.1614683802963555
9840,7.640995030831563
9841,8.810336366878188
9842,5.013913177813587
9843,6.36413526226174
9844,9.701489621678995
9845,5.403938297909659
9846,8.303720279371586
9847,4.159819594264571
9848,8.601494456427586
9849,3.204650732385928
9850,6.51896237940629
9851,5.7309704274055635
9852,8.004632075137165
9853,6.378123272181486
9854,6.511614702279413
9855,5.896299434180638
9856,5.771147955412344
9857,3.579964293300878
9858,7.167880298502096
9859,7.976488333327353
9860,6.388181814837225
9861,6.1241886206956355
9862,7.109598049073011
9863,5.775849652257922
9864,4.5809133679375424
9865,5.131508354038228
9866,5.929284045911067
9867,8.500801151617505
9868,8.684998310752864
9869,2.3900934703257053
9870,6.723114391365209
9871,2.897823574746819
9872,9.47490171053006
9873,6.049689593105599
9874,6.827403488447937
9875,5.323691790869026
9876,5.2341862782111495
9877,7.75256207511598
9878,5.578978498500176
9879,4.194790808451263
9880,5.718365408962724
9881,4.784780688998862
9882,4.9365913715947
9883,7.289756520934027
9884,5.411183160516401
9885,6.4520376024034
9886,4.335795432291453
9887,3.681391273700204
9888,3.6405310435836102
9889,7.536261484647566
9890,3.398964687710574
9891,8.04014036272768
9892,7.515023599283481
9893,7.437280140470832
9894,5.389296936087032
9895,6.933006006758772
9896,4.508947229229896
9897,6.9352815549949325
9898,8.254937935524843
9899,6.616094578129772
9900,6.845931488643388
9901,6.804211942306499
9902,2.8291569035862683
9903,6.899373736925844
9904,7.336526935362072
9905,2.2517377650488815
9906,7.914659989103288
9907,5.167979334082988
9908,4.733667440171287
9909,3.9032766375885126
9910,8.460297810428468
9911,8.187067872350987
9912,7.705240950063937
9913,4.256794800544038
9914,9.17674242973139
9915,4.010360721081962
9916,5.3833042122300405
9917,7.1102279509744
9918,4.984714615546551
9919,4.9883956193044
9920,5.618136496133312
9921,8.344284684309235
9922,5.388899649243318
9923,7.372931411022326
9924,6.497056615411932
9925,6.844439386764252
9926,3.130344738704732
9927,4.147900979520352
9928,6.444043699561161
9929,2.657909162984456
9930,6.392997795159723
9931,7.141517933420086
9932,3.0157050421770517
9933,7.651113178840746
9934,7.092466895414066
9935,6.530465594242921
9936,6.269829461026514
9937,3.3634405389383155
9938,5.480162537935856
9939,7.1647591967495625
9940,5.200150612664081
9941,9.187804752680474
9942,5.170506225885221
9943,2.8395590508035897
9944,7.214902304968419
9945,5.366116252543652
9946,2.1631178458104934
9947,6.608122395721246
9948,5.429952321433101
9949,6.3499948676296345
9950,6.664600116950202
9951,8.02618909096735
9952,7.130174242814886
9953,4.838855818831853
9954,4.709420740323309
9955,6.633000947612659
9956,4.150662851698478
9957,5.855058181152755
9958,4.997594033137236
9959,4.355116076449512
9960,5.457027308877511
9961,5.647808770734685
9962,5.502937304875587
9963,5.675014993185608
9964,4.548408980051967
9965,7.632494707606559
9966,4.25387580723205
9967,4.393683687456206
9968,7.675192216907657
9969,6.936045934714823
9970,4.753671678682867
9971,0.6219759266988112
9972,9.968142721068931
9973,4.3420259353867845
9974,6.057727643731209
9975,5.252044631235157
9976,3.885577854500312
9977,6.303794193997826
9978,2.202732605007485
9979,7.1949993046158305
9980,3.853143097009962
9981,5.735000908572072
9982,8.09478885037956
9983,4.871529580955587
9984,7.992014481832964
9985,6.855736366947275
9986,8.60803881962449
9987,6.768450914482191
9988,8.264666403684933
9989,3.097074631007472
9990,6.276501853655317
9991,6.039712695678742
9992,3.141003821895721
9993,2.7892673574902456
9994,4.455067272375453
9995,5.663071890761778
9996,6.944293830420021
9997,7.595986756417618
9998,5.813457730122268
9999,2.7186839209618454
10000,6.777348039133003
10001,5.186995685416886
10002,3.658271790026684
10003,6.7445713319776015
10004,5.3923781536597915
10005,1.7963754232773708
10006,8.180503976692155
10007,8.81283241720783
10008,8.386084047225822
10009,4.647661411154122
10010,2.920547123274649
10011,6.157807287906513
10012,4.284484540015018
10013,5.914081063309391
10014,8.280663438311072
10015,7.28129238444637
10016,6.608626415883001
10017,8.195144620659454
10018,4.261033022663799
10019,5.068775135281318
10020,9.331280431979529
10021,4.521639890481447
10022,5.274022916460462
10023,5.406174831247233
10024,3.156888413021286
10025,4.158488784999888
10026,5.965980557255493
10027,6.1818274545088645
10028,6.788354097555767
10029,5.049808683350184
10030,5.634409967556411
10031,7.1856661037743494
10032,7.87462196288501
10033,6.062413267634928
10034,6.681102924548599
10035,2.9816658458796574
10036,3.925306783399706
10037,6.554118273486013
10038,5.4891711799587055
10039,3.857269941937889
10040,7.019325882827858
10041,1.2054498484209624
10042,6.7935866527766695
10043,2.2518058079347543
10044,5.077170627423663
10045,7.291350441298427
10046,5.689073673965559
10047,3.7285625645280684
10048,5.178995642657576
10049,8.19456530784887
10050,5.9382810379144395
10051,4.94659639738879
10052,5.438902006341619
10053,4.914465036274246
10054,3.509574556330099
10055,5.271250072111016
10056,9.398733102677594
10057,6.511752147019951
10058,5.229221059503244
10059,5.807065380826786
10060,8.329517951338316
10061,7.486623768388279
10062,3.4584131251530046
10063,4.963873527115365
10064,5.7554139784933644
10065,3.1739066886619867
10066,8.660918073146172
10067,5.438722541362328
10068,9.378705390391092
10069,5.796425217473839
10070,4.861952382891775
10071,6.73528980464514
10072,3.64772697483559
10073,4.188130760890375
10074,8.447868757036776
10075,8.216439955275781
10076,4.42535775667094
10077,9.126093295677377
10078,4.28578068487979
10079,4.8410168556477045
10080,7.810644196233771
10081,4.035078094917234
10082,3.715181911743017
10083,7.3580359791871786
10084,5.3742297449400915
10085,3.366870318058228
10086,8.19880199319865
10087,2.547393113784978
10088,5.267906217293601
10089,3.7760797147832847
10090,7.369100722259352
10091,1.6464331366612601
10092,6.119366018119694
10093,7.793103648007151
10094,6.785101505315666
10095,7.91947518247957
10096,2.4807703865406054
10097,6.756472402825205
10098,4.935741400339735
10099,7.5863934900490575
10100,5.077850396766392
10101,7.184718334268131
10102,3.563484833814263
10103,5.49032333015796
10104,7.573365767900241
10105,6.683687306429392
10106,7.351097068440103
10107,6.73101952371022
10108,7.94401179829513
10109,3.2823507858376977
10110,2.5413939104943126
10111,8.57250109342893
10112,7.03438692908407
10113,8.313848781101552
10114,7.167746767734451
10115,6.394050796903244
10116,6.604540745953704
10117,6.815487130989034
10118,5.5579348377761795
10119,6.940472093666034
10120,5.779902821061982
10121,7.0943360492315595
10122,5.492007747128958
10123,7.271092437775904
10124,7.825520173872537
10125,5.781466065465359
10126,4.8296060631477955
10127,8.973430102078371
10128,6.664704307161633
10129,7.819073456103101
10130,5.105547608514518
10131,8.025219748031585
10132,5.54696381028476
10133,4.026375377723377
10134,3.4985734367454446
10135,5.770876418659394
10136,3.445434790013107
10137,4.044445745274431
10138,4.17245527267389
10139,6.637966032635346
10140,7.7296060603640395
10141,7.95317998055706
10142,3.546513996367883
10143,6.353829709112619
10144,8.854969933905181
10145,9.84665647633651
10146,2.3525860508046392
10147,3.94613896337031
10148,8.103034781375847
10149,9.209627149972624
10150,7.147609568489518
10151,2.434412210953065
10152,7.649482756684613
10153,2.618302763271528
10154,6.434214364545095
10155,6.095853818852572
10156,4.902989169380065
10157,7.8466370309279005
10158,5.4457581772563
10159,6.750718306268487
10160,5.844752604644489
10161,2.3161246199153775
10162,7.6456746935258115
10163,7.128396951083802
10164,8.222028671150694
10165,6.857797504841963
10166,3.5300507632666815
10167,8.51683482368394
10168,5.130671351715973
10169,8.832482466109226
10170,6.421320444697734
10171,6.303706366565775
10172,6.527449167941668
10173,2.0628026813785407
10174,6.6295925760673695
10175,7.399708875353346
10176,5.076228720591857
10177,4.61040967996332
10178,2.85197878622323
10179,7.345602136332841
10180,6.71043737861012
10181,3.7710355671050784
10182,6.180203066830545
10183,3.115841245321711
10184,6.293457347065434
10185,6.387805215979042
10186,4.65929909917929
10187,4.498106472097136
10188,2.095015286106875
10189,8.685594759567044
10190,5.4841387011804414
10191,9.64262962989459
10192,5.350454495377929
10193,7.275155133603038
10194,6.709610922829027
10195,5.445942593576452
10196,7.045050713937961
10197,5.082983049094284
10198,5.7877909049331855
10199,4.91540323839788
10200,7.2729155784338
10201,4.11894654022999
10202,1.592266490295573
10203,8.206907516753299
10204,7.909973811159944
10205,7.553844241437911
10206,5.938374889572724
10207,8.309497674124756
10208,5.279226508981619
10209,3.435547293130286
10210,7.461921422432309
10211,6.731534241842541
10212,4.977575552723315
10213,5.522192662555526
10214,4.628621446145157
10215,4.9529970949130036
10216,7.182608529487089
10217,8.417866850973322
10218,6.5132929255759215
10219,6.754010960389769
10220,6.933070768266327
10221,4.727632639966366
10222,7.233662935111366
10223,2.6487611414606738
10224,4.565146517648537
10225,8.030862269941457
10226,5.936658125910051
10227,1.9336627605803554
10228,3.18145219564191
10229,4.25449118794081
10230,6.77465051669456
10231,6.2209399877287535
10232,5.183729821987044
10233,3.982219265042807
10234,8.141433153529094
10235,6.0474040593597
10236,5.657124874970204
10237,5.915859343204892
10238,4.1530016703751125
10239,3.6437788974758774
10240,6.1857609378681415
10241,5.462540423814727
10242,3.232586671122644
10243,5.373037037836721
10244,3.3963891995369524
10245,4.413864578705055
10246,3.040865491705288
10247,7.452700164622387
10248,3.676422119924089
10249,7.765841657449711
10250,7.928841648411437
10251,8.55798541612052
10252,5.862661307124338
10253,4.438593158828523
10254,4.966873009908653
10255,4.551916568496427
10256,6.914572535498534
10257,4.6428535757472
10258,3.8407546662153638
10259,6.248200288515571
10260,6.543510167518028
10261,6.339810305382898
10262,5.466311764581882
10263,7.630382112704807
10264,6.155636249429312
10265,3.089188961157239
10266,6.31233261719242
10267,4.498548858166596
10268,7.202992144733856
10269,8.244641774117127
10270,7.323740077622071
10271,4.100967692358607
10272,5.133312585250123
10273,8.467784067254216
10274,5.707614791282351
10275,5.958603373118001
10276,5.024844256602998
10277,5.95008711660955
10278,7.317909009559225
10279,5.118078343825049
10280,8.603880180448133
10281,6.8591702633786
10282,5.936184434465972
10283,4.478299755125596
10284,8.695313562034709
10285,5.57730610098959
10286,9.154197778256487
10287,6.666519194687499
10288,7.168612145499955
10289,5.666245251077069
10290,4.509524766885815
10291,7.686057076576104
10292,8.147049004634422
10293,3.580805178312733
10294,6.031984776999424
10295,5.799052536118848
10296,9.004157118041423
10297,3.0993929488908227
10298,8.79805544280393
10299,6.2244311851522145
10300,7.210065731803152
10301,9.345413119405062
10302,6.805886652474988
10303,7.0999142967542
10304,7.844780462073722
10305,4.202158176145453
10306,4.165747749651172
10307,7.191542969463554
10308,5.067528778572168
10309,5.31931713899071
10310,6.483370494052384
10311,3.0466310459145713
10312,4.466941021454563
10313,5.791673760998503
10314,5.799171720873577
10315,4.957720921917992
10316,9.323837491618605
10317,3.121634161120119
10318,3.3635096949541436
10319,3.793781312635152
10320,5.5993370338007695
10321,4.342523738067225
10322,6.653843692209766
10323,7.76108395603787
10324,2.48115159340402
10325,6.277359085453773
10326,4.0279517390637425
10327,7.28372776666823
10328,4.444370712124787
10329,0.9907447915146491
10330,8.822383315618044
10331,2.9283697658598644
10332,8.911371286409683
10333,4.182634178302605
10334,5.490888675675006
10335,8.511614554481367
10336,7.580813807327374
10337,9.280657505626067
10338,3.8488232677456864
10339,4.039315866470603
10340,7.929527417743255
10341,9.724975649163717
10342,5.898105336147072
10343,5.122986788401191
10344,8.62345547028353
10345,5.685799412548873
10346,6.105161963612028
10347,1.7291494289101024
10348,7.374447436165308
10349,6.471749055263661
10350,4.199760382696509
10351,3.21610791878695
10352,8.374118323010775
10353,3.9890045579243405
10354,5.841040551442556
10355,6.172660943672108
10356,4.833606564944394
10357,7.147335850480887
10358,3.9705181413823616
10359,4.765836919057305
10360,6.373588299334848
10361,8.50987724886236
10362,3.5028908252826128
10363,6.2633897950403234
10364,3.6537797294217538
10365,4.741725291500556
10366,3.412433617273276
10367,2.779742805136507
10368,7.023868352110643
10369,5.475228901796825
10370,8.849338535194205
10371,6.985080746036124
10372,7.487366443636636
10373,3.705601902910274
10374,4.66284564388304
10375,3.5001058959936295
10376,4.07867648620401
10377,4.989643587297316
10378,3.8486639233500393
10379,5.241881020022344
10380,7.705480484838669
10381,4.372756632213163
10382,7.611876033112259
10383,8.195282345391426
10384,4.380719765769324
10385,2.296158783355476
10386,5.2618463646164795
10387,4.188699735137966
10388,6.341580535571017
10389,8.29708239959565
10390,8.374311586810407
10391,9.353695157153425
10392,6.171407941515422
10393,4.901409879181495
10394,4.893115280976529
10395,3.7140952357004564
10396,2.1491676563932223
10397,4.0358313715884515
10398,6.8702278652086335
10399,2.8649590476888296
10400,1.9752040793896826
10401,5.594703893847314
10402,8.079820904782254
10403,3.329256733878461
10404,5.742642658505533
10405,7.444123101512395
10406,1.9555327467790293
10407,9.068315835309571
10408,2.9943105668660386
10409,2.1259107200042284
10410,3.168428354843334
10411,9.915432856909783
10412,4.204481671161156
10413,7.854121289962899
10414,9.097470787003491
10415,6.666809598700405
10416,3.1523376003373738
10417,4.053000766469138
10418,8.4423732311772
10419,2.772465232184429
10420,6.540503727347802
10421,7.123797174584875
10422,8.57775452816619
10423,6.569959817739159
10424,6.110695544788486
10425,7.179520589744787
10426,6.364082828269406
10427,8.652453633135645
10428,6.36126176435205
10429,8.140204790543612
10430,6.839296177219672
10431,8.374051770217509
10432,7.972285644248364
10433,6.74699902981635
10434,6.32591173403468
10435,6.648145162737714
10436,4.853596217596181
10437,7.809472766383145
10438,5.194774008313138
10439,7.0449556278282515
10440,4.509329361560528
10441,7.976819480084935
10442,7.2779956786890345
10443,5.487610883747578
10444,6.528824515517651
10445,3.353062175535663
10446,5.739791477719673
10447,4.582025697456199
10448,4.902026670807492
10449,3.2599850822358425
10450,7.0600313674293735
10451,3.7477941842893876
10452,8.25638745375105
10453,7.166440408019701
10454,8.042696449668803
10455,5.397956437690796
10456,5.908842645558519
10457,6.3985980198490875
10458,7.538366085373223
10459,6.795627372136458
10460,6.237427848434809
10461,6.04129391528252
10462,4.245388536044965
10463,1.8103088857010992
10464,5.754570451038469
10465,2.0041740135045076
10466,9.221597973142407
10467,5.014600000491513
10468,8.925756962122547
10469,7.532813365714575
10470,4.102240216429185
10471,5.211290920921993
10472,7.23836769478879
10473,4.3331447230823255
10474,8.60628702413218
10475,7.717835218631306
10476,8.110887996297002
10477,4.993309737032515
10478,9.366597024560662
10479,5.369266483119132
10480,6.541335471594256
10481,6.451516227224712
10482,3.972925884378518
10483,4.9198562843339
10484,4.793471725905365
10485,4.061364995513125
10486,6.650288513482703
10487,2.604467155389698
10488,6.19996616834833
10489,2.7149273143639876
10490,4.050397540445956
10491,7.655562541588127
10492,6.064681766526514
10493,8.101035160550353
10494,3.062915127422493
10495,9.409151979392997
10496,8.743367378831902
10497,7.100928199458691
10498,4.3786799197889845
10499,5.965033126107751
10500,6.140799056395557
10501,7.894276359108453
10502,4.046079789866958
10503,3.443712711810391
10504,8.531688319354814
10505,7.494297672864981
10506,5.628490477032427
10507,9.293096549915674
10508,3.985556742540594
10509,3.244681602946082
10510,2.522209554632242
10511,5.171958048608211
10512,4.338680850285061
10513,1.6034158384807953
10514,5.886025840642505
10515,7.371052259042294
10516,6.649162279143903
10517,6.517545679731715
10518,5.021015847562156
10519,3.8475070772254147
10520,2.307285172970305
10521,8.002450849517926
10522,10.018816487090714
10523,8.273180307274817
10524,8.636230999982416
10525,4.488809766290613
10526,6.75584696342132
10527,6.572424596817179
10528,10.074789472993285
10529,8.556164973914369
10530,3.5598710336375428
10531,5.11195531856
10532,6.9664782063327
10533,7.270886841584479
10534,8.920124402072261
10535,4.52209406222816
10536,6.799620731745851
10537,5.770770004054635
10538,7.349033804390167
10539,8.12170522250703
10540,8.220736777438024
10541,5.62436930917428
10542,3.7694348832193345
10543,3.559835251623196
10544,4.594186090196348
10545,6.731712498352919
10546,6.2961999129975
10547,7.973620805996686
10548,7.6063559208636375
10549,6.745994884124127
10550,4.011887305512594
10551,4.5943510081197045
10552,6.80554788278475
10553,4.5838953153239315
10554,6.354055291091671
10555,2.866662184101053
10556,7.8597788640209565
10557,5.823568838077776
10558,6.015161714973259
10559,5.868389767367542
10560,7.519528856798471
10561,1.5218686979350604
10562,7.761218495098843
10563,4.71689301919467
10564,3.865531588851925
10565,6.042399589651055
10566,9.536251172363105
10567,5.400910505238646
10568,9.555042002696013
10569,1.9047099276714845
10570,5.569490081149361
10571,8.421616292512113
10572,5.442847346528489
10573,3.8851829865351903
10574,5.164489056830662
10575,6.050321215348631
10576,3.4401297997731763
10577,6.7971981288339345
10578,5.60910632734632
10579,4.492707284939206
10580,7.658218047393084
10581,6.123490284760356
10582,9.396019545385279
10583,7.363239690027978
10584,3.8870023340326982
10585,2.263518732990216
10586,4.858686608816325
10587,5.796709864500945
10588,5.515013612149687
10589,3.8398145299577853
10590,7.131150403016263
10591,6.477892749673289
10592,3.3094952183461874
10593,8.643611011230274
10594,6.995891604335274
10595,2.572229645603816
10596,5.938725530428124
10597,7.7073611760715774
10598,5.241446158245203
10599,6.185909533022422
10600,3.271636897220275
10601,4.550176002396727
10602,7.899780407340339
10603,7.5500072889239425
10604,4.58498025097836
10605,8.652891672706517
10606,4.119507290056319
10607,7.96689893018886
10608,4.488160203586778
10609,4.489485588778045
10610,5.727133897996261
10611,7.288475511991332
10612,3.4928661074395317
10613,7.214536878627714
10614,5.691438053096758
10615,6.811727178456034
10616,2.999051421769664
10617,5.637502725017164
10618,5.447140069158184
10619,7.305361445217342
10620,4.336284115991351
10621,7.667805157037369
10622,3.840834912315612
10623,6.817559276662889
10624,7.031810931673465
10625,5.762649453606432
10626,7.860268760215959
10627,7.59098379463692
10628,4.989277470826562
10629,6.433198664158201
10630,6.162727916153784
10631,5.713969407566129
10632,8.70602671729961
10633,6.37800955232307
10634,5.658200574973175
10635,6.77723019528544
10636,8.08293478635627
10637,5.498521846971435
10638,4.906289312931319
10639,3.8233423052185187
10640,6.144479130494261
10641,2.109156960579481
10642,8.886224231015504
10643,7.541213838954272
10644,8.948474526829413
10645,5.429412468313496
10646,3.5170714736778157
10647,3.6618234633998887
10648,4.22418842548871
10649,2.981140292543291
10650,7.523309385254819
10651,7.4968098772426295
10652,1.1137660246012575
10653,6.683749279526273
10654,8.513807660787814
10655,1.6996493949612164
10656,7.741913773593478
10657,4.627210789487476
10658,7.217034940291772
10659,9.68480502135221
10660,5.386042691664542
10661,4.461935445043332
10662,3.9911784405269355
10663,1.75391002733305
10664,5.956321666817557
10665,8.198553682690239
10666,9.432189253519336
10667,6.436889517028442
10668,5.629476805818901
10669,5.566098342036175
10670,6.774135995426005
10671,8.522509332021968
10672,3.689467849791315
10673,6.344156221681274
10674,4.370906918022246
10675,9.06771824061165
10676,5.416093896556678
10677,5.788060813330111
10678,6.717816690989217
10679,2.5855892144439183
10680,6.918248508672265
10681,5.05615578120294
10682,7.4265156968976935
10683,9.100025887231153
10684,7.860928312175373
10685,5.682874226244602
10686,4.795677536832125
10687,4.504104857331079
10688,6.166508523957478
10689,3.993435086491928
10690,5.862128467352646
10691,4.234264712792606
10692,8.710614229118256
10693,6.124273852446985
10694,2.3281981256724746
10695,8.522508522747367
10696,4.445184293650645
10697,6.464798001157503
10698,9.042530653267294
10699,6.819880877120537
10700,7.449384734788173
10701,8.96467050514582
10702,5.778757618888594
10703,8.277317161445676
10704,4.8980329705962244
10705,6.319282920492692
10706,8.977518137563727
10707,7.1253516358300475
10708,6.382206830914257
10709,3.827942702772643
10710,4.716951025467893
10711,8.546613988430432
10712,4.198916085237479
10713,3.9902446463417123
10714,6.122934112432255
10715,3.2229683543931014
10716,4.988508353429343
10717,7.442575773175639
10718,4.171138456913765
10719,5.707911986525889
10720,6.549452149329354
10721,6.766334545378811
10722,6.1432252998497425
10723,4.682704785481651
10724,3.8676028143599095
10725,4.9598858214264165
10726,4.946483884382333
10727,6.956325286478526
10728,5.488352532589763
10729,8.24885816992409
10730,6.584139818516591
10731,6.369194148134981
10732,5.429395955638382
10733,8.167707333114961
10734,8.011061138875109
10735,3.9387606284841725
10736,6.573512039691071
10737,2.746597607424231
10738,4.995075250086659
10739,3.7775004649364385
10740,7.749289433760391
10741,6.719596253349888
10742,6.020986265389014
10743,3.729378525012791
10744,7.736140785565038
10745,7.878598773887413
10746,7.417557353871449
10747,7.4249936016255065
10748,7.7304720267613085
10749,2.8489143516721502
10750,5.24818927438456
10751,1.2006564843847443
10752,8.993329336669662
10753,6.538651218556372
10754,4.326678888436184
10755,4.61585715075376
10756,5.724289205661541
10757,8.47982567108939
10758,4.514895816975982
10759,4.782853557271602
10760,3.266587202201487
10761,7.3449199207735365
10762,4.911621642216581
10763,2.8323783658108916
10764,0.7430538400068079
10765,3.1785375438999646
10766,6.468699405712221
10767,7.759071311963849
10768,7.618299926930346
10769,1.4912880586947215
10770,5.0504867786682714
10771,7.547356056770205
10772,4.213689618341068
10773,7.028467167439228
10774,2.336971921370921
10775,4.474514694338354
10776,6.558674460792232
10777,4.864349045903033
10778,4.773720288084202
10779,4.8189047174055135
10780,3.3620948428930344
10781,3.790366368512759
10782,7.58675553267589
10783,4.373741213674055
10784,7.719261302957429
10785,3.455415345546945
10786,5.935533837423195
10787,5.379171674385476
10788,6.535215598792107
10789,8.097500691026411
10790,3.4955725096070207
10791,4.342538132362433
10792,8.38004296415118
10793,7.824966116389042
10794,6.407986951936612
10795,6.877756844382752
10796,4.785256756698217
10797,5.985800901203162
10798,2.942318519340347
10799,7.961108179557346
10800,4.6350907562058925
10801,7.642949644275009
10802,5.254331869809633
10803,8.381174987759474
10804,6.995015170618004
10805,3.8168994282577486
10806,5.150569390614607
10807,7.459968984896717
10808,8.58177942330207
10809,7.868568929544629
10810,6.048540951986506
10811,7.079242119405341
10812,5.862711331579604
10813,6.258674379193555
10814,6.442230929123387
10815,7.472233023537143
10816,8.332982907277946
10817,7.744477483593016
10818,8.431310800137373
10819,2.725888118581688
10820,8.191506070437955
10821,6.279979381389939
10822,6.845865969623375
10823,1.6758895140820829
10824,4.08196167510709
10825,6.087695479364572
10826,9.348321789743293
10827,4.849422238753663
10828,4.902140850831628
10829,6.538854958259678
10830,4.725104310384092
10831,8.107389396998382
10832,5.5933439982380015
10833,7.678378613167842
10834,4.922962259448099
10835,6.037216583844239
10836,7.532376154884834
10837,4.047107305870001
10838,6.718081695297362
10839,4.874204777887188
10840,3.216322061902634
10841,8.046903568334722
10842,2.365593097313218
10843,7.1400580533202795
10844,7.538157420836855
10845,5.263585286684535
10846,7.253107675975453
10847,5.643375608789569
10848,7.399643707354639
10849,5.437979522566523
10850,4.673011501192589
10851,4.390979413596384
10852,5.696033820866511
10853,3.6917778632824616
10854,4.481926680003434
10855,6.161192764592584
10856,5.484179007255374
10857,4.878266857013714
10858,1.0531962699572668
10859,8.09793788634068
10860,7.504353493125159
10861,6.076912612563184
10862,5.984151626924412
10863,6.551222940017013
10864,4.799406037384918
10865,4.048496838158233
10866,5.952937658177843
10867,5.871832829568258
10868,5.697564521478277
10869,7.01510121878915
10870,4.4938180073427345
10871,6.725243349952066
10872,2.4110890502162876
10873,5.079160852843962
10874,7.27258283137996
10875,8.746209783746778
10876,7.098131034879314
10877,4.6833057952744435
10878,5.7554636103313666
10879,6.590164914088047
10880,3.2586164788432206
10881,7.061603128187221
10882,6.235402550264402
10883,5.281064984339939
10884,4.3276571251674865
10885,6.5284321996785115
10886,4.200558587995663
10887,7.03918963066624
10888,6.148252515224994
10889,5.36029856562138
10890,5.801874866500245
10891,3.9630037520389294
10892,7.259956437403223
10893,7.004010622677366
10894,5.162554327334792
10895,7.3870759711727585
10896,4.783176419397337
10897,7.164831802374233
10898,5.301243997017991
10899,2.2344012655567207
10900,7.967843557180602
10901,6.289687896328917
10902,6.6447161577779195
10903,4.389077843570107
10904,3.9803489643655867
10905,1.9802710911208576
10906,4.476711061560856
10907,3.0448980829316645
10908,5.896020928475774
10909,7.139577330450847
10910,4.731283623536511
10911,7.940773735542993
10912,8.079314060471427
10913,5.570520419550589
10914,5.960046255363743
10915,7.326179083347434
10916,1.8021771284808856
10917,4.2870984156464225
10918,3.9543081877255197
10919,5.8135614591274205
10920,6.165137962302412
10921,7.095264263683029
10922,5.028486994313116
10923,4.876225049563757
10924,7.4415297377530205
10925,9.230399695797209
10926,7.609912067599902
10927,6.058138384108317
10928,2.3320671043779533
10929,8.02970898218457
10930,2.9396187806243437
10931,7.48511189967797
10932,3.236323607137046
10933,6.796151042050621
10934,8.013747244893354
10935,5.629553293892124
10936,2.185403819958651
10937,5.841803050904724
10938,5.746437990601423
10939,2.469886971054655
10940,3.150567401411722
10941,3.1151000913780997
10942,6.512200820154561
10943,5.594308968289708
10944,4.385468302435264
10945,8.68151474374147
10946,5.44442496014862
10947,5.465696354060619
10948,7.45490347582448
10949,6.8296509952344655
10950,6.3724344927057315
10951,8.969264897400905
10952,6.696560941349398
10953,7.166583300995038
10954,5.912677699545428
10955,7.0266113428336325
10956,6.65986984073005
10957,6.579854709045803
10958,9.829277913745358
10959,6.3723153293079395
10960,3.9375831378932666
10961,6.45366257310078
10962,2.5265647056867264
10963,4.345026571215117
10964,8.975893314215025
10965,6.534922343717053
10966,4.637740396436049
10967,5.517692063393554
10968,7.738369633736083
10969,4.421995842146225
10970,5.348389318698325
10971,7.36138758356098
10972,9.01760851839382
10973,5.770786579809695
10974,3.524499353507878
10975,2.6853480603227453
10976,4.744732189317269
10977,7.739967474628882
10978,4.79209436551528
10979,2.996531749327705
10980,9.07805825219974
10981,6.7053097844938545
10982,7.114618936963806
10983,8.697393203986318
10984,6.7673899131247355
10985,8.66758015952698
10986,8.419487919971031
10987,4.2582947559206135
10988,6.642297676158861
10989,5.439685437374729
10990,2.5794132420404328
10991,4.872154363450939
10992,6.081698411364443
10993,6.324675831395589
10994,6.637413999965571
10995,6.5666804204691935
10996,4.91936064458401
10997,5.9389900276618475
10998,5.22402377946179
10999,2.9746569535109684
11000,5.8244934775091215
11001,9.096946838234146
11002,6.6591723010243085
11003,7.379870050239778
11004,8.321364052360387
11005,8.07920266728555
11006,5.790656914062971
11007,7.369557211725308
11008,2.0647334982165324
11009,6.48897886595587
11010,5.704831771226241
11011,8.372325280642817
11012,6.090816975907637
11013,3.3192801275280184
11014,8.133706751419066
11015,6.578490701037065
11016,6.351487596262842
11017,7.406953204273269
11018,4.2698733654683245
11019,7.002208564814567
11020,6.2835425751989336
11021,7.586367756091867
11022,4.348241282107893
11023,2.174972058487276
11024,8.212439703357798
11025,1.648066413747159
11026,2.935841684418678
11027,8.144253990805048
11028,4.011571048593351
11029,8.32354070389984
11030,4.438678544028224
11031,9.382972193425285
11032,4.201889948427821
11033,5.311377561312115
11034,6.339537210410421
11035,4.959915623869765
11036,6.5547586732213174
11037,7.392734768203413
11038,1.479253643138366
11039,6.920490283289299
11040,4.448290980606709
11041,9.649748822143284
11042,1.9036106527728478
11043,6.493764567724204
11044,7.477605065837421
11045,6.861730777675098
11046,6.348506858949523
11047,6.675298422325303
11048,6.0221122083259875
11049,3.0910740945762614
11050,2.7515906885352077
11051,8.071648777018122
11052,7.977781003176841
11053,9.563456430719592
11054,8.010199967246296
11055,1.4261935370005718
11056,5.167254441812847
11057,5.78205902118506
11058,5.9089773543822535
11059,6.08062731435693
11060,5.89754623497512
11061,6.323014261152775
11062,6.049854501876959
11063,8.712878267087998
11064,7.085709069630489
11065,6.732330034795734
11066,6.123828107753987
11067,6.930775118263636
11068,4.7102200040012665
11069,7.372746131249986
11070,3.675271030330362
11071,7.85442507315873
11072,5.031563335700863
11073,4.505762295006842
11074,9.87929551452438
11075,6.307652957237535
11076,5.7205700263413775
11077,5.050469267705449
11078,7.103550652953353
11079,2.9785583619273437
11080,7.1252559278364345
11081,7.964235089012034
11082,5.338781625915997
11083,3.782608657405098
11084,3.562155249693251
11085,5.636294724172103
11086,4.008571490814521
11087,3.8791475550606584
11088,6.970168246719421
11089,6.497661499938344
11090,6.992141998983739
11091,3.0223681057104295
11092,4.195540435265817
11093,6.727259108567475
11094,4.72796698371963
11095,4.158855868839446
11096,6.5755726634006155
11097,4.370845679882471
11098,5.12140097873372
11099,6.243387395179457
11100,4.497186052227638
11101,1.8122478876656785
11102,6.212919374326565
11103,7.920770290649483
11104,7.920582798672864
11105,3.145068428527944
11106,7.165399808807531
11107,6.271688644103432
11108,5.40650577526704
11109,7.397712582864414
11110,4.258121669089656
11111,4.50433019214663
11112,7.692300793837406
11113,3.3909313566296166
11114,5.863538365893916
11115,9.825998609959543
11116,7.622880238957798
11117,6.815390382053039
11118,4.945854083334089
11119,6.843798052217548
11120,6.556192554751098
11121,6.747347134933735
11122,6.454329320874298
11123,7.3453529813355
11124,6.022769055918144
11125,5.709755877292232
11126,6.682698195860141
11127,6.008052921607373
11128,8.525567632904288
11129,3.2122800358201005
11130,9.868554251281182
11131,7.565797657245326
11132,4.0829694641328205
11133,2.7165388416899447
11134,6.474223399436049
11135,6.245186154840919
11136,5.727168510482522
11137,7.553740553119371
11138,6.596115147403362
11139,6.365473759021479
11140,5.12190330054567
11141,5.310270468499423
11142,4.846377666130692
11143,7.757865691745778
11144,4.638516953912692
11145,5.70979804340111
11146,6.930588499156467
11147,7.086252159540967
11148,7.6778728134393806
11149,7.508789891240001
11150,6.079051792056825
11151,9.206057007318076
11152,7.15561862213853
11153,6.921033111881712
11154,5.986480067994167
11155,5.0816617021945945
11156,6.8540472649066295
11157,5.6791844354471905
11158,6.461297640922883
11159,6.690404557189697
11160,2.60772141261081
11161,6.278420523596633
11162,7.082673044755791
11163,6.241130428628463
11164,7.59444203744655
11165,7.443792586370521
11166,7.312607029239736
11167,1.5770342033695213
11168,8.017109014122006
11169,5.408142045738538
11170,7.2735697750547015
11171,7.967858245061842
11172,4.025526679013356
11173,8.368764897006127
11174,3.3339015532942993
11175,3.1855858497997698
11176,4.546041673642966
11177,8.955248599644115
11178,5.602767964663756
11179,3.1815185726045736
11180,7.37587037068999
11181,8.632136989604401
11182,6.302187678516186
11183,4.150447725054012
11184,8.768046811749638
11185,8.626089878458977
11186,4.746314527623074
11187,6.055428087752205
11188,4.031155396116462
11189,3.4097806604152736
11190,2.394967424790921
11191,4.839830337285696
11192,4.055051829811211
11193,7.421649287540469
11194,6.03069086255457
11195,3.6176944320976894
11196,6.626725541698956
11197,2.514299514716227
11198,7.699334999549678
11199,5.919950168885103
11200,7.867657060799805
11201,7.553620569014306
11202,5.342877553776831
11203,4.69188467492589
11204,6.0340431979049445
11205,9.17113711012402
11206,7.161428700682196
11207,4.979280589323675
11208,5.969626303508579
11209,2.4380746169946264
11210,8.457286990959155
11211,7.502679494971563
11212,4.11241281901674
11213,4.409400701858557
11214,6.2533367042237895
11215,5.605153912239935
11216,6.865442107310182
11217,8.547805767057174
11218,7.779652704446576
11219,6.936346306428401
11220,5.381013072790363
11221,5.4886705232913044
11222,1.0789076169940632
11223,5.274407024534217
11224,8.70424316391937
11225,6.603882244418186
11226,4.292862895248742
11227,4.498538377495138
11228,7.703056630430341
11229,4.710356452290742
11230,3.8014955796018812
11231,3.2261037979448277
11232,5.570436665268103
11233,6.297721635239999
11234,2.344313046947584
11235,5.144893554882582
11236,6.2102393652940115
11237,7.806990008426402
11238,8.914248492671334
11239,8.957366419374608
11240,2.984771547422235
11241,7.451871809580016
11242,7.943083833287746
11243,3.936606458797417
11244,3.722733826211418
11245,7.109753369412102
11246,6.565190264983452
11247,4.809364910807009
11248,5.0694331059891855
11249,7.194083398348178
11250,8.044243090100156
11251,5.927475905487059
11252,6.125027981113863
11253,2.215712043212112
11254,7.597199868393492
11255,5.077632630717567
11256,4.821544738201353
11257,6.851481113073762
11258,7.481429983396233
11259,7.787036089574423
11260,6.465923630579576
11261,4.156810038895736
11262,8.356762800118325
11263,2.150645981531442
11264,6.957253379888053
11265,4.467253912638622
11266,6.974488542416038
11267,7.321676017447663
11268,6.627854264428701
11269,7.47278429322072
11270,5.598271741755324
11271,7.77122592214396
11272,5.271821934724031
11273,4.963237377598482
11274,6.575402418729577
11275,6.513203140599472
11276,6.376237234511663
11277,5.318677786425232
11278,7.108931042302293
11279,4.720714788094648
11280,5.687950101986376
11281,9.744675330083293
11282,3.521598991538795
11283,7.092474464358654
11284,6.62374582606234
11285,4.976978172059411
11286,7.275491683785425
11287,7.140607537648846
11288,6.651561157765343
11289,4.032350432945104
11290,7.575870607691912
11291,6.991525068568864
11292,5.844289403278779
11293,3.8144305004275263
11294,1.700128182247094
11295,6.8087810097210415
11296,3.8485009444198446
11297,7.5780133743579245
11298,8.43486522152439
11299,4.863387361899396
11300,9.01620542272559
11301,8.44131828555115
11302,7.303182945686988
11303,6.996787345081421
11304,5.128278459844848
11305,6.975878958439933
11306,8.026479481576418
11307,5.957471525216569
11308,6.019483134048437
11309,7.209826205839397
11310,5.544150771467121
11311,2.836179728091434
11312,6.674408599398091
11313,6.504010512768909
11314,8.938564912311142
11315,4.873446426198638
11316,4.387531107949999
11317,8.061660174301224
11318,5.896045632438202
11319,8.93365661445645
11320,5.502639579900612
11321,4.8264068929623765
11322,2.245994819479511
11323,4.860894700173177
11324,6.276105581308117
11325,4.350681135726736
11326,6.8276085051368565
11327,7.349471209225184
11328,4.267153122378989
11329,6.848851851155353
11330,3.366115719147069
11331,5.959476424847314
11332,8.97971873437973
11333,2.4563873896907875
11334,4.282482610201555
11335,6.429163784735001
11336,7.266106642823848
11337,8.094721349932955
11338,6.448493898764006
11339,6.3896094692624334
11340,4.59255897316623
11341,3.5000924111554625
11342,7.216588000190788
11343,5.3678900414792565
11344,5.166959822713665
11345,7.38098571234288
11346,6.535469474153252
11347,4.845331830700725
11348,3.3828130404416195
11349,6.319205658289231
11350,3.4673009656394633
11351,5.971286861204403
11352,9.204049014559148
11353,9.223674475326224
11354,9.215993893288509
11355,5.688378630428311
11356,7.816973708626793
11357,8.450746826193106
11358,4.705742396794275
11359,3.806840567305805
11360,6.398463664169977
11361,9.214375759300706
11362,5.890064478061233
11363,3.0825322894356666
11364,9.069779624717588
11365,9.01125802300311
11366,3.536438308584565
11367,5.8803953297600025
11368,6.419192812942951
11369,4.867533426182458
11370,7.023209809747519
11371,4.9680197215136745
11372,9.030319275221126
11373,8.375277498227247
11374,9.085897684227344
11375,7.016007445952313
11376,6.039705397040693
11377,5.985339091137373
11378,7.141473013467947
11379,8.112484867949926
11380,4.20926634876189
11381,4.162822807978198
11382,3.054084666141026
11383,6.536130192422031
11384,7.236186693381054
11385,8.124304646063106
11386,1.7545117174061275
11387,5.3795575354650325
11388,5.382804013262891
11389,5.726983000062788
11390,7.432129328244841
11391,6.90828107877218
11392,4.335059092700832
11393,5.109228969988703
11394,5.712089670003772
11395,3.693614874920166
11396,5.831027947716542
11397,6.556546899946698
11398,7.613168422858358
11399,2.3414978251006042
11400,5.233435444940978
11401,7.116442686078729
11402,7.652253576884892
11403,4.884560489640404
11404,5.397951193342776
11405,7.2671893961427045
11406,7.271924015967532
11407,4.113616126863714
11408,4.361638921867391
11409,3.9179652277387813
11410,7.649292764033771
11411,9.495523536693565
11412,3.4873414356229944
11413,5.497040687005237
11414,6.0357327307311746
11415,5.059147427772595
11416,6.706885111822485
11417,6.27786733167722
11418,8.263396628010186
11419,7.256574661872083
11420,5.343090033436592
11421,3.89611043260125
11422,6.156189315694078
11423,3.3941254451211225
11424,7.650909463151036
11425,1.0168356212948086
11426,2.24617024196211
11427,7.432372823098776
11428,8.696241139669514
11429,8.029642709638914
11430,3.968479884293302
11431,2.451763498866863
11432,4.394479995632556
11433,6.051923383889891
11434,6.067898104211936
11435,3.3076455009931482
11436,7.23845001890258
11437,6.205977101576842
11438,7.871630718997275
11439,7.725431105199623
11440,3.7788564232497697
11441,4.742881121211946
11442,3.914737619181743
11443,5.005182065831046
11444,4.430190052835302
11445,8.738554217130142
11446,7.9626052358144435
11447,2.2901821410579277
11448,6.6539820860599335
11449,6.717119440349141
11450,6.259653702925103
11451,6.5843957068543855
11452,3.1178416919893963
11453,7.852445084162946
11454,4.436977086981097
11455,5.807823607654775
11456,6.629422354101771
11457,6.54528015260798
11458,7.8263964462882525
11459,8.811282022613284
11460,6.551841529504243
11461,5.991682023192608
11462,5.087754912077711
11463,4.696771432787857
11464,5.933635344659804
11465,6.280731499916866
11466,7.845191703552329
11467,7.119406555701568
11468,5.07757120048258
11469,5.9266286531059915
11470,4.972674896034831
11471,8.139752098005271
11472,6.676531085127534
11473,4.006258497406823
11474,5.162484068482186
11475,7.030027836847767
11476,4.9608519820019685
11477,4.080221516665102
11478,5.9996453232279725
11479,6.212844580690755
11480,7.63927415162106
11481,5.95641852820793
11482,6.95895419765424
11483,8.21861294760686
11484,7.3883970500702105
11485,7.622756136345831
11486,6.980287783096773
11487,2.3695511027053477
11488,5.820134197840295
11489,7.523630494112187
11490,6.372692182852879
11491,3.034163932467057
11492,7.384272503451655
11493,4.619345428496019
11494,4.645609021413245
11495,4.8922928875880425
11496,6.296933818150562
11497,5.726051207956742
11498,5.153396428785971
11499,6.007479052695246
11500,2.0157442558151066
11501,4.327506491459452
11502,5.32991782804777
11503,3.4014840236468906
11504,4.697252955509249
11505,2.8906898607588034
11506,8.369509101446543
11507,1.131713321437119
11508,6.176775079624045
11509,7.12538630219382
11510,7.877371539793659
11511,6.463573112378029
11512,7.826578401057237
11513,9.863473926338536
11514,4.888110635476188
11515,6.034389156884278
11516,3.8128134707644623
11517,2.468308289681424
11518,6.217152358730457
11519,6.265821812324036
11520,8.458065573192414
11521,8.874329522940956
11522,4.750029085013628
11523,4.612370866823607
11524,6.893645089148211
11525,5.3270094423409695
11526,6.319874706541825
11527,4.903089158110818
11528,6.492192910429209
11529,2.416791264542667
11530,6.9843381274433805
11531,5.823820023562938
11532,7.076932879301992
11533,2.760694926555959
11534,3.463470231421116
11535,5.517183513687878
11536,4.514661237373631
11537,5.990778158462367
11538,7.470143928858919
11539,6.993093842934036
11540,6.518693560141111
11541,5.216635211736023
11542,7.7916349830970635
11543,5.718450997523807
11544,4.798173028116853
11545,2.145317918412177
11546,6.657420040369368
11547,6.145378138286627
11548,7.5638198544589645
11549,5.190743025494182
11550,5.447760196493524
11551,6.318727846197258
11552,8.203445322135083
11553,6.432498154949631
11554,4.386785471602891
11555,3.8295873001102088
11556,5.393324830603547
11557,6.225345190076954
11558,6.407322966256119
11559,6.686114916578682
11560,6.354581648827422
11561,2.416295856099429
11562,3.0066713959648297
11563,2.331154605731218
11564,5.61111895788942
11565,5.560727246217509
11566,8.554869258350392
11567,5.2612748797471145
11568,7.4698160986698205
11569,3.6892106648771907
11570,7.3440393445892145
11571,7.934546553400873
11572,6.385140477586333
11573,6.4811415039740625
11574,5.364598159140629
11575,7.746873778993912
11576,7.226095199357172
11577,6.155211651571568
11578,7.310823221841811
11579,6.194582342701171
11580,3.0821419468230378
11581,5.886524616007237
11582,6.053123881491251
11583,6.767434571430563
11584,6.258373603646611
11585,3.016952055177714
11586,4.8879450744945
11587,4.243039011252576
11588,7.852415194281199
11589,8.749748459823481
11590,5.407557983882806
11591,6.720589264745486
11592,2.4300847357944413
11593,2.0357350052131604
11594,6.016178024043741
11595,7.09980333279352
11596,3.7655767744518256
11597,5.0355350369166905
11598,7.026647483414871
11599,5.097927249863163
11600,2.788044526350835
11601,5.298575657075126
11602,4.141083375304928
11603,6.17895306408058
11604,6.86952245668992
11605,7.4333807902587345
11606,8.74672464901459
11607,4.383212250226803
11608,3.8068577349495127
11609,6.494448636391509
11610,6.520460541983823
11611,4.463396997345211
11612,7.559289064675088
11613,8.765475243104913
11614,5.4020347273954235
11615,7.759605853681268
11616,7.965144083972069
11617,5.421646305611091
11618,6.961775259197377
11619,4.490846600676951
11620,5.465311351000115
11621,7.868522538914485
11622,6.679174549927176
11623,5.15210861629126
11624,7.467613958769752
11625,6.414975101011266
11626,6.896147059922942
11627,1.3372684145856195
11628,5.947134500806596
11629,8.057564286345695
11630,7.090414371041776
11631,6.714661306376017
11632,1.833483387468861
11633,3.001009394515
11634,8.578758615102702
11635,5.609649640354444
11636,4.7279547616111905
11637,6.012783640177364
11638,5.801880729174785
11639,8.158948405724326
11640,6.0869082835344095
11641,4.2656627178621935
11642,10.08522957143823
11643,6.535938319001257
11644,5.709064079176406
11645,4.810464663607309
11646,3.6355975148373516
11647,4.749214046812477
11648,2.821228113114214
11649,7.781176656352823
11650,5.864521092514002
11651,4.685948573248178
11652,5.376381248144129
11653,4.509086221110924
11654,6.6799442900134585
11655,9.262868496159966
11656,6.911776563364626
11657,5.334238649315552
11658,7.28881245600992
11659,7.029779251718049
11660,7.522542302679217
11661,7.105535808416772
11662,6.094132647815677
11663,7.916444034179848
11664,7.309212306573723
11665,8.213505117636458
11666,6.733354214363549
11667,7.778574856686611
11668,6.245535185673368
11669,8.109364541779179
11670,3.6377110411803772
11671,4.911816556927503
11672,4.027556341349133
11673,8.152393938809745
11674,6.668894952763936
11675,4.791486770991299
11676,7.878472666676692
11677,3.5301219226847897
11678,3.2046596395562412
11679,2.429350156880498
11680,3.8683214053748394
11681,5.357354641089275
11682,6.1499379611169385
11683,9.07509936014063
11684,3.6575422863825056
11685,4.022739040749443
11686,3.863395168800394
11687,4.391577826260132
11688,9.69410622945519
11689,8.015999793852194
11690,3.2393906656744065
11691,5.652889516449266
11692,3.489948584995458
11693,9.263805503903633
11694,8.054120870789458
11695,4.736277231860488
11696,1.8463047667500865
11697,6.003427504121061
11698,9.439927392051661
11699,2.8847694400482933
11700,6.985006585601997
11701,1.3611609815321117
11702,2.531338203291247
11703,7.290042346241251
11704,8.283153971833228
11705,3.2309580948922227
11706,5.489619998161151
11707,7.383639807674294
11708,6.80630660836849
11709,6.464161580645861
11710,6.766397752968615
11711,4.227959987631777
11712,7.8675547611534675
11713,1.75823439685263
11714,8.135323075183749
11715,5.914999022055163
11716,5.464529978226464
11717,9.322455608335604
11718,3.0550193286033562
11719,8.697698528659608
11720,7.726939232401022
11721,6.872438913508402
11722,1.2136855689895014
11723,7.28903385381435
11724,9.135215830672891
11725,5.560708630259138
11726,2.530081133300194
11727,8.304242204157582
11728,6.559937351271957
11729,6.245455142607524
11730,3.9702922953354975
11731,5.800172479521101
11732,5.17671113696758
11733,7.405542175057825
11734,5.504934033440966
11735,4.883784419222493
11736,2.208804269675212
11737,7.314995762678191
11738,7.637596699577786
11739,5.8405960640148695
11740,4.321361054496196
11741,3.5711849936320537
11742,4.993235261237883
11743,3.178869969598645
11744,6.715538647717356
11745,6.4697666376781875
11746,2.835938070616608
11747,8.012714737381621
11748,1.7821387528886183
11749,5.131259519683571
11750,8.478936553819482
11751,5.795584507829598
11752,7.416761317190481
11753,5.186988405517303
11754,7.778567564096601
11755,8.411970171369651
11756,2.5257165454818336
11757,5.421581320147819
11758,6.380391032744901
11759,6.08864014743473
11760,4.5232035649487035
11761,7.502945319258454
11762,4.0029209788934255
11763,6.589068458381289
11764,9.68231756239226
11765,5.1519289055902835
11766,5.9139191717075805
11767,7.007073945630227
11768,4.866802765459112
11769,7.39595776685667
11770,6.711393751585423
11771,1.7935678418954788
11772,6.48925114815489
11773,6.275868102612223
11774,5.648590487033692
11775,5.4661213241316915
11776,6.503800487816319
11777,3.2533203212278834
11778,7.198560698497153
11779,7.736183748575627
11780,6.217748373762605
11781,8.048252429192232
11782,4.238579787173517
11783,6.600192509588167
11784,6.501807110590013
11785,8.410684483468248
11786,8.721155662745883
11787,4.804972954626147
11788,6.980656062167086
11789,4.793415046360776
11790,6.375404751114294
11791,4.136472431487541
11792,9.637217232955223
11793,5.999616193459293
11794,8.107772890938325
11795,8.416260581431963
11796,5.121277843945851
11797,8.469209251627149
11798,6.7759440748043485
11799,3.4067887595838933
11800,3.905089048759959
11801,7.185931225132529
11802,3.3267249523268396
11803,7.9042784450189085
11804,5.560913097992844
11805,6.593220818122184
11806,4.914734975855251
11807,7.831926676916903
11808,7.442080487663963
11809,4.593994796631755
11810,8.274516530856424
11811,5.829421769402778
11812,4.873109570137707
11813,5.790341000129857
11814,6.508974173394478
11815,6.014686757382248
11816,6.332895869554972
11817,4.136523325595719
11818,3.8039384002955474
11819,5.266927771146095
11820,7.011603143891967
11821,2.8201126763809388
11822,4.519779069382387
11823,4.865871650934412
11824,7.938663061711641
11825,9.799909050348736
11826,7.089255832877209
11827,6.263295576392039
11828,3.599074618056316
11829,5.871118999742395
11830,2.594669992413415
11831,3.1362632201490253
11832,3.7316357520781924
11833,5.167601175604622
11834,2.8311161033206615
11835,7.209854124454169
11836,5.236279988416164
11837,4.460253557420488
11838,5.46493376487613
11839,5.442836813150347
11840,6.806054623732001
11841,4.474229844258989
11842,2.873886529107314
11843,6.260482519393935
11844,6.85142574980547
11845,4.176735921685001
11846,9.2708370224319
11847,8.161017500877668
11848,8.122001493032254
11849,3.494011698571333
11850,3.9656702251179414
11851,9.067504491008624
11852,6.884482265170148
11853,8.204193847102367
11854,5.387993701384756
11855,6.3936682535744875
11856,7.289432881439355
11857,8.125137962080224
11858,7.4568058897557545
11859,6.226081834234445
11860,7.668544341340976
11861,3.443727315831348
11862,6.9442848626003535
11863,5.72434204440392
11864,6.22955271994736
11865,5.387860721285009
11866,2.851434935903318
11867,5.615104951076162
11868,5.4950570860320695
11869,2.6253444904804715
11870,3.1092031235088657
11871,7.017488646956365
11872,8.863633324113374
11873,5.277947542005899
11874,6.857703612715798
11875,4.718050607009239
11876,9.511696833598666
11877,4.9807995357019825
11878,10.001820172384914
11879,8.74921452618823
11880,2.769550861735902
11881,4.697874342136675
11882,3.3182851606684443
11883,3.303938392596568
11884,5.481041140612992
11885,3.861755405804245
11886,5.999509340733651
11887,4.963923151232686
11888,2.0663316998694814
11889,7.331759986136749
11890,4.645569538316669
11891,8.548332218554897
11892,1.5855669293353978
11893,6.1476528902729335
11894,3.7844545457442162
11895,7.306198032682611
11896,6.613889778149127
11897,5.820819611079303
11898,3.908422395485905
11899,6.955128295644127
11900,7.6432131686498
11901,7.084489145833708
11902,9.310951416604066
11903,4.94558074882373
11904,6.952514713004616
11905,6.5992132852547805
11906,5.83296715736334
11907,4.7688977751481065
11908,9.164184408170254
11909,7.2171625413352976
11910,8.433700097507222
11911,4.922127387513753
11912,5.848697197715074
11913,3.265701601555094
11914,4.974276829701354
11915,7.060473892762031
11916,5.962101968847093
11917,5.611640178872865
11918,7.004399841028112
11919,5.3635980518526685
11920,8.701674783827032
11921,8.511352289037822
11922,5.975843486897244
11923,6.032645152197762
11924,4.158339659088108
11925,4.382974069281701
11926,7.8514208400785455
11927,3.740311496808147
11928,6.181504621127851
11929,6.695692490157509
11930,5.957307509847232
11931,7.617148655798453
11932,6.903762182536563
11933,9.74989519027895
11934,4.824624339847464
11935,3.355811435181441
11936,4.1286528130085
11937,7.369426381680828
11938,6.1616444973520785
11939,7.228379056515371
11940,2.5349049180490386
11941,5.489467133587345
11942,6.106619305751577
11943,5.62763505041746
11944,2.0388821011770863
11945,9.34812331561832
11946,7.791785049756372
11947,3.4163472462925952
11948,6.514802493498892
11949,3.752251186822345
11950,4.127096438769159
11951,6.492913533498304
11952,7.430643700845107
11953,6.101172070858672
11954,7.708693892552563
11955,9.796815959775415
11956,4.586667700362456
11957,5.516842413170958
11958,5.085200495575003
11959,7.002523481798312
11960,4.139346166941936
11961,7.140566392970182
11962,6.801324052152568
11963,9.782181900185869
11964,7.008099429518481
11965,5.47044941451532
11966,8.477456167687603
11967,5.997500441919799
11968,8.179113277489959
11969,6.446873620446646
11970,4.771906081510969
11971,3.5281209729820295
11972,4.283951815101015
11973,7.3790593081979
11974,6.6254573542237
11975,3.90702284099808
11976,7.729965515703952
11977,4.83665823443673
11978,2.0896474845874335
11979,5.906920376144187
11980,3.8632026468717253
11981,9.403165644205275
11982,7.488230486673247
11983,5.676264215410891
11984,6.708532509062254
11985,9.176035156959218
11986,5.08344188005291
11987,6.662344433159388
11988,5.243661232867902
11989,6.510793880222104
11990,7.614101925608425
11991,6.305091540481161
11992,4.705414940498238
11993,3.889503757894159
11994,9.259164654763124
11995,6.869362547593148
11996,3.843519467159669
11997,6.370346425125958
11998,4.545614791061862
11999,5.296670986244212
12000,8.631705600596877
12001,7.7830280701572425
12002,5.375245301045482
12003,1.6376315384581894
12004,6.608001828622596
12005,4.392050301154882
12006,5.122132741230187
12007,8.972179244786243
12008,8.26135179287547
12009,6.197167251343986
12010,4.435758872078402
12011,4.280781142151636
12012,3.234838204970585
12013,5.03626447958223
12014,6.755475388083355
12015,3.8351146398249147
12016,8.144403206887757
12017,3.666949754385276
12018,4.3286051651013455
12019,5.007092253373307
12020,5.263626108074417
12021,2.773400346734819
12022,5.146633872201512
12023,4.214352586945147
12024,5.343653968082693
12025,5.315642202997238
12026,4.073273252315191
12027,4.904746354228887
12028,6.475776397028432
12029,4.1461277786931525
12030,9.322223785435947
12031,4.989601265034837
12032,5.2694624293533385
12033,8.286971541587203
12034,7.894590251934446
12035,9.700645034814428
12036,6.78816021978285
12037,7.511597663974917
12038,9.466869109638438
12039,2.9002314640100018
12040,7.638142200320226
12041,6.815842261580963
12042,7.36028493075648
12043,2.7502748074162575
12044,5.225736894828783
12045,6.434484737649207
12046,6.69470816574251
12047,4.2562330940693816
12048,6.0446581740873215
12049,8.25776493985026
12050,6.785263434260137
12051,7.590212846906245
12052,8.778832474830502
12053,6.883408592229948
12054,6.178502667605892
12055,7.688961502702281
12056,8.68012563872783
12057,8.897106597265116
12058,7.03099054717611
12059,4.121917267278781
12060,9.611304101618407
12061,7.994169475116674
12062,5.359161126266742
12063,6.544973948427121
12064,7.6461082043672945
12065,7.740338558815133
12066,5.203710750531001
12067,9.299962042296531
12068,5.163420226586028
12069,5.992577342652352
12070,8.474632016882019
12071,7.699990392358076
12072,6.426445500108867
12073,3.552356968157758
12074,5.878349234976389
12075,8.497154442070126
12076,6.323730566990335
12077,2.9180485342816853
12078,3.9534717972903906
12079,5.508414855610475
12080,6.45703710125756
12081,4.499223786957517
12082,2.13279065183943
12083,4.865267967170848
12084,6.787553506658253
12085,6.366727637879071
12086,6.561407921695585
12087,8.102584410552874
12088,7.128347099604825
12089,6.3969707822711355
12090,5.436083027528618
12091,3.26453698164954
12092,6.312677618983855
12093,5.763244194228992
12094,4.9283850951284345
12095,1.8857307002416541
12096,6.367271433395223
12097,3.8569388336715504
12098,6.2576581380975815
12099,5.853881538543061
12100,4.398268455471168
12101,7.8601945087974805
12102,8.686084702787214
12103,6.008661414757124
12104,5.889055602997711
12105,8.463950823428853
12106,5.382294216888477
12107,8.06628399227014
12108,5.833793074496278
12109,6.827773870719203
12110,6.558161500181052
12111,6.174362724988098
12112,6.119484957643511
12113,5.72104269527115
12114,7.535893159822649
12115,7.014475588912465
12116,6.99513900715451
12117,5.888318343950126
12118,5.400260402346353
12119,7.149382548162749
12120,5.7867176977391335
12121,4.016509377187607
12122,5.209738034398254
12123,9.84027417447018
12124,5.713171636332422
12125,8.083474897735877
12126,9.081272240210428
12127,7.338022520592042
12128,7.704609751890096
12129,6.780822279010245
12130,5.7087801586250375
12131,7.7632922272310365
12132,4.809826907015385
12133,6.060113741808855
12134,6.303923758407147
12135,4.611297798168581
12136,4.30381780793488
12137,1.2616110445891426
12138,2.685857429016522
12139,3.24452846062409
12140,3.82877986466861
12141,9.269439622467118
12142,8.701923394812948
12143,7.513054842961765
12144,4.499265450922728
12145,8.39138952480665
12146,8.959804369791161
12147,7.472169064436831
12148,7.969495337663695
12149,5.852077148393984
12150,2.6735708391471693
12151,8.114493273255224
12152,7.947562321278913
12153,8.789339256820258
12154,6.972870245289269
12155,6.272722776849255
12156,9.334496800225814
12157,4.219805176255684
12158,7.180934832577159
12159,8.63153504823671
12160,9.038394898406006
12161,2.3252534904423725
12162,2.8009941069318556
12163,7.608501947081906
12164,6.198906662453348
12165,7.934436426673848
12166,7.9001478398353004
12167,6.172640557560002
12168,7.05372087231367
12169,3.592724534826149
12170,6.497809891229791
12171,5.943955213449941
12172,5.695509169365954
12173,1.5604273087329437
12174,2.7347056265112646
12175,5.930657503334752
12176,7.525466704793378
12177,9.75586530726606
12178,4.797156366705378
12179,7.2781780984275155
12180,9.016227471031124
12181,3.3720748592066734
12182,6.8113156041284935
12183,2.7021406287642282
12184,7.227794184340463
12185,6.528043700156362
12186,4.203551875706402
12187,7.585425923604188
12188,4.393502356447519
12189,4.852261522321374
12190,2.1610335384561905
12191,7.355573242658634
12192,7.912644359069135
12193,8.433414457484634
12194,6.583056742932328
12195,8.140175534330234
12196,6.66514919756237
12197,6.948073743305024
12198,8.593029316960035
12199,2.7991483422861454
12200,5.316640165848199
12201,4.557042395156096
12202,2.3135920433702672
12203,2.4849545493164693
12204,6.269447068165067
12205,4.393792916196262
12206,4.883384675065431
12207,6.047815705734103
12208,2.9356024641790914
12209,5.3313221285003385
12210,5.317704324094485
12211,5.1200993568143565
12212,8.197185666399935
12213,5.767614290982882
12214,4.184861694548752
12215,4.1220412921249645
12216,8.026828650099539
12217,4.884967045924767
12218,6.362479504300138
12219,5.1593991043813165
12220,8.395416991454452
12221,5.1787922264871264
12222,3.209362108243909
12223,8.49768980070494
12224,4.635317676156713
12225,6.334118279935883
12226,7.423588451885355
12227,8.789588368525425
12228,4.494755809010806
12229,8.154415073994699
12230,7.298008590826009
12231,7.989598535978954
12232,4.489166666144073
12233,8.19057402305357
12234,5.5556029110901335
12235,5.777889347573728
12236,8.697543988299152
12237,6.7246770538387075
12238,9.631982384780098
12239,4.050932941980658
12240,8.412644661413179
12241,3.156699994125046
12242,7.578926926319502
12243,6.1250388347539575
12244,6.351729296293574
12245,3.6097725493785404
12246,3.2204621369675617
12247,6.566306492148131
12248,3.5696112075644173
12249,7.410447636004971
12250,5.630623669113577
12251,9.149534576338631
12252,4.061749238431437
12253,8.922970568315737
12254,7.153125034004742
12255,8.193023210667452
12256,3.5428733135166035
12257,6.169032033427439
12258,5.071466695518085
12259,3.7133822570669888
12260,2.5689666233559034
12261,4.17042383080166
12262,8.649017839588602
12263,6.123482512457139
12264,5.415497395795029
12265,6.495340007069283
12266,5.011033627955913
12267,5.645259283733791
12268,4.7640421268360855
12269,7.032337713500426
12270,6.601455970976042
12271,3.167471656381701
12272,3.9141342799625836
12273,5.468673670569556
12274,5.345101577654072
12275,8.590100949723087
12276,5.9801111225257095
12277,7.110098888619619
12278,4.032486555040159
12279,6.8536036918038015
12280,6.372325552164456
12281,6.320710811823554
12282,9.118328178977178
12283,4.255880195752318
12284,5.775691413617901
12285,7.60643799721694
12286,8.096577456756432
12287,4.696195567071133
12288,7.763577484339452
12289,4.339442766798372
12290,4.184657743241849
12291,5.100767501864608
12292,5.21065770742884
12293,7.266472172719565
12294,5.833271842079345
12295,3.2859253550872487
12296,4.020978653472258
12297,3.889635284519708
12298,8.15072564252476
12299,3.9449057479457514
12300,3.812475339527299
12301,7.031414596999959
12302,2.5087517854805688
12303,2.128700846846945
12304,4.0113081691771795
12305,3.804330698354067
12306,6.277973311325244
12307,9.092448452955242
12308,4.619194931078574
12309,5.228922550285729
12310,7.1178876511707365
12311,5.432232056293308
12312,4.9574001582954885
12313,8.180499882930949
12314,6.64362429125449
12315,3.965137166645171
12316,7.805817575993412
12317,5.7519074155035
12318,3.9628991839952317
12319,5.251782911964993
12320,5.888590710220711
12321,6.630119980351077
12322,5.630748525492561
12323,7.510584768893194
12324,4.497122648979179
12325,8.009647398779643
12326,4.0430528339873915
12327,9.21854804724444
12328,4.772915099764763
12329,6.65244825798846
12330,8.436218529283853
12331,4.018072808494127
12332,5.993997831156366
12333,6.839607676403558
12334,7.921108075707735
12335,6.456719053762935
12336,6.017921048749969
12337,2.997259006913798
12338,5.795613617095607
12339,6.7350065051975
12340,6.413758529748321
12341,7.120870498474419
12342,7.13852143753247
12343,10.053098159052777
12344,3.078517611651917
12345,2.0914985154272023
12346,5.334693885775344
12347,4.192469118567347
12348,7.536818176390144
12349,6.995196558291535
12350,8.983041172329955
12351,8.878980178511679
12352,6.650255940807497
12353,5.178414570526712
12354,6.663265059829823
12355,6.744227575853303
12356,8.85452143805326
12357,3.749462644412044
12358,6.599544847857876
12359,4.617768596453123
12360,4.562938478143175
12361,5.771596986244479
12362,4.626604200072971
12363,6.772625351949853
12364,4.46068309671731
12365,8.008764344702305
12366,8.079522200540445
12367,3.8010728017315656
12368,4.345658704611527
12369,8.928599437129794
12370,5.309591614815337
12371,5.243012533515842
12372,5.656342528025842
12373,5.83447517942444
12374,6.773710605786613
12375,7.59851564494587
12376,8.733625622224258
12377,9.402783138445965
12378,8.811742958461908
12379,6.455139442505888
12380,8.129249142443577
12381,4.465338557239807
12382,4.80545100246264
12383,5.781452396957814
12384,1.0892565274471802
12385,4.515257804653425
12386,5.212012063634743
12387,3.9913831950303944
12388,3.251333796371832
12389,6.783838995615074
12390,4.455127743271133
12391,5.045200258965011
12392,7.39080484236191
12393,5.058969071503917
12394,3.0872504656387334
12395,6.159224366494422
12396,8.74373609079038
12397,7.088452841644908
12398,6.659219070975487
12399,4.639985381523137
12400,8.272730361533771
12401,3.70235554553116
12402,7.04333248549421
12403,6.127259625380482
12404,5.808269520561415
12405,3.8588950782929414
12406,6.151910664015584
12407,4.91057808274929
12408,3.937892276489633
12409,6.228964962666691
12410,4.239285040586575
12411,5.28798945253045
12412,9.063976596497172
12413,8.49492322818633
12414,5.961097840589997
12415,6.2310341099450905
12416,4.180728512516433
12417,1.030783254254844
12418,6.20827018655379
12419,8.790287611481917
12420,4.784830887167334
12421,7.102914522392554
12422,4.832700300047104
12423,8.236615693483852
12424,3.0667644988399823
12425,6.287472915994107
12426,3.3144536146937567
12427,7.928621974496784
12428,7.689154075964677
12429,4.684093605896626
12430,7.754948663261214
12431,3.9095753024169495
12432,6.027376363236526
12433,6.4040486203247635
12434,8.961098033348032
12435,7.929145435829366
12436,5.035496333908753
12437,9.974672276485352
12438,5.445579847544175
12439,6.17785252113823
12440,9.275106750160546
12441,6.824975837998405
12442,4.42928915160141
12443,8.293554927107174
12444,6.3231411856763815
12445,6.442842034078264
12446,5.38595368781342
12447,6.849364904988541
12448,5.969349911258004
12449,6.645551419710203
12450,8.558915330621822
12451,9.029918890122353
12452,5.805537564587861
12453,7.495142142808112
12454,6.782480030085345
12455,5.236924110265482
12456,4.591230740310994
12457,8.727917238500005
12458,5.94121870688047
12459,0.308199709155489
12460,6.185757961803698
12461,9.465064387580142
12462,6.016438532749579
12463,4.361321485403819
12464,7.095316802457448
12465,7.138859030368593
12466,5.323644220676302
12467,7.749679112832512
12468,7.661211825351742
12469,8.112482680225517
12470,6.292264812074979
12471,5.16636811475916
12472,5.261812336930525
12473,5.52114224307878
12474,7.702853588282528
12475,3.331748004318033
12476,1.565610726185654
12477,8.53042337118195
12478,9.098832622612273
12479,5.549009792957953
12480,7.8534960895073915
12481,4.703517337717333
12482,9.649183817458006
12483,6.545561772189471
12484,5.08934019577095
12485,5.044025527791984
12486,6.271857539099301
12487,6.485079026440612
12488,6.253581913293264
12489,5.189949563799826
12490,6.777356814088111
12491,4.699035932339264
12492,6.254414544557181
12493,5.618860967293893
12494,7.53049358229008
12495,5.969127767401972
12496,8.419286771174733
12497,7.555070055685447
12498,8.529048793051212
12499,1.6015487261267252
12500,3.393577942838924
12501,3.9788808687697674
12502,6.5698371186296995
12503,5.5865445576336885
12504,4.336132303191467
12505,4.968364424455895
12506,0.9463788531695576
12507,7.311015278834272
12508,8.204824526120694
12509,5.095390055397448
12510,7.001598734460642
12511,5.46462485802974
12512,9.27300271120984
12513,6.230195245567609
12514,5.836940305776231
12515,5.63091673996955
12516,4.13995085642135
12517,4.294583265422777
12518,5.527899009704202
12519,5.999612318609724
12520,7.62462681320563
12521,4.933368114988021
12522,6.386965129281234
12523,4.22150408855677
12524,6.4230227803038416
12525,2.3313516614302827
12526,3.7686070439328545
12527,6.924724673368758
12528,6.664923084520678
12529,5.7117833901053965
12530,8.601364635612486
12531,6.38336453983721
12532,4.626907380074693
12533,6.101530335913053
12534,3.8552236478148174
12535,6.830694729797151
12536,4.3179941630118455
12537,4.631295756623284
12538,3.3157318919615126
12539,5.143309354117666
12540,8.300516014941262
12541,6.838785579847222
12542,8.649464981488146
12543,5.47262027102589
12544,9.40316375206636
12545,6.34628799568397
12546,6.407898726041856
12547,7.15117452000615
12548,8.046662967408553
12549,5.5239528086554515
12550,5.483471523081788
12551,1.6955899086093558
12552,4.876794325060024
12553,7.13110849806553
12554,1.9961519918521453
12555,9.889196560582217
12556,8.312668199742124
12557,8.398529116357198
12558,3.461540454944091
12559,5.431133303244271
12560,5.179670288956398
12561,9.030952855123704
12562,6.4239221315010315
12563,3.35853358105923
12564,7.896933385301227
12565,6.823920849654497
12566,6.090650781690014
12567,3.658019595122471
12568,5.931256399445223
12569,6.237379723913038
12570,6.244626124580788
12571,8.44795414676871
12572,5.3172658103972825
12573,2.8335366893104843
12574,6.800609023777002
12575,5.942758663036271
12576,2.7059606626657984
12577,5.562119506283155
12578,5.839308412434491
12579,6.468019975121962
12580,6.23853985461798
12581,5.658352508292929
12582,4.318342295684092
12583,5.73728929022153
12584,7.632844040059209
12585,3.9445927522174546
12586,7.364731472380069
12587,7.9673192112918745
12588,2.306858953414236
12589,3.346346635780193
12590,8.79765746040463
12591,7.478220195237858
12592,6.240718240013988
12593,6.758080698485108
12594,3.071490545441936
12595,7.009382190207251
12596,7.859204728961863
12597,7.07258705001286
12598,4.967938413093939
12599,6.275773541101829
12600,4.491080112244223
12601,5.820599889872298
12602,5.937432844683814
12603,8.635981217611151
12604,9.32696031258648
12605,9.559653935209145
12606,6.151520446728757
12607,4.303724938412874
12608,7.102810767884783
12609,4.394627306341455
12610,4.815621973811991
12611,4.491754320999373
12612,5.624369316876576
12613,8.423792728336725
12614,6.3409466708233735
12615,4.9251529024403595
12616,8.969520887194397
12617,2.1753449218832404
12618,5.036140332623983
12619,6.678863468414052
12620,8.305764365476346
12621,7.9911610790275125
12622,5.6289957236094
12623,6.557589730113474
12624,6.68096488316052
12625,7.547648817883031
12626,6.291772352612685
12627,5.4856372191193445
12628,7.779005431219951
12629,8.186683995501436
12630,7.260034522389372
12631,5.952932557684109
12632,3.993548714348499
12633,6.80871890669878
12634,4.799969988664194
12635,4.893938223738093
12636,8.089469756833502
12637,7.52510850580366
12638,4.262604899008977
12639,7.101730519609464
12640,4.399784005023917
12641,6.1287101510182715
12642,5.559832682122265
12643,7.4569379697724845
12644,2.91047114149861
12645,6.062274461109836
12646,8.204830761119062
12647,7.054803029745414
12648,7.601397947682629
12649,4.527075072861986
12650,4.619109418002837
12651,4.830972438033337
12652,6.709204102017484
12653,5.938137693539084
12654,3.7834210718412855
12655,4.910985708312857
12656,4.605499380282671
12657,7.170446427986819
12658,8.124499685085137
12659,6.196320124661744
12660,6.106849687357078
12661,3.7784429703590314
12662,6.145333766475311
12663,5.891146594432447
12664,4.1149343282637725
12665,8.650244028551828
12666,4.828211035020164
12667,8.538081648651211
12668,5.321427668921433
12669,6.406225259703138
12670,5.504292363366639
12671,7.774077487382933
12672,6.8011475435676205
12673,2.6406403857327474
12674,8.733120521113324
12675,4.468060284995308
12676,8.038283694895338
12677,9.898387626560389
12678,9.053030228478594
12679,6.036635466878755
12680,6.721948496971406
12681,7.073413394924323
12682,7.381962928788551
12683,6.623375616446221
12684,6.958090205800332
12685,7.306201998598314
12686,7.390951167154346
12687,8.483027636284406
12688,6.163452588483293
12689,4.484419723490542
12690,8.860635280990612
12691,6.027160772198038
12692,8.053947598799535
12693,8.03542195529619
12694,5.47628471277065
12695,4.597978931914762
12696,4.575589318335278
12697,4.107426004699297
12698,8.10151163149094
12699,6.161426696151233
12700,8.176382106439943
12701,5.406340130580266
12702,5.304327045806151
12703,5.878519578553606
12704,1.5727318586176533
12705,3.206763436818702
12706,6.498782687330502
12707,2.668548573199593
12708,5.78180400082381
12709,8.007791555046193
12710,6.630408433204031
12711,2.1508398673842093
12712,5.166069945798095
12713,5.712649782596596
12714,4.008877041290516
12715,4.811376814393339
12716,7.6511824885489625
12717,5.993820199021276
12718,5.079659312458327
12719,4.8485231976240675
12720,6.2811920040166696
12721,8.756508747439616
12722,4.782772787361802
12723,6.449133908049904
12724,8.230003696100631
12725,6.357420912947592
12726,7.157454373076387
12727,4.851934308802625
12728,8.327812045967837
12729,3.716947861272244
12730,7.397174294757553
12731,9.124002920383077
12732,5.539665050281777
12733,4.537137153463731
12734,6.665165017880834
12735,7.519819769418271
12736,6.014777213350414
12737,8.257825407918235
12738,8.033078860874724
12739,8.440234237633295
12740,5.061168713631326
12741,2.3424230759555438
12742,5.913061812254016
12743,8.58255783057541
12744,6.2903355544729385
12745,8.70634858541563
12746,3.922683021523601
12747,5.801271501925545
12748,6.279992590994387
12749,4.143082592217846
12750,4.674422267114753
12751,3.4184563782017716
12752,7.110449629488608
12753,7.829917816194869
12754,3.0243101803947416
12755,8.7439263772916
12756,7.1120131882090325
12757,8.5563365903529
12758,5.035847401463634
12759,6.631465491729189
12760,8.421287736919002
12761,3.826711157988832
12762,8.742162700541334
12763,2.0217924416626314
12764,4.635930047086816
12765,6.970676298856345
12766,8.11087170235737
12767,5.282137685639456
12768,5.542182158008517
12769,3.900430753104303
12770,6.739879322486901
12771,6.570129211451901
12772,2.519175456734339
12773,1.5945745686946846
12774,7.797576248107275
12775,5.144652224510298
12776,5.766612681075025
12777,6.935709918643705
12778,8.14146244422361
12779,7.9381420261841145
12780,7.2485181705558475
12781,3.5843707724542595
12782,4.527970435038023
12783,6.967593323372651
12784,6.252097440172305
12785,4.437862551965632
12786,6.714978713759513
12787,7.681316874655576
12788,4.064204780827195
12789,4.371504505440381
12790,8.694437726114435
12791,6.28880773102494
12792,8.607566082381796
12793,7.337371598198761
12794,6.732500502218037
12795,7.155518460553068
12796,8.20673563324856
12797,4.675818459555552
12798,7.508950998508372
12799,6.748590067969335
12800,3.084646773939248
12801,5.923589055536505
12802,8.766772850230605
12803,3.8430823775635057
12804,5.343708593448606
12805,2.939199613206974
12806,8.511031857917242
12807,4.618612045515251
12808,4.662205499307802
12809,4.726761117857217
12810,5.802191493370434
12811,7.685201577010948
12812,8.536094023852892
12813,7.673054314578832
12814,7.83627797947572
12815,7.302365618434941
12816,6.37981355504602
12817,4.956507855181163
12818,9.037067302945538
12819,4.687500966131527
12820,8.419897733649476
12821,3.3710885001766027
12822,5.799731610327737
12823,4.923011874681211
12824,9.680714539524967
12825,9.43007100375888
12826,8.557162083405348
12827,6.2031657798065325
12828,6.374471682348688
12829,6.436410670284585
12830,9.023844550969509
12831,6.181620567001365
12832,5.546425144004103
12833,7.66932330144757
12834,7.387568466605666
12835,6.448871500622053
12836,8.795133978487314
12837,5.0251254163105195
12838,6.637442657398179
12839,4.417807715662557
12840,8.572936940104974
12841,5.220295631185822
12842,3.9238399994835005
12843,6.917360691772107
12844,5.471103070274859
12845,2.0267886848264625
12846,7.765594545399447
12847,4.283667064667019
12848,4.984113309055027
12849,7.338267323437426
12850,6.924157574742336
12851,4.620832984718575
12852,5.6811278333412325
12853,5.919078357248995
12854,2.8440340530438686
12855,5.813733410302223
12856,4.218993126809392
12857,4.620669012752475
12858,5.263792041372968
12859,4.842216396231357
12860,8.47015228364997
12861,7.05949311020196
12862,6.383907877846893
12863,8.9278132472794
12864,5.117819177081769
12865,6.318788633504162
12866,7.341701462350571
12867,4.305074192621848
12868,6.169301327432437
12869,8.750205229154645
12870,5.0359746493514255
12871,7.055487390194939
12872,4.423339902549497
12873,7.863124383011591
12874,5.049449404563298
12875,1.942832710199923
12876,8.009648359470107
12877,4.726526385409411
12878,4.912891426178874
12879,8.907774222659604
12880,7.347883525841104
12881,9.351740586596065
12882,6.116851463597769
12883,7.857262952399267
12884,3.783162683050908
12885,7.857808269463865
12886,8.406044284648406
12887,6.735170651586217
12888,5.117158300088931
12889,8.344530847322547
12890,4.381992912144008
12891,8.48558040466766
12892,4.608325428247099
12893,6.831125724044492
12894,3.4986402438243105
12895,5.52409692044216
12896,5.602540180483475
12897,3.411648594131628
12898,6.598130513809151
12899,8.201593851115007
12900,1.7775158822913693
12901,7.498384331132425
12902,6.43056775894478
12903,7.250547726078276
12904,4.704718126825383
12905,9.27418349970445
12906,6.682028339093941
12907,2.0587999801334638
12908,6.544715596403549
12909,3.4745857202620276
12910,8.937542511216133
12911,5.681665126940823
12912,3.097535801209983
12913,6.7275688770027875
12914,4.4886728490152645
12915,5.3730252318517895
12916,6.853697924257384
12917,7.84573247105552
12918,3.3003426254402086
12919,7.318164186765571
12920,6.274402761448366
12921,4.566491350370093
12922,6.824503476510804
12923,5.63705162723177
12924,6.796047937379487
12925,2.345884116480152
12926,5.708739821089405
12927,6.003124201733791
12928,6.561591827096584
12929,8.405551255418358
12930,3.9297752848884597
12931,5.48455327688682
12932,8.332086609697226
12933,8.201138781999063
12934,4.610006184381246
12935,7.573187764612752
12936,4.715740074540156
12937,8.193974660498752
12938,8.298805371208203
12939,7.086079506330334
12940,9.611778885900089
12941,4.03264047955002
12942,3.884023216544184
12943,8.962820038433131
12944,6.554208682029207
12945,6.320625470189023
12946,6.7986377312438515
12947,5.605752765483102
12948,4.8624863246714
12949,8.90664407620868
12950,6.535000483704657
12951,2.2497382094521017
12952,5.898828494810735
12953,6.261747585247877
12954,8.852491827614367
12955,2.1533122765760027
12956,5.302864313994199
12957,6.032940090162954
12958,8.656427441900043
12959,3.5575732492123446
12960,2.3739819987160633
12961,6.761384790430478
12962,5.35346536217658
12963,4.808721978370981
12964,7.739841477677561
12965,4.462058127461338
12966,2.893641634715604
12967,5.423873408183576
12968,5.114623230083702
12969,4.791197952399727
12970,6.2325386826680695
12971,4.25261921699977
12972,5.578334811043762
12973,6.962945691049219
12974,3.0338071353260387
12975,5.710127325769243
12976,7.4606280063539
12977,2.9841802227055805
12978,8.294461750230697
12979,8.060095185682922
12980,4.7751475111108395
12981,2.942044463655511
12982,9.701611625217769
12983,6.528379229456786
12984,5.121636226853224
12985,2.88880404476612
12986,7.871668970754687
12987,8.130039418806943
12988,7.589013132439085
12989,4.4022705256906525
12990,5.95307742254253
12991,4.3635713233242095
12992,5.316823921095707
12993,3.9345814652101696
12994,7.15104085681466
12995,6.703803164124115
12996,4.468540800883096
12997,7.304914954120878
12998,6.472459259128714
12999,6.302988055305374
13000,4.534003439444904
13001,7.691166277630126
13002,9.34067367206516
13003,4.830976352196605
13004,8.916003658097653
13005,1.4322434825148536
13006,3.767133091663454
13007,5.238295708974217
13008,4.327027856883809
13009,8.607731533125811
13010,4.961108479718599
13011,7.365245428749062
13012,7.941546562757315
13013,5.181807475096686
13014,5.426925615431264
13015,6.210324049923874
13016,6.7176780757168455
13017,5.895118112735595
13018,2.6459813601922715
13019,4.434861077662243
13020,4.803044639697479
13021,7.111192901348348
13022,9.26339809520021
13023,5.941153407450047
13024,5.193732046055313
13025,5.658990336700529
13026,5.292944018800833
13027,7.487703280657519
13028,7.699073189602791
13029,4.720086015016314
13030,4.822221696995227
13031,4.659835322901168
13032,3.1726334011837367
13033,6.511448231135336
13034,4.238937115325687
13035,7.5835544272353825
13036,7.128076673151685
13037,5.345802772235899
13038,7.233803766237572
13039,6.303654561289643
13040,5.0324237843463795
13041,3.190980699154813
13042,3.5200323204414214
13043,1.6158506948842986
13044,5.6220280182734985
13045,5.359306581158184
13046,5.40699572565977
13047,8.540035218105398
13048,7.5670989835613565
13049,7.037362720825463
13050,8.340947515595317
13051,4.241690860963548
13052,6.8526405071837315
13053,6.8838399106713535
13054,8.94117790836913
13055,5.244239938483812
13056,3.4570366292459713
13057,2.3115197269914094
13058,6.655087673484139
13059,6.067246296838003
13060,5.423846818821529
13061,4.372202011397036
13062,7.2771241074740916
13063,9.220563951488053
13064,1.7353237742301668
13065,4.491723278158254
13066,7.01291161523281
13067,8.971504188428247
13068,7.521608658763993
13069,7.308373870277611
13070,5.158392005262519
13071,4.821030095973058
13072,6.010510871217873
13073,6.429227960800013
13074,3.8182887020029668
13075,3.7884970263128768
13076,4.726132165330762
13077,5.817049443248559
13078,6.422778423425564
13079,4.073923602267546
13080,7.625829627601642
13081,5.963463717851319
13082,4.2212595612050245
13083,3.4713898318432332
13084,5.126853406830373
13085,4.392104476378771
13086,5.806124132004695
13087,3.031501764199308
13088,3.3120081379127777
13089,9.161411420234224
13090,7.7561583186357765
13091,7.980574774404143
13092,7.583154702683038
13093,5.989574752576578
13094,3.2366898463150364
13095,5.394156391777504
13096,6.111590683477438
13097,3.9913694369607433
13098,6.415023555498263
13099,8.460282104165408
13100,4.273433411865539
13101,5.60007753626002
13102,1.548125580907003
13103,7.086352870100628
13104,6.634789217807571
13105,6.863493571677747
13106,6.208568551935153
13107,3.636213340016854
13108,8.336682756243157
13109,5.622332817751984
13110,4.63638696146495
13111,5.5811599183985265
13112,7.404273790179726
13113,5.887995014054935
13114,8.632368083484076
13115,6.500973698989998
13116,8.217444000200041
13117,1.835419785013537
13118,9.681752744245594
13119,6.228788532364526
13120,2.76558729406898
13121,5.467597620570157
13122,6.775054699252483
13123,5.78716100774712
13124,4.281343783726133
13125,5.142974336288839
13126,4.362664567927106
13127,1.9977001025524326
13128,7.752759378326895
13129,4.52667522328752
13130,7.414290576909779
13131,2.0727982813030033
13132,5.963884933065168
13133,5.196078595757971
13134,7.2310772454413
13135,4.9186871560479
13136,2.3933261698690065
13137,7.085125398290243
13138,6.810283110751296
13139,4.962271178211868
13140,8.725154495904553
13141,6.674411343332234
13142,4.510276008066891
13143,8.18078929616675
13144,7.620833740390765
13145,5.982530347992977
13146,7.123814802597279
13147,6.559205345543786
13148,6.570773052211342
13149,7.436170942267979
13150,3.5418891544746947
13151,2.7797469634060916
13152,7.125677894291371
13153,3.7965478459201654
13154,4.450084463014202
13155,7.215335367647908
13156,4.672838771102194
13157,4.561171147711541
13158,5.063790165697002
13159,6.738965795426599
13160,5.803569799686785
13161,9.818238959908744
13162,8.195159660655058
13163,4.436906454365474
13164,7.602729412171644
13165,4.331182366422768
13166,2.7378403483212614
13167,6.242695119847371
13168,4.48390955117072
13169,5.691393592284086
13170,7.554116904973477
13171,7.009389617518914
13172,6.156632606798809
13173,9.395518827992543
13174,6.950625775129476
13175,4.064469873720675
13176,5.705041462704501
13177,7.74266373266679
13178,3.352524919726754
13179,8.521781545734074
13180,4.59075021533235
13181,3.4960862225854705
13182,8.199438353159055
13183,5.723700221168683
13184,6.840712007025045
13185,7.252577762761999
13186,7.605204747531848
13187,7.233640084041621
13188,4.520142587278221
13189,4.537806611319591
13190,5.821476684442027
13191,3.7717917492859643
13192,8.454564267360094
13193,7.768244679342708
13194,8.309961669766388
13195,6.05991157841888
13196,5.420020337314639
13197,6.2831356151270725
13198,7.4541452720725045
13199,6.373532317861427
13200,8.950120241198862
13201,2.6448818886546768
13202,5.308878822460773
13203,6.954652655070852
13204,4.701811116318141
13205,6.1537862415440765
13206,3.9709827658871903
13207,3.3715711309880287
13208,4.008624686529894
13209,2.445092140848746
13210,3.032931166692147
13211,2.5411644309607637
13212,6.893952925322878
13213,6.958283739311739
13214,4.979394478323215
13215,2.8730845302337578
13216,6.156692859154126
13217,6.153125541490881
13218,8.060325061327976
13219,5.761602084933826
13220,6.483659153745709
13221,6.734140417673452
13222,9.511169450245351
13223,4.854299248970994
13224,4.066493725257441
13225,7.706893753137796
13226,5.855713617386711
13227,5.357662909251102
13228,8.783871088790502
13229,9.103090261956996
13230,6.263140558339305
13231,4.258327592885675
13232,7.794205863252914
13233,0.3319475813776135
13234,5.473304423936707
13235,6.771405707187216
13236,6.57207133633532
13237,7.552296632146493
13238,5.5405989515534015
13239,5.218231332540008
13240,3.5589637035406887
13241,7.745705823603005
13242,5.0329919505953775
13243,6.883253852652775
13244,6.0512266648455695
13245,5.039519661673632
13246,7.220248096871282
13247,8.204352941233171
13248,4.829009010373116
13249,4.652544397753119
13250,8.027560298376143
13251,5.374464066196893
13252,7.747729737965489
13253,5.75031087834323
13254,3.204668554132299
13255,5.540465504590094
13256,6.690907525265949
13257,7.130999821957418
13258,8.627892760132163
13259,5.226414526986423
13260,8.51813748366011
13261,9.437627711063367
13262,4.49659702454269
13263,6.476134603746568
13264,3.3211944599855467
13265,5.553318087457342
13266,6.4907498465853894
13267,3.9449090950030974
13268,2.851117545963979
13269,7.241397371194695
13270,7.639351876115726
13271,5.093797131647442
13272,8.455170556941383
13273,7.93644210966493
13274,8.260851156789101
13275,8.007782796145918
13276,6.197149864871242
13277,6.967679015474447
13278,1.298855381292841
13279,3.6382945167478224
13280,5.015602283477694
13281,6.197252157250334
13282,5.588678908264684
13283,5.244624230057452
13284,4.839099481303152
13285,7.196130088016949
13286,6.506752974344456
13287,6.8372070216740966
13288,5.1756637904923775
13289,6.867412938763765
13290,8.596838030489499
13291,2.6112739432910748
13292,4.726363371171717
13293,3.8899153799650414
13294,6.9091205035205725
13295,7.697601812946287
13296,5.84180568334105
13297,6.091010582233961
13298,8.41637238997775
13299,5.733692993112916
13300,6.175770364515345
13301,6.328075765262969
13302,4.608986963752194
13303,7.1438043980241845
13304,6.126980369929262
13305,4.264452133931946
13306,5.876551905424334
13307,6.907089063513984
13308,4.346518924333875
13309,2.809299160074517
13310,3.0822445993376593
13311,5.265311785142183
13312,0.9305153511017252
13313,5.3038250316570545
13314,7.4137125801242485
13315,9.13766063937663
13316,4.677162148225037
13317,2.975522250245575
13318,5.236169832767058
13319,5.792472670956492
13320,4.829212612153588
13321,5.94044115795735
13322,7.370407519537823
13323,7.827457958841725
13324,6.887972892864644
13325,3.2082905086594593
13326,7.820426012771734
13327,6.885990622718127
13328,6.505383301516087
13329,7.396846460555225
13330,6.911032260955379
13331,5.913514884897005
13332,2.137549324859621
13333,5.290921566184185
13334,2.744976351920009
13335,9.934783841099865
13336,1.7206607676145955
13337,7.0176385747446615
13338,8.418157463665777
13339,8.677381010789686
13340,7.8618533662495915
13341,9.125467113317262
13342,5.6238321902737685
13343,6.1396500237101215
13344,2.729424430121129
13345,3.3516571253619016
13346,4.239290191257016
13347,8.879095787812531
13348,3.915796721263876
13349,2.7919591999175912
13350,3.3387743589671777
13351,2.513369395432694
13352,5.579082830687072
13353,8.088679368863703
13354,8.107261643935914
13355,2.904446818645405
13356,7.123437917993444
13357,3.9168677646759327
13358,8.112934355768573
13359,5.428715854047625
13360,8.19895218475755
13361,6.997803994354649
13362,4.23071374939523
13363,6.935194162211985
13364,5.268262167209143
13365,8.444903249287941
13366,8.28465945483208
13367,4.994250155039076
13368,5.477519785885599
13369,6.744871903188644
13370,4.367826504402495
13371,3.1314193991484527
13372,3.815830297119466
13373,8.101228237258015
13374,6.700573797835596
13375,4.0318720583197685
13376,4.91554285444645
13377,6.505088062458498
13378,8.681042764624577
13379,5.253581055531743
13380,2.4436490919324054
13381,9.006969379455816
13382,4.004550374495819
13383,7.469815465527389
13384,3.3988274537357444
13385,7.619283551130467
13386,3.059037714228542
13387,2.5616896439851935
13388,6.2706046685281205
13389,6.070471098805487
13390,8.7466984117802
13391,6.480966821411627
13392,8.21424200552502
13393,5.320076892249985
13394,4.57761414876198
13395,8.956298318493932
13396,8.879911910690188
13397,8.037825494386308
13398,4.7117297538992196
13399,6.947404991960502
13400,7.708615194148869
13401,6.029849586320227
13402,3.909063799020395
13403,8.469380340228678
13404,5.954858636392732
13405,10.115131443283563
13406,4.033542590872701
13407,3.19160951360307
13408,3.5739954917537737
13409,7.430844599032964
13410,9.151507938338975
13411,5.443443485250137
13412,6.088757232237717
13413,8.715568240467377
13414,5.502526847555664
13415,7.137556539103717
13416,8.41134137493048
13417,5.864956751712445
13418,6.644974028066632
13419,7.182902476825107
13420,6.966228179209612
13421,4.9383292857110135
13422,4.886319499184217
13423,6.537443526556118
13424,8.496457948801897
13425,6.639157044861595
13426,5.744023531589008
13427,6.5263744944822
13428,5.449700508973033
13429,3.9818486047735915
13430,4.1078620426594386
13431,7.945211626337986
13432,7.465361392812644
13433,4.934726919532602
13434,6.109983337416686
13435,6.232320018874953
13436,8.655248882379091
13437,1.9047531985531547
13438,2.8331760360608422
13439,9.940957258419502
13440,8.04627688256025
13441,4.309855008979229
13442,6.796862503665425
13443,5.7301880641091865
13444,5.942301363824553
13445,6.683079109465265
13446,9.07527120023956
13447,2.1618369857136606
13448,2.722081155929001
13449,5.637689403785677
13450,7.6187940088552795
13451,5.629898362541481
13452,7.114122906738714
13453,5.085701464792771
13454,8.326092139889484
13455,4.83092361539368
13456,2.6622095592455484
13457,8.16748662021531
13458,8.096487986687025
13459,7.123233848320174
13460,6.373213663721966
13461,4.835593604952187
13462,5.368625839967762
13463,3.009172215246707
13464,4.208837499605773
13465,1.4108407177506632
13466,7.944314923540582
13467,4.103774754779811
13468,6.858510518575133
13469,4.890895699977627
13470,6.295445137727191
13471,5.16991139698147
13472,3.519083297536848
13473,7.363243401975756
13474,4.667121703124442
13475,7.7550871742213445
13476,6.633718061267381
13477,3.8684517332577197
13478,3.132665434013862
13479,5.1202682974613
13480,6.39998264047059
13481,4.650152179533429
13482,7.490717583327249
13483,7.528240668825447
13484,6.045823587437046
13485,7.006133193859285
13486,5.581340679366322
13487,4.876147352855162
13488,3.2364399548961935
13489,2.5756144360227555
13490,4.273714874864087
13491,6.072879166625286
13492,6.322835420668538
13493,7.580249012518693
13494,4.06614938954828
13495,4.551861457911241
13496,4.896930069441024
13497,5.899871141817369
13498,6.347290648212396
13499,7.669098368594623
13500,4.572986915917858
13501,6.794783524545417
13502,4.9363100056429134
13503,7.08177934928212
13504,8.355921608908721
13505,4.350841158969059
13506,9.025477867558884
13507,3.471418279385005
13508,3.4304152289236813
13509,8.263748533145005
13510,7.903749907518222
13511,3.939510395683584
13512,7.047488419330707
13513,2.3949721173640075
13514,8.304020511571625
13515,7.715525019540296
13516,4.390850305059085
13517,5.853487020733608
13518,8.892654708393376
13519,8.40358103332713
13520,5.9648439237201885
13521,5.581829947575012
13522,4.314016236659632
13523,3.735826029747352
13524,6.068621396314017
13525,5.992752021424949
13526,3.211297073688975
13527,4.286949992970078
13528,9.178861382681117
13529,7.290275131424773
13530,2.4038874855003156
13531,6.558338696682177
13532,6.876116978331847
13533,2.8006008506577036
13534,6.1652377432356005
13535,3.033413779233552
13536,4.917261579882258
13537,4.7749407061988265
13538,6.303718620638802
13539,4.006095572466812
13540,4.659872749257842
13541,8.799939562627241
13542,3.357141159471604
13543,5.209041867860858
13544,5.4298304618038795
13545,7.679598934402089
13546,7.595972112332122
13547,8.23320317771513
13548,4.161427746364801
13549,2.7972369227146903
13550,4.920675363139795
13551,7.619640858334864
13552,6.6396001569597765
13553,6.74836357000648
13554,4.352402826449404
13555,6.8270313493095145
13556,6.309769800587019
13557,9.797827673393817
13558,6.854977255270169
13559,9.087717231935388
13560,5.757122350625061
13561,4.325910994863002
13562,5.202290234730831
13563,6.863722287712516
13564,6.707880875247354
13565,6.2680684033598935
13566,4.517172845832851
13567,5.5049569556637294
13568,5.426609506294257
13569,2.5101828239247177
13570,5.086086781823711
13571,6.395571996938589
13572,7.180598892826401
13573,7.374709203906464
13574,9.177149381739339
13575,7.896679936023801
13576,6.048129140218041
13577,8.929238362825473
13578,2.4579292579572387
13579,4.257465462855636
13580,3.745174549625201
13581,6.022865744545469
13582,4.570391864997008
13583,8.026711810250607
13584,7.1263143126280735
13585,8.805407830962956
13586,3.2116790507711004
13587,8.176334563909748
13588,1.3449963179046804
13589,8.431645897845364
13590,5.445696734674975
13591,5.8295732602162715
13592,8.769018099117297
13593,6.183399623285326
13594,5.442370985950619
13595,5.401290521946576
13596,8.536755546801935
13597,5.054297209330876
13598,6.958489154942706
13599,1.53353684174994
13600,8.87637390284628
13601,4.835581066693786
13602,9.263783030126861
13603,3.3611921259318613
13604,7.525023398962934
13605,8.13729243090682
13606,5.853931998742816
13607,4.564232850085715
13608,1.3277313166516556
13609,3.526128808246696
13610,6.255059376724583
13611,5.48050199307624
13612,9.571544131737843
13613,2.116855094125147
13614,4.935917638345327
13615,4.664471148361522
13616,4.427514181238277
13617,6.992264218080958
13618,8.060169711897174
13619,5.772565967167797
13620,3.3611470028609736
13621,1.9649273093029405
13622,5.9558067637830305
13623,6.871516711781927
13624,9.945283069387937
13625,5.32144150369664
13626,6.255280406804314
13627,9.39007581011855
13628,5.045126307540475
13629,3.4474396911225362
13630,3.9125449125132663
13631,7.892408650109628
13632,5.448633601229716
13633,4.77803702163916
13634,6.826972669734584
13635,3.814198013814984
13636,6.2649080955505845
13637,7.271422272696511
13638,4.741681335924479
13639,5.105036582232146
13640,5.7438270121699855
13641,7.448711862179899
13642,7.243399939764465
13643,7.060003886896349
13644,3.5837853742726464
13645,3.7974833573807363
13646,9.310005085571666
13647,3.7821461568909647
13648,9.040509140056232
13649,4.887965703110174
13650,5.204043572198882
13651,7.480764302412838
13652,6.615854352353015
13653,6.664367205345992
13654,5.599686837184058
13655,6.5504227057161115
13656,4.367240221321724
13657,4.089135087380759
13658,2.8115238771168087
13659,4.865717716730492
13660,7.643278325585975
13661,7.627652772217062
13662,4.740354853849093
13663,4.956559304652834
13664,7.2468511947852825
13665,7.192124812558337
13666,6.747497321818798
13667,6.917983327439897
13668,6.875504062193536
13669,2.789183987538792
13670,8.296335496998601
13671,6.436523003929891
13672,8.669959402819899
13673,7.070372522429938
13674,5.303986424948965
13675,5.908587244762125
13676,7.381591449685227
13677,8.707853071251069
13678,6.684274483432009
13679,3.4954312628620254
13680,5.095232892946071
13681,5.360240114103439
13682,5.105951011424656
13683,7.572715650759142
13684,5.505797920387119
13685,6.593487085967425
13686,6.207868833078203
13687,7.255961847759496
13688,6.826751657321452
13689,7.227940476333959
13690,7.26477028426329
13691,8.862986573244033
13692,4.401988129525991
13693,7.166175978878232
13694,5.061597236832631
13695,6.22930051467871
13696,7.663989674074299
13697,8.10377498161408
13698,5.3240713350445255
13699,6.319762379325991
13700,5.061523840812083
13701,3.6694819059523724
13702,4.497647766237726
13703,5.771647996479248
13704,3.4534357900645176
13705,4.557643896066117
13706,8.387093059750805
13707,5.543117307936205
13708,7.647654313999894
13709,8.519969268300494
13710,5.446561205851928
13711,6.918784688032283
13712,5.028584615349288
13713,6.414393992921506
13714,4.995141453250636
13715,6.314607132812534
13716,6.020613737620005
13717,2.319210396533092
13718,4.278285857032194
13719,6.941989086225034
13720,7.976861993325506
13721,9.008351596741853
13722,5.034905394739675
13723,3.342436584994791
13724,6.849804224430087
13725,6.2825717989500065
13726,1.8270518155549307
13727,6.570240290255317
13728,4.259791108315683
13729,6.993177071661356
13730,7.9979576087321576
13731,6.644713815311623
13732,4.079332424293199
13733,8.664165493039775
13734,2.34117526543486
13735,5.082595445777341
13736,8.269103354167363
13737,3.4409821689533944
13738,5.2907076836571845
13739,5.375170187490343
13740,9.801919782489614
13741,5.709099354571805
13742,7.2075538560514065
13743,7.666590547705782
13744,5.757491289734123
13745,8.351211978737505
13746,6.8420427913191375
13747,9.11903554454878
13748,6.001410817355626
13749,5.268507834029943
13750,6.1604411619501
13751,7.760631370866368
13752,5.471814633426213
13753,8.549859580034141
13754,5.327413043703114
13755,6.0215916933383
13756,5.2874339051315
13757,6.876039558960655
13758,5.259696664872938
13759,7.213150433824136
13760,8.539635008452215
13761,9.247907905282664
13762,4.808813176333166
13763,6.742125435633539
13764,5.916937957257852
13765,3.950877144333298
13766,7.772737782798376
13767,4.187189201713236
13768,5.311835498685865
13769,4.2879731547158615
13770,6.479724408620093
13771,1.2744692425581132
13772,7.048488976436682
13773,8.254499739937497
13774,9.245868674511296
13775,4.782462061286105
13776,3.293542586130291
13777,6.8843037431295615
13778,7.634798305929448
13779,7.548951912338119
13780,7.419714132677705
13781,6.366731455231459
13782,7.583988176702409
13783,6.612655720753183
13784,9.247159982678852
13785,3.541743602385974
13786,7.1605345993625225
13787,6.989726651706398
13788,5.726578484000461
13789,6.244298609255445
13790,5.06202357656019
13791,4.700202910340277
13792,6.979369215007826
13793,5.352370480378812
13794,4.928343320597649
13795,4.921183528001087
13796,5.20646513600132
13797,4.516249014213669
13798,6.227595149100705
13799,7.262072486360381
13800,4.758775315610039
13801,3.655152094936284
13802,5.299461234212993
13803,2.4191005571175817
13804,4.080137867510904
13805,3.0512369838636886
13806,8.147148652041292
13807,4.1234738005369795
13808,5.537147448785595
13809,4.345331788794903
13810,6.781648224335871
13811,5.7068096811462965
13812,7.123713481274377
13813,7.951861817971125
13814,8.375538363021283
13815,4.607833164072672
13816,8.406926180712578
13817,3.8424100249322217
13818,6.434165042191321
13819,4.835976308038596
13820,8.322676439332527
13821,9.10095764442088
13822,7.338450738317762
13823,6.4324798199956135
13824,6.37185380107494
13825,6.66374123468133
13826,5.276832481685357
13827,4.853866211474795
13828,6.05245542374435
13829,7.908969603431164
13830,3.681649228128378
13831,7.662576768637893
13832,7.75619545354634
13833,8.333268258444436
13834,6.235402654458404
13835,2.558486576087446
13836,4.560187073101311
13837,5.695561619400037
13838,8.553747550329938
13839,5.709896079978737
13840,5.356974208278722
13841,7.879809374153615
13842,8.418355092154318
13843,8.440532036149126
13844,9.014887812824622
13845,9.579089934784449
13846,2.1705277463242276
13847,6.3995688125513155
13848,6.299332627884386
13849,4.818982335571438
13850,4.489120473156431
13851,2.3917786582785743
13852,4.882914150555383
13853,9.66061473740062
13854,5.165478331078923
13855,7.137926073931464
13856,3.6176373975851974
13857,7.382595269488339
13858,5.531869304647012
13859,7.628823428976432
13860,8.90551716827546
13861,5.593169387501124
13862,4.683707714258108
13863,8.914352103328985
13864,6.875129951429512
13865,5.780903616430051
13866,6.750062036958369
13867,4.139702889467145
13868,5.126744942572834
13869,8.069442475178993
13870,8.660394061178422
13871,8.935779656309467
13872,5.810433665964192
13873,9.764242724365507
13874,7.335329544783935
13875,9.08650354659855
13876,6.971365358733045
13877,6.295029953460464
13878,6.193061855509106
13879,5.512207979718514
13880,8.040139417782942
13881,5.966524477117359
13882,5.61193117681104
13883,7.820477403723347
13884,5.95256767625881
13885,3.4712163155768545
13886,6.1162100144657146
13887,7.484143623725639
13888,8.228901639331244
13889,8.149989080187872
13890,2.8965796555845165
13891,7.188611387559534
13892,6.174371819783656
13893,9.307876750330484
13894,7.117105114268762
13895,6.225212222592025
13896,5.731576301393986
13897,6.764035168805597
13898,5.073178749404214
13899,7.588874227432487
13900,7.153009180634482
13901,6.453597774261273
13902,2.3857243495828735
13903,7.18144096396795
13904,3.0022401981749973
13905,5.605177636418609
13906,5.876213608254506
13907,5.6895454496875555
13908,7.359099876445721
13909,7.589364003458097
13910,6.581866075113912
13911,8.041159259064239
13912,2.6859432033263526
13913,7.1673540369520214
13914,0.8195611072167202
13915,5.878289895092722
13916,7.518338987620734
13917,7.952942253241761
13918,8.060489531228981
13919,7.342224247573051
13920,6.320767991510265
13921,2.734061184840203
13922,5.007328391748436
13923,8.492525272643952
13924,7.135880702325217
13925,5.475979556994948
13926,7.520780493021433
13927,8.306417892528
13928,6.7863272059074164
13929,6.580033722857982
13930,6.346547017893471
13931,6.967521934304433
13932,6.796924417789332
13933,6.365170705722064
13934,7.401172972343344
13935,3.1437378610496047
13936,7.296276152951132
13937,4.232728916120953
13938,2.5685019841435177
13939,7.13590869288998
13940,6.581050240198126
13941,4.320920985797984
13942,3.889010071149947
13943,5.61387763994872
13944,6.724078725102868
13945,6.539376601631394
13946,6.396743852528003
13947,4.539876087744625
13948,8.231493999013576
13949,1.7473189677960166
13950,7.426129439184099
13951,6.996928642838553
13952,4.4177976996422705
13953,5.000571178914832
13954,8.02890084470317
13955,4.131002234140664
13956,1.9208052569982383
13957,1.810858096598742
13958,8.247284507866619
13959,6.238922184108487
13960,5.3687226995441995
13961,7.145440677145194
13962,5.670641082286487
13963,8.279933647486475
13964,5.340457616599149
13965,4.511239475855756
13966,5.237019828600269
13967,4.4741022165127475
13968,6.081534042823984
13969,5.593404584280862
13970,9.208205250265678
13971,6.0699893378639995
13972,8.861408104600988
13973,5.654094215801734
13974,1.918640208472019
13975,6.560889788753048
13976,7.434507467481826
13977,6.274481379722505
13978,7.200587979814503
13979,6.790229889496346
13980,8.433681073406342
13981,6.683862471210835
13982,4.989538904996268
13983,4.802733839803963
13984,3.1139693031023814
13985,7.583317316645992
13986,7.833566223912474
13987,7.451571957179955
13988,5.4830441423594785
13989,6.541473441521037
13990,1.838111489638678
13991,5.175489303446155
13992,6.959735495676946
13993,6.443763155453713
13994,3.2781109181234265
13995,8.162793983174033
13996,5.9579503386126405
13997,6.780002536558781
13998,7.3679910993644295
13999,4.280519627564861
14000,7.949611860554334
14001,9.223966387792597
14002,5.649597718395061
14003,8.80961955568933
14004,7.572821129484025
14005,7.048014909501332
14006,2.9832301866237136
14007,7.954709495871358
14008,6.73293304429918
14009,3.4147229134743324
14010,8.357035646618046
14011,3.3671721149952054
14012,3.378140897154788
14013,6.618709431837007
14014,4.064442679423602
14015,3.107157176751253
14016,5.4045038795981055
14017,6.079699712375209
14018,6.002249940781559
14019,8.53316577958573
14020,9.046041795711103
14021,8.421420237057902
14022,7.060975236374315
14023,7.161241819764986
14024,4.946597417146433
14025,1.4998605254859863
14026,5.929041844585752
14027,8.524313120604786
14028,6.026529434444979
14029,6.034209692518285
14030,4.685019380216421
14031,2.1501499854471056
14032,4.618827110956894
14033,5.439781390142285
14034,8.078413268514566
14035,4.249216930526637
14036,8.490024617227942
14037,7.368325007489881
14038,5.606677646234482
14039,7.655784158505583
14040,8.307521354329364
14041,4.8611873849775895
14042,5.277282010907054
14043,6.14881904796076
14044,2.7421775354079
14045,4.12320551377742
14046,5.169363900242305
14047,4.2394988247269385
14048,8.39956007701937
14049,6.321885857776701
14050,5.536057220385366
14051,7.566205827887532
14052,5.977230873998714
14053,3.404151583940211
14054,9.174212942659633
14055,7.331121940493222
14056,6.830949534729585
14057,5.240117260130373
14058,4.935260276025291
14059,4.500646171093754
14060,1.2773939848323352
14061,4.097632489417785
14062,4.563734962442459
14063,4.387614993265101
14064,2.2645124848346816
14065,1.2715939367021882
14066,9.128383694338112
14067,2.0003307143224687
14068,4.559165001659949
14069,6.29370226008924
14070,6.809575522039195
14071,4.658797602154667
14072,5.2716912724948
14073,8.371424984200846
14074,5.49223873987945
14075,4.98055875893248
14076,6.955421537511828
14077,3.6675912845385064
14078,7.390099616133251
14079,6.265848678203891
14080,4.102936769451206
14081,7.579085410801492
14082,5.96148890209273
14083,5.142233856173151
14084,2.418365496440626
14085,5.810000896505036
14086,5.669175409710799
14087,8.218018193841118
14088,6.245662468280836
14089,6.264531401138122
14090,2.2034139869110634
14091,7.090846835681326
14092,5.720113488400426
14093,2.7605289515193214
14094,4.290897101124543
14095,7.1471675534124675
14096,7.646678278421662
14097,6.060583033114906
14098,7.259667165109476
14099,7.63532216037046
14100,7.340557642776938
14101,4.586480726758902
14102,4.305635248091346
14103,7.689498169901564
14104,6.527078377029565
14105,5.202516504707857
14106,5.655147524135941
14107,5.756770806840637
14108,5.019966429360045
14109,7.384548354578358
14110,4.33800514044788
14111,2.03021027931796
14112,5.71206450993742
14113,4.970039186997925
14114,9.875095699355402
14115,6.291734697120287
14116,6.391950849496718
14117,8.40650697970127
14118,6.9669178197670645
14119,6.17388156571032
14120,6.350811622309104
14121,3.852212334975263
14122,3.7536031492341753
14123,4.844697847231256
14124,5.271896967677299
14125,8.02998473887932
14126,7.084933318380886
14127,8.229287809318876
14128,4.826581393966395
14129,3.172392716177715
14130,3.833042015755034
14131,5.985073753270635
14132,7.476043599485426
14133,9.88989769367113
14134,6.6259990767791415
14135,6.225372990268133
14136,6.543444890326076
14137,6.533866574233723
14138,4.264183604779667
14139,7.635478820300354
14140,8.75381363349044
14141,7.33169489786791
14142,6.376784537002948
14143,6.163483513962198
14144,6.149083060846287
14145,7.830251783332796
14146,4.42913615035879
14147,4.857581860315432
14148,7.911256266048024
14149,9.546882754422239
14150,3.453254419376408
14151,5.520545738088553
14152,3.004339157415417
14153,9.592336809217652
14154,6.500164273127872
14155,7.411695186247939
14156,7.814936521394595
14157,5.897368199207459
14158,7.292691472286969
14159,5.461233196009318
14160,3.805463158228652
14161,6.919814902907278
14162,4.539648808292613
14163,5.059570316381981
14164,7.833517159220704
14165,6.552640601539457
14166,6.915547341172168
14167,8.83884298863315
14168,6.907233908542266
14169,9.186152407703647
14170,6.065640170643528
14171,2.183124001768124
14172,4.155410623449697
14173,6.579060655356057
14174,6.366459996606751
14175,4.979400457126426
14176,8.186937349744694
14177,8.323109680767313
14178,8.130406688849988
14179,7.050863497045432
14180,4.827489982479683
14181,8.764950400653543
14182,5.382673062956357
14183,7.492101464776609
14184,8.383344987733715
14185,5.549455786329508
14186,6.440099845642747
14187,6.214707835008756
14188,7.041712739672131
14189,6.888229948062479
14190,6.169957582061437
14191,8.26487546837155
14192,7.490274306062469
14193,7.293458894870824
14194,7.023097622972435
14195,4.83669753423971
14196,7.306403088583203
14197,5.845306703827968
14198,5.50448337596429
14199,5.317557841813981
14200,7.798571756944773
14201,3.960790052842658
14202,4.43340378419289
14203,5.96527210453543
14204,2.792576086623446
14205,8.349508029961243
14206,4.954103225131545
14207,4.758778829540246
14208,6.724008492417257
14209,8.787762806160563
14210,9.137701817174277
14211,6.2588343039547
14212,6.737106653697621
14213,8.353615623648789
14214,7.9035602751126435
14215,2.4018772607260725
14216,6.686530211756292
14217,8.904196735176793
14218,9.147105460045882
14219,5.371459759132897
14220,8.448881033129528
14221,2.669783129956453
14222,4.671099330066282
14223,5.24847486383133
14224,6.223349951187609
14225,7.469327594355195
14226,2.214616899962592
14227,6.172171859058222
14228,6.720544556787406
14229,6.096915835097052
14230,4.35334308664485
14231,5.1303641996685885
14232,7.294533903677901
14233,5.1585037203004065
14234,5.810597376155594
14235,3.8056408185102484
14236,3.7534082542445586
14237,3.9668248131882304
14238,7.118249231134738
14239,9.040585185561973
14240,4.47205159568197
14241,8.479472937733105
14242,5.029687819574419
14243,3.645025674687142
14244,5.3815363220346555
14245,5.571000941674259
14246,7.257509587115707
14247,5.239281891912317
14248,6.556282986694247
14249,5.227594709493434
14250,9.033369672191588
14251,3.2998465953114904
14252,3.4928144978368647
14253,9.790186714240221
14254,6.8860918015036425
14255,8.207813851863165
14256,5.361147646696213
14257,4.485794890051091
14258,7.711429008031422
14259,6.202647655341514
14260,1.7772369626308153
14261,7.871608337946095
14262,5.3224424327792565
14263,1.90322892436644
14264,9.511356755569244
14265,5.421607581365876
14266,5.49460915244943
14267,5.703305101960492
14268,4.559934474768049
14269,7.287254016770237
14270,2.7092285814783352
14271,1.7256471404889138
14272,7.450671320966396
14273,7.16329253785433
14274,6.623702781776222
14275,1.8925105807741238
14276,8.167809680702849
14277,8.244781042741657
14278,7.774643069488472
14279,7.198526252439276
14280,6.075453213554856
14281,5.361486335102306
14282,1.9456083547382494
14283,4.531847012897872
14284,6.602333423956939
14285,3.7994879289496404
14286,4.786603237989036
14287,8.926472306840349
14288,5.250373975972792
14289,7.839399973270064
14290,6.860368833498756
14291,5.870970781666729
14292,5.938500872749813
14293,7.675141834408184
14294,6.377678384504402
14295,6.285614990708041
14296,5.930002445140756
14297,5.0404846346196965
14298,5.0006010976517805
14299,6.249439507377023
14300,8.33883626991658
14301,5.2132739176147345
14302,6.2050258867456565
14303,6.725648118664406
14304,2.0952830328382976
14305,7.037010811182389
14306,3.119866150459508
14307,8.279954755919142
14308,3.417526751585413
14309,6.1586499452470305
14310,3.71810535446341
14311,7.749601626476643
14312,4.3744388455657734
14313,7.5803332679893565
14314,3.4140668789586623
14315,4.3215681963600705
14316,2.686670766294248
14317,7.606776019662492
14318,6.504477269076967
14319,5.831311255219659
14320,6.501514719097703
14321,6.799490990924362
14322,6.035800613216365
14323,4.626569167646339
14324,3.7674741988083014
14325,5.440003858903983
14326,9.542432830070432
14327,5.120418489745784
14328,5.445780924864307
14329,4.577992838216368
14330,6.775691455926899
14331,7.917427214633508
14332,8.440089653697276
14333,9.088045832133597
14334,9.536168943786574
14335,6.853200269355486
14336,5.652180694127085
14337,4.050373115284218
14338,6.537361974100712
14339,7.686247309003773
14340,8.618393210701418
14341,7.060615545347349
14342,9.25202534079747
14343,7.10808124636408
14344,6.109573678199696
14345,9.55056409509325
14346,5.700361824560944
14347,5.3533917897671595
14348,6.512602778187239
14349,4.2415294289791206
14350,7.1195590905728325
14351,4.397315592499309
14352,8.321499299974018
14353,4.548939155286721
14354,8.772905413776606
14355,6.43963826900873
14356,7.624788714998704
14357,8.280888940282605
14358,2.714203763117943
14359,7.03206775888395
14360,7.812795595542868
14361,8.334221825031674
14362,6.352471910842435
14363,4.757907137494983
14364,8.52098631165684
14365,2.839500149902597
14366,5.7755709909766235
14367,6.638375522718474
14368,5.182497056846581
14369,4.997656904499601
14370,7.5432862621239245
14371,4.3892267707882215
14372,7.548865610649482
14373,7.479786894912122
14374,6.670360199022889
14375,5.727707336670779
14376,2.2526168423471913
14377,5.872870201755419
14378,7.366454169310657
14379,3.8643572539516673
14380,6.67847072791723
14381,8.755867336156838
14382,9.280854971818778
14383,7.608363499914245
14384,7.208478339411041
14385,9.462854951237063
14386,8.914299602602327
14387,7.1277120170809685
14388,6.935508499331382
14389,3.603968803366672
14390,6.209617573611856
14391,7.299871671738269
14392,7.364116782644666
14393,2.3765949619294915
14394,8.304865027981858
14395,8.582386515051462
14396,5.310238511681984
14397,6.858349903151161
14398,5.115073452941303
14399,5.525926376668194
14400,1.2579464280554482
14401,5.568872956386802
14402,6.005626114434201
14403,7.973488364024922
14404,5.681848763264016
14405,9.194099739399078
14406,6.454156807738468
14407,8.044425514306901
14408,7.655096685231249
14409,6.455351886579392
14410,8.546608532813867
14411,7.6561738633596566
14412,6.654026978950414
14413,2.975121475775477
14414,7.459732008458201
14415,6.890365172433559
14416,5.832893209360112
14417,5.794901958484871
14418,3.5011883389292224
14419,6.3130925078016835
14420,5.1301837572884885
14421,8.178465627466721
14422,1.1281685973209687
14423,4.431853542026389
14424,3.1620911321206324
14425,7.173607805852548
14426,8.262228941693692
14427,5.492273456939435
14428,6.461333645531219
14429,5.742524432410397
14430,7.446415636035137
14431,3.6716309454584763
14432,3.1332455638001133
14433,7.069574508710549
14434,5.3024790946702005
14435,8.744175879219384
14436,8.248071138465649
14437,7.29104258708462
14438,6.780391700504416
14439,5.625041078256731
14440,5.9998274974806804
14441,3.7089936418824982
14442,2.8044337748200783
14443,7.871640720954911
14444,5.474784741907575
14445,3.8845219489970546
14446,1.523167563055235
14447,8.136178578450805
14448,8.17887034622785
14449,3.323761490936531
14450,2.766683652136012
14451,6.405155228020586
14452,3.056011010009267
14453,5.155331295372118
14454,8.223181471861603
14455,3.8976929561306655
14456,7.676816056825608
14457,6.901536002696336
14458,7.123619812638982
14459,3.635385151733143
14460,4.2579008959887
14461,8.832022179786318
14462,4.171442571439876
14463,9.653049722061276
14464,5.204371178614605
14465,7.098938735015216
14466,2.1613084358352337
14467,3.6213165067972506
14468,5.4720951701346054
14469,6.588376704401082
14470,8.99586717121598
14471,4.981130825435232
14472,8.788450285237817
14473,4.683207663281053
14474,5.217005377934209
14475,8.891440135527056
14476,3.95080037035906
14477,4.466007558557863
14478,6.099351499656828
14479,8.000538475600809
14480,4.834829356793001
14481,4.6212692837981
14482,0.8236188791698089
14483,3.6876641473237606
14484,4.940426176542141
14485,9.060210648951381
14486,4.963748783610651
14487,9.181268680111305
14488,7.380803234367401
14489,3.866837646038906
14490,3.134430941942442
14491,5.633742431445149
14492,5.66834514568552
14493,6.368536620389351
14494,3.2978367024967827
14495,1.8496221940436939
14496,1.9305264798187167
14497,4.0764002925588905
14498,3.77650398714127
14499,9.402539590091187
14500,8.14093609989872
14501,6.258233264349994
14502,6.079926712656072
14503,1.7290637279253467
14504,4.649455668692989
14505,7.277344787651233
14506,5.016244019086124
14507,7.484559199466578
14508,6.665399070355306
14509,7.76650344558113
14510,4.700196645666921
14511,4.525781346723105
14512,6.0428196508374405
14513,9.398665068363396
14514,6.039611802153151
14515,4.328687373560003
14516,6.939708598817647
14517,4.234426932512398
14518,3.4910979492749323
14519,6.036479841905146
14520,6.2437906053885595
14521,8.189310223219161
14522,7.216727057545331
14523,2.413874683283048
14524,2.3013161223982332
14525,3.219448762498852
14526,4.415484198234591
14527,7.124497692452284
14528,3.7208467127379237
14529,5.555938386216194
14530,6.97486345924742
14531,9.211801324613212
14532,6.362001772949503
14533,8.284782441232682
14534,8.7926949464658
14535,3.2705827971277888
14536,5.144410098344819
14537,8.477675969856485
14538,8.153312317564339
14539,7.09384110422371
14540,3.9081190934707157
14541,8.15064141261104
14542,7.375008638594083
14543,7.312446730851907
14544,8.284948120490078
14545,6.409739851105035
14546,4.390786211403032
14547,4.825418877595272
14548,4.946336750082372
14549,7.412544875311905
14550,5.331116865168664
14551,6.191166190194031
14552,2.319730059406517
14553,7.22067051356514
14554,8.20766156889148
14555,7.433988488782843
14556,7.116987921358631
14557,3.7477666337992033
14558,6.014623390573678
14559,5.962242332718003
14560,8.249948462603545
14561,6.934023728324671
14562,1.9637635214785134
14563,8.733478199724832
14564,6.177729948879493
14565,5.44139654808285
14566,6.7682408084827985
14567,3.228381566064985
14568,3.284553617669993
14569,6.062161361227911
14570,7.546624313116262
14571,3.867998734494667
14572,5.927059289559444
14573,8.185388319642097
14574,9.009515105194776
14575,5.444972515220135
14576,1.8227797508377803
14577,4.4614711803827225
14578,6.0102925322955745
14579,4.4109476442624445
14580,7.43765366043634
14581,0.9289817382424833
14582,3.399549939382713
14583,4.9523135993583995
14584,4.6848631958174805
14585,6.846347935623473
14586,5.278076289641653
14587,7.393470121132635
14588,3.9856981897601482
14589,5.705829213390425
14590,8.691043347681413
14591,4.384029388871051
14592,4.8419486770103255
14593,3.8254465887993923
14594,8.98257705305673
14595,2.0745405873008163
14596,2.529139576149323
14597,8.048361696816771
14598,3.4903064406362483
14599,8.969219691666893
14600,4.375033921493858
14601,5.610639757267449
14602,6.984015721370637
14603,6.886800761437561
14604,6.063269123730018
14605,6.432769696037014
14606,8.673393584704069
14607,8.178613661434131
14608,5.691106914206769
14609,7.679252098201844
14610,4.316761947814804
14611,8.152249467979665
14612,7.5240837483318295
14613,6.52503440613416
14614,4.394848944463943
14615,7.443481212214063
14616,3.981869386669441
14617,6.187180540412287
14618,6.67084059630135
14619,4.348543609910985
14620,4.537200114076621
14621,5.115179955396549
14622,7.464452609803555
14623,9.352519570740053
14624,6.163380855547247
14625,8.435893998829982
14626,2.1372709259851783
14627,7.671507416333396
14628,7.453623413554992
14629,6.656695855449075
14630,5.576100238793491
14631,7.990365034611438
14632,3.5057463356021477
14633,4.657834889965129
14634,4.862733913710041
14635,5.493886731185844
14636,5.69570482498685
14637,2.9767348207859787
14638,6.0293691230713
14639,6.630532547727692
14640,4.93888148962635
14641,5.55401131843548
14642,4.669381431998928
14643,5.487427283246006
14644,7.769248873881355
14645,1.0916278746156816
14646,5.422341230747567
14647,3.764657162363612
14648,7.804044514527341
14649,1.6535628097785193
14650,7.536792327226344
14651,6.190173163954358
14652,6.006717671998384
14653,2.5208917461717664
14654,4.162348430969576
14655,4.697981164679466
14656,6.287567832015668
14657,6.185821335250109
14658,5.451223004911814
14659,8.362730596393849
14660,9.312335811547939
14661,4.454557786975624
14662,3.698910168443773
14663,6.590109799627435
14664,8.96837823495224
14665,7.5916811453183
14666,7.903434823431583
14667,2.611897357567793
14668,8.470505514305607
14669,7.877942731689604
14670,4.665467507274701
14671,8.42912593415739
14672,8.873238178389867
14673,6.713804671779219
14674,5.950418434685822
14675,6.868596508540164
14676,4.392752899076571
14677,7.358210223925925
14678,1.4247128064686208
14679,6.803763725744283
14680,6.6937024717683995
14681,6.072747671117178
14682,4.8524044150086
14683,5.308773105887891
14684,3.6954172182041325
14685,6.379081062556809
14686,5.448442326430279
14687,8.223053479287044
14688,9.672351485825224
14689,4.762943665244532
14690,4.491344922946253
14691,4.286823344648513
14692,6.1496914595476895
14693,5.181129035784762
14694,4.724629724074585
14695,8.425783250746786
14696,4.346126006977838
14697,2.96628778955985
14698,8.684617271347479
14699,4.153903314322721
14700,5.049785541113943
14701,5.858198434146394
14702,6.924391183585458
14703,3.6592170168978533
14704,4.74111729369256
14705,2.462153339431509
14706,3.114409383963583
14707,2.4168364959243505
14708,6.1779188225403825
14709,3.5436524728708836
14710,4.5042449337851025
14711,8.163208849857082
14712,5.237574839053672
14713,5.850983899227129
14714,6.194576964080588
14715,5.588389083110074
14716,7.223235602571103
14717,4.467984159636213
14718,3.4372076501038853
14719,5.774927598609428
14720,7.05363829342787
14721,6.26032501967371
14722,7.931724238122685
14723,4.301717430599903
14724,9.267933569077302
14725,6.015168248117448
14726,7.836637117546363
14727,8.46442289274838
14728,6.845476104794071
14729,2.677484074888313
14730,4.6514694519413275
14731,5.587746298556998
14732,3.8493909048625268
14733,5.167221475931623
14734,3.4611951316692573
14735,1.9844344432477656
14736,7.368919964623082
14737,7.8368978424917275
14738,3.950641048018241
14739,6.3783507778677215
14740,3.096468636309637
14741,6.807536731142412
14742,8.315140751512908
14743,0.7565991551133006
14744,6.096707181786675
14745,6.972741522047672
14746,5.371469859409458
14747,9.108237854276354
14748,7.208689636973258
14749,5.815986470939887
14750,8.463978105651204
14751,4.098734132495619
14752,8.517775581124152
14753,4.672302112192151
14754,6.8170863368471615
14755,5.13863034909831
14756,4.8270445222114144
14757,6.03427984446664
14758,8.08586362272028
14759,4.444297163000642
14760,7.1064737580105
14761,7.005668744293575
14762,3.1322130607398453
14763,7.880175207584258
14764,7.589551204672148
14765,3.029407705992371
14766,1.6503645768889623
14767,5.0813260036021735
14768,5.929417592480209
14769,3.592892352588342
14770,7.410811574008401
14771,3.3321262148885635
14772,5.165757483139852
14773,6.365781529990228
14774,4.967098076189364
14775,5.992586494081316
14776,9.220097033287916
14777,5.802592700793236
14778,4.614176458461558
14779,7.402769503482269
14780,4.681933652317314
14781,6.649822640582956
14782,7.4642267978724455
14783,6.997840023364269
14784,6.265416015330787
14785,7.672664952055553
14786,7.932512136816853
14787,6.443485643981266
14788,3.853698038298101
14789,6.219499475041022
14790,7.202800423097267
14791,7.428384930446962
14792,6.146649308622111
14793,1.918567384373569
14794,2.162473615642981
14795,8.469983404446879
14796,8.082577685025205
14797,7.672301878242996
14798,5.395186227859358
14799,4.8055319174398745
14800,8.35252015773431
14801,3.0959658842759294
14802,1.9505296936727263
14803,8.689312593733723
14804,5.131997254405221
14805,8.28029058105584
14806,7.166410822395938
14807,3.9685466895284254
14808,8.467304610178854
14809,5.968172679368878
14810,6.934394825972653
14811,7.172549152468151
14812,7.549098506892192
14813,2.2739478890405262
14814,4.82371450721871
14815,6.584460193269358
14816,5.054186567896897
14817,2.4884575427592917
14818,4.35086673660869
14819,5.000089369737113
14820,7.709578628827405
14821,4.433047248151116
14822,7.996349970473059
14823,5.406739636697649
14824,4.954964655131734
14825,5.092504892488702
14826,4.679034116634637
14827,5.716145823497355
14828,5.274999504540372
14829,7.548164085864984
14830,4.628947782282311
14831,7.877924149035742
14832,5.544814048389354
14833,8.120147434344842
14834,3.952736304360603
14835,7.4637281667827615
14836,6.0185214423701385
14837,6.045950955716343
14838,5.3775706590059675
14839,4.543587451936992
14840,4.69711640756922
14841,4.331300322067435
14842,7.937459280894512
14843,6.371316227987076
14844,2.176922521334006
14845,7.0358638219015255
14846,8.417468917431915
14847,6.149887788403449
14848,5.65294711374658
14849,5.383945509294654
14850,5.860907093348645
14851,8.909983405527209
14852,2.0521847105720177
14853,7.12589473053898
14854,8.13262128205461
14855,2.772922193980784
14856,5.706772293715055
14857,4.2376941861436315
14858,4.990349795057822
14859,3.9513266167491423
14860,2.1482236678792455
14861,6.694530621400438
14862,1.3740361043612286
14863,7.545644563737154
14864,6.38976144092282
14865,7.126265955301803
14866,7.179852131926691
14867,4.407611507842104
14868,5.993295991135605
14869,3.2844776311865407
14870,3.8219140124804034
14871,7.062136934731903
14872,5.2270197906928715
14873,6.7844674951453126
14874,6.812134249027942
14875,2.3517727978553196
14876,3.6162988436407475
14877,5.92249717085973
14878,6.876389355177677
14879,8.67797899860444
14880,2.134734871467416
14881,6.712367501186276
14882,5.2599715746627105
14883,7.176506351596292
14884,4.218281120430288
14885,4.6876196730813975
14886,6.387852323892158
14887,4.930125449594625
14888,7.486015677044836
14889,8.10771140767891
14890,2.942172131055136
14891,7.112911077695831
14892,4.781294996753211
14893,5.163103929425908
14894,4.8839984825290825
14895,8.038462442745129
14896,3.403458202896519
14897,5.710004267575474
14898,4.615414763224633
14899,4.478125007520255
14900,4.181187456524763
14901,9.640339779275466
14902,6.859539706502946
14903,6.711311158126003
14904,6.701374601981007
14905,4.990809394210793
14906,8.491181469324587
14907,4.676466911837333
14908,6.039390874134144
14909,6.841478782003527
14910,5.154768893939202
14911,7.17649925381064
14912,4.882999558982283
14913,8.555279419505595
14914,5.9645982886091655
14915,7.599032277763927
14916,5.703981088263741
14917,6.995408871527438
14918,2.0394992928886815
14919,4.836657304758246
14920,4.859557972616249
14921,1.7529737270247425
14922,6.144983639619245
14923,6.2151155699118465
14924,6.013402404093868
14925,6.825526123048694
14926,3.320657525871517
14927,4.291969537865271
14928,6.571074890301158
14929,7.4809255024077395
14930,4.36335276426956
14931,7.512732690506255
14932,5.525233528347661
14933,9.49894896041191
14934,8.813513358697945
14935,4.574423171944393
14936,7.975792338331566
14937,5.612481220652676
14938,4.91233406013896
14939,8.42911312528079
14940,8.166011499873742
14941,7.369549783527746
14942,7.718180894006903
14943,8.487337662735014
14944,2.770661145967671
14945,9.307096381057242
14946,8.277492372490748
14947,5.583131095122427
14948,5.32284125962442
14949,5.068963337089649
14950,9.429546756751861
14951,6.483594523229874
14952,7.154041098090916
14953,5.997121803274732
14954,4.472039771257407
14955,4.034152178450054
14956,7.12046855249819
14957,7.580296161975822
14958,7.5619805633989525
14959,5.860396226492518
14960,3.3973924050421407
14961,6.33265363554127
14962,5.063588732769162
14963,6.834462328120461
14964,6.415470349925612
14965,2.9039972751976175
14966,5.641722801528019
14967,5.942059251398843
14968,3.978747490081332
14969,8.508734039572445
14970,5.601537487178847
14971,9.538207055870716
14972,7.34823979903099
14973,4.593477937880963
14974,5.8915186761938045
14975,9.363828512624586
14976,5.561438721023168
14977,6.20841124866124
14978,5.779068632693065
14979,7.985065537718061
14980,3.8696217427113178
14981,4.143758338555946
14982,6.498274383395927
14983,6.927413975354785
14984,6.862746315296602
14985,5.469154863142178
14986,4.5947166701975535
14987,6.83676574260641
14988,2.0614659895898226
14989,9.209409160724455
14990,4.353481265721606
14991,8.486061874339608
14992,4.567380688663938
14993,5.191103624011002
14994,3.7451128820036996
14995,7.748443502115149
14996,9.145045817912202
14997,6.537818760275641
14998,7.398864449639961
14999,6.106671148836052
15000,5.255822598773298
15001,4.8127299847633624
15002,6.892515862449531
15003,4.632414262370179
15004,8.879420686378788
15005,7.935811560407322
15006,7.954768547120098
15007,3.2374572437997458
15008,6.534459340944778
15009,5.184604185929786
15010,0.0932268311787815
15011,7.078080458681259
15012,5.967374644944041
15013,5.129742686863936
15014,8.61101880708538
15015,8.098312711932117
15016,6.358474289800941
15017,2.357433233217409
15018,6.846907824890421
15019,3.398117262981092
15020,3.7370724197858847
15021,8.57878962625696
15022,7.3014903852066855
15023,4.192081246035771
15024,7.533595640395664
15025,6.561521818208228
15026,5.88491217679664
15027,7.724335979401955
15028,7.996817169692971
15029,5.381118928128757
15030,8.863382465740862
15031,6.834989085062836
15032,7.364076302565849
15033,4.785419646296779
15034,5.604541229060713
15035,5.285423756494824
15036,5.888517133299321
15037,4.390130639292801
15038,8.863952251997304
15039,5.30922210035202
15040,7.213004891679135
15041,5.684938111917746
15042,7.423938771798372
15043,8.311420508585426
15044,4.816638972137855
15045,6.879978513979257
15046,5.308701358137846
15047,5.643535533662879
15048,2.984391485602197
15049,1.1255673293248978
15050,8.571809094680253
15051,4.7930775424153405
15052,6.225181707158663
15053,5.3957865214072624
15054,9.266666550211138
15055,9.253335231300175
15056,6.284385809791658
15057,5.385202865050562
15058,6.932826252281698
15059,5.706807835714539
15060,7.985700770468069
15061,4.073486156399551
15062,6.290179711674641
15063,8.35845766510188
15064,5.653943288787507
15065,7.652918514832312
15066,5.776734846970774
15067,8.477823440175856
15068,6.57995719365179
15069,6.411794792307133
15070,7.5455213203235045
15071,6.0902079987921915
15072,6.89802833140988
15073,6.875464748555945
15074,4.760149719759363
15075,6.057690697715007
15076,7.709001161694239
15077,7.211216581187904
15078,7.139464911124744
15079,7.714021801533502
15080,5.844966220598146
15081,6.591992016394228
15082,7.44826041802541
15083,6.203807512732099
15084,2.2885550370066503
15085,4.145196071103987
15086,5.500833037620149
15087,4.961907645692156
15088,8.000243870454803
15089,6.774249235168915
15090,7.416619915053685
15091,3.2547941641066798
15092,6.521147311491463
15093,3.003012848618576
15094,3.894525633906353
15095,5.49269368564832
15096,7.447242860798118
15097,5.915465497798095
15098,7.062378702656815
15099,5.646282719951923
15100,6.5069224922103075
15101,7.209187014514253
15102,8.166502290372875
15103,6.255748602924019
15104,4.832931932697996
15105,2.3279821966498644
15106,4.07556515643025
15107,6.658130800112655
15108,7.527219686497057
15109,4.450310664096582
15110,4.680275511152095
15111,6.519269618795409
15112,3.429680234779541
15113,5.5277697523173925
15114,6.170249307858416
15115,3.9555784913559706
15116,5.06879867967892
15117,6.1731607555593495
15118,4.424269381298871
15119,8.636485111757953
15120,7.699795187360282
15121,5.6215919284158025
15122,8.826126995412427
15123,4.236873891709443
15124,6.2097188568946216
15125,9.618168591999257
15126,8.156303724355116
15127,6.828808655498065
15128,6.935047054956832
15129,8.098954762331381
15130,7.51090887991423
15131,9.751613974920296
15132,4.899389227423148
15133,4.196274620120093
15134,7.456701265962344
15135,6.556379180754787
15136,5.9606969662435905
15137,6.926849573905093
15138,6.5056514667516145
15139,4.639746751782906
15140,1.3544543471478463
15141,8.746001826555643
15142,6.365405754975006
15143,5.201437734088087
15144,6.88793225430112
15145,3.4572769288848533
15146,3.809907809356586
15147,7.55866260591067
15148,7.989954655595111
15149,4.384896747440788
15150,3.996324330085721
15151,6.334288126356669
15152,6.421436039699854
15153,4.023447856444212
15154,6.355331621007551
15155,7.934203753484473
15156,5.3574246082836865
15157,5.0796169629558
15158,6.335318964270909
15159,5.9460460624247045
15160,3.9428506609377223
15161,3.1570361164073555
15162,8.342948338232626
15163,2.1012477960915725
15164,3.1992979134354194
15165,5.383546811183149
15166,4.041834307534776
15167,4.6343499599171025
15168,8.342722436420548
15169,5.140740001687742
15170,3.693091420994152
15171,5.707503430474418
15172,8.982356827856643
15173,5.649351558676511
15174,8.365006298531345
15175,7.022558583377713
15176,4.868660874686583
15177,4.924477382509517
15178,8.577469867462986
15179,3.768139518290819
15180,8.534345345954572
15181,6.126814366221927
15182,4.520911682100993
15183,8.83912632869834
15184,2.9177918516881562
15185,7.219977566791899
15186,4.3890077977562
15187,5.546433333823547
15188,5.2486208492259125
15189,6.084341528553534
15190,7.914786583064057
15191,8.737245581455074
15192,3.359173188975123
15193,4.984329389228522
15194,5.429070074880803
15195,7.1745773370520025
15196,2.62226869873154
15197,7.10808953702739
15198,5.459362125598771
15199,6.801081995102853
15200,9.53686353958623
15201,5.955024614683762
15202,2.3189044505498435
15203,3.805347094337018
15204,4.791754515373628
15205,5.979522128552023
15206,4.639074511910396
15207,7.466120937077696
15208,2.7188421187383103
15209,6.639101341758863
15210,3.9569432201879824
15211,4.469997579430749
15212,7.006128587581892
15213,7.066164127460715
15214,8.471972868333014
15215,7.7351303094792865
15216,4.616366394743105
15217,3.620277565940973
15218,4.6493156817814185
15219,3.6386751811609206
15220,6.223492159386014
15221,8.521094750560547
15222,6.847792914552436
15223,5.189022927964476
15224,6.055439882464858
15225,3.6884779215854957
15226,4.414768997842263
15227,7.619959473124186
15228,4.8744247803509495
15229,9.022362900065323
15230,2.8257369548208473
15231,9.143279671879313
15232,3.582098938100958
15233,2.293775063968752
15234,5.59048802763927
15235,7.173123580448278
15236,7.260172370000907
15237,7.1494739693977065
15238,3.8446053432133285
15239,7.16275036218918
15240,8.367774093150349
15241,3.649204098937542
15242,3.9012336489127186
15243,3.483021447258181
15244,4.851331101390753
15245,7.117186050245987
15246,7.909814768223365
15247,5.4056798453904
15248,4.844786645426779
15249,5.845649248802348
15250,8.78344682987904
15251,8.65866978689622
15252,6.200719212494437
15253,8.875776470735557
15254,6.054068868514009
15255,3.3953983073186937
15256,3.1375838289081246
15257,3.030650768156956
15258,5.194441999246721
15259,6.57875798677499
15260,6.4784708537426505
15261,5.810235116829299
15262,6.297279657453207
15263,6.0934880512721525
15264,6.981224012765047
15265,2.790305699819603
15266,5.422782358182504
15267,3.0157057791607045
15268,5.710117459617439
15269,7.478752026688304
15270,7.033683799280111
15271,2.804038350994311
15272,7.736975250358436
15273,5.620801477251578
15274,2.3015067965083142
15275,9.072106021025117
15276,4.303289873549651
15277,6.654891777906045
15278,6.088157754708751
15279,4.024940464271527
15280,6.810729076121536
15281,8.143928260691752
15282,8.058061093350576
15283,5.477013128826795
15284,7.39106245367674
15285,6.622735591330037
15286,4.717989467028797
15287,5.29980146052028
15288,8.003926503969623
15289,6.396682598338774
15290,5.372670999492378
15291,4.03329390601292
15292,3.9021118239242254
15293,1.7951660355469943
15294,6.783148359504613
15295,6.528311181008297
15296,5.0452209245004935
15297,8.050031129870092
15298,2.1210184858096564
15299,6.746725575446016
15300,6.257064900779243
15301,9.548017811727417
15302,5.896496880085161
15303,7.492637056479451
15304,6.750020726633415
15305,7.658808037700473
15306,7.0721942973483065
15307,9.40049642800042
15308,5.8193666277025855
15309,3.2835938611403592
15310,6.751280296354132
15311,4.954732868512427
15312,7.1456852175418994
15313,7.9472952069776195
15314,7.048412559781691
15315,5.099177555084575
15316,7.113491509530336
15317,4.963826430409957
15318,3.729514684382793
15319,5.491466412771355
15320,6.001325347590405
15321,7.489106794891206
15322,5.075668541438729
15323,7.242465751213297
15324,9.168069384163053
15325,1.4135223696626735
15326,7.672067674928149
15327,6.657996024125724
15328,6.218670346920842
15329,8.362772019320177
15330,4.35193896803126
15331,8.907884001721854
15332,4.9629330634310245
15333,5.010661072374394
15334,4.691142332037509
15335,6.233969275797205
15336,6.564990807236404
15337,6.430032202720757
15338,5.95988900633634
15339,5.901461234330956
15340,3.2743709119915776
15341,5.494782403682969
15342,4.669763823520109
15343,4.115066504709809
15344,5.281243362518272
15345,5.327011315295865
15346,6.6139926043598045
15347,5.116068592385247
15348,5.116576483614251
15349,6.7379565840954
15350,7.0863260312805245
15351,6.852204783116452
15352,3.366136877724685
15353,5.231528555083048
15354,2.364751490649582
15355,8.53502652079997
15356,5.191220642672068
15357,6.2462396478551945
15358,8.145978245183
15359,7.169419060353128
15360,6.444837956483556
15361,5.9277857599265005
15362,4.7786980432814
15363,1.2696252919382838
15364,5.587569738072739
15365,6.303159913859313
15366,5.240498709780512
15367,7.84265934468146
15368,5.1934707741357045
15369,4.94957991419953
15370,2.1724612132756738
15371,4.107883852230348
15372,4.113473848149689
15373,3.1448340751323394
15374,1.7949547790654747
15375,8.308231551972451
15376,8.169999741417685
15377,5.594644567958909
15378,4.605569079009922
15379,5.714583006948875
15380,7.847819063147663
15381,7.034324698192234
15382,7.235903985587165
15383,4.0300136842835785
15384,3.52824279325851
15385,5.746683844264849
15386,8.824830423904979
15387,0.6263420374917283
15388,6.534566357359409
15389,9.231236650703309
15390,4.344974234315526
15391,6.2626951170422185
15392,3.0517146699563784
15393,4.76905850547608
15394,5.34970706116207
15395,6.660478266915412
15396,5.197415108860659
15397,6.7489089665686395
15398,2.604448288552342
15399,3.1098564075511717
15400,6.3631977700971785
15401,3.011259188057525
15402,6.433441294048445
15403,7.148248367525532
15404,7.840332409484495
15405,9.289201571332184
15406,6.384259769511653
15407,5.985507827172718
15408,3.7796904353363345
15409,4.729404633898255
15410,5.359767165648712
15411,7.452391194457745
15412,6.216427052394417
15413,7.637846219551439
15414,3.445623342929149
15415,3.785731962373726
15416,5.7325697676540806
15417,8.708875394204814
15418,5.633968109803337
15419,6.514027332459134
15420,5.106249055460612
15421,9.777843729422782
15422,2.405750729679365
15423,4.007059072277324
15424,8.400999632063156
15425,1.0420807600491142
15426,7.00340577225581
15427,7.484774350204595
15428,7.488116273564761
15429,7.581514868429252
15430,6.275662071742911
15431,3.7276260158291703
15432,6.776738108414737
15433,5.4436974462926475
15434,5.907909413447786
15435,3.5885214365039007
15436,5.6613302513915675
15437,4.575058653896777
15438,7.496616934035567
15439,7.6808483071489775
15440,4.724672417013744
15441,7.786823548575235
15442,6.910337385283389
15443,7.054091543122544
15444,7.063402588045387
15445,5.5510354186350455
15446,3.8265484350527323
15447,5.536520682759468
15448,3.2863471439564345
15449,7.960545430158616
15450,4.477319846056415
15451,1.4373760358450536
15452,4.95434037505745
15453,6.045444802678943
15454,4.104480280815011
15455,7.691107384837435
15456,6.1784972876329896
15457,9.170579927358375
15458,4.70491529542381
15459,6.512272130029676
15460,6.146192550220795
15461,8.969577711809592
15462,1.2048349791527282
15463,7.33671269215017
15464,6.040773995507721
15465,8.324985230693901
15466,6.151903852456579
15467,9.177867766502388
15468,5.6396435984383455
15469,5.447773721833036
15470,4.0244727478184315
15471,3.590246306630739
15472,8.392241264956382
15473,6.71955795582874
15474,7.9833883718904755
15475,3.914616969912382
15476,5.875818246603401
15477,4.021667956886584
15478,6.5455111957384515
15479,4.967175658540201
15480,7.949942860353389
15481,7.646509551906297
15482,6.459889795359266
15483,1.4407614767789343
15484,9.732688832894409
15485,5.830011038911893
15486,6.5254750130432
15487,5.131230026340346
15488,9.420023451833385
15489,8.410516313619132
15490,2.5643103593083554
15491,4.398926974120563
15492,4.310910734672101
15493,4.468693417340076
15494,4.206026435512379
15495,4.951901095142098
15496,8.643736951120419
15497,4.125761890598479
15498,3.9640243707183975
15499,6.73559699472195
15500,7.2624838143725805
15501,5.02368772867017
15502,7.933289511181558
15503,6.895267434307695
15504,7.057724715717555
15505,5.313800790438995
15506,8.264631309080636
15507,3.773033677605296
15508,7.649757154130665
15509,4.532167861648244
15510,6.216706346620365
15511,5.785483761494007
15512,3.243088607203075
15513,5.099078364808652
15514,7.0173707538959
15515,8.2498682919189
15516,4.209883542232545
15517,5.413258712410196
15518,6.962257405676432
15519,8.155221049032104
15520,2.8809894383059276
15521,3.755642640648386
15522,4.211126332956066
15523,2.4593732059333027
15524,4.003428171130028
15525,8.054558123545073
15526,4.4404369490367
15527,7.011544483677506
15528,1.9407414721742517
15529,5.970734277069215
15530,3.2648780011934058
15531,4.541949291975522
15532,2.5032129888816184
15533,8.039963105023672
15534,8.29949403150771
15535,6.4660961529683085
15536,4.7895502922988555
15537,6.020748394745914
15538,6.222018003687946
15539,4.92140886721411
15540,8.527225520961458
15541,7.009779968142836
15542,5.466528975754878
15543,6.886648925364704
15544,3.455857102611429
15545,4.213220976439846
15546,4.117068440811505
15547,5.195512411880761
15548,7.296307923436632
15549,3.875942755400493
15550,7.387269129688886
15551,8.08321232868588
15552,5.36287762352642
15553,4.374230817844619
15554,8.251192028770575
15555,5.80992744757771
15556,4.278902353037232
15557,3.7989136318986203
15558,1.8722569944970808
15559,6.2207732867513155
15560,9.39730654794145
15561,8.081834688944545
15562,7.1310244015550595
15563,5.935136729690182
15564,7.964531659353122
15565,5.228888916253814
15566,6.713853308340571
15567,9.118304567043822
15568,6.032560607831991
15569,3.989825118359974
15570,8.845305054034021
15571,5.62691769100752
15572,3.6935041254107643
15573,6.465598245999278
15574,6.114717433802766
15575,3.0287675201289552
15576,3.2746189908852936
15577,8.775401917807997
15578,6.337089148840522
15579,5.812368687000745
15580,3.143447159627792
15581,5.331865073495014
15582,3.5580433529744724
15583,3.4305086388933295
15584,2.6716422528252726
15585,2.084559898037787
15586,6.637892222279593
15587,4.270705711423563
15588,8.152353247961203
15589,6.791543135197354
15590,7.275391269260594
15591,2.102964440319286
15592,5.574331000303613
15593,3.5507815771039986
15594,7.706261104514683
15595,7.68502566639865
15596,7.359089095190715
15597,7.83894674175546
15598,8.592959268083401
15599,7.354972971453696
15600,5.8536197202044224
15601,5.908404056009883
15602,4.775765882627255
15603,7.341999813645758
15604,7.334105082875179
15605,3.7337476671071914
15606,7.72526755345924
15607,0.9438847186792649
15608,8.348269416722149
15609,8.459121572506357
15610,5.485471775125128
15611,2.928622872420889
15612,5.718597357845383
15613,5.143680257747583
15614,4.935637798223532
15615,7.664973943882403
15616,5.838754449855031
15617,4.019385227421061
15618,5.059612232573629
15619,4.308146817361342
15620,5.308877131373276
15621,4.690568031510838
15622,8.247894407111776
15623,3.0476360128888955
15624,5.137186974998175
15625,6.334785149854753
15626,2.4103977095000344
15627,4.6112761693332205
15628,8.716056245884843
15629,5.692688982612263
15630,4.389626688047221
15631,4.402960227020435
15632,2.9674922371433654
15633,3.1739071398623357
15634,7.534503235829504
15635,4.342490201370419
15636,4.495497138635164
15637,1.9444961982514117
15638,5.5210004662747005
15639,6.736749826411231
15640,6.59910233292897
15641,7.634853015393114
15642,6.969182770313042
15643,5.660956362395444
15644,6.937250281534447
15645,5.790081961702907
15646,3.134041916047748
15647,4.712798996705895
15648,4.104743792209926
15649,4.778660067989151
15650,7.904516626353817
15651,5.892524342470044
15652,4.615674136284621
15653,8.083256588667838
15654,2.8666677541695056
15655,7.539803270959299
15656,4.145113440560955
15657,6.224106738306111
15658,4.105364669308979
15659,7.116517388149456
15660,6.303080836335165
15661,7.817166076668681
15662,3.751006924824464
15663,5.1917570045906505
15664,8.714529061084638
15665,8.42118126021182
15666,2.776819195162756
15667,6.647438214831392
15668,6.49447815141828
15669,7.1559901289887105
15670,1.7487279760796084
15671,6.5398086859935916
15672,6.446785086914035
15673,7.066864457519843
15674,5.75323386722733
15675,8.3447534443603
15676,8.57659265019085
15677,4.6496308736211365
15678,7.594276450002875
15679,4.9614399754162
15680,6.303394782727607
15681,6.261140826733787
15682,4.120001074833298
15683,8.862699682362772
15684,4.544704556201036
15685,3.4103735614659367
15686,8.03150275551356
15687,1.4234697604650886
15688,9.532985511884306
15689,6.815151158525609
15690,5.994680616473268
15691,5.77101218490594
15692,7.518764141147363
15693,6.958459739051198
15694,4.843864234160104
15695,4.377186837425641
15696,4.168004219706161
15697,8.518379789395562
15698,3.6547103136274406
15699,6.555960147625627
15700,4.155317221586534
15701,6.08614460311703
15702,9.188316900905416
15703,5.925174002741587
15704,4.107363184532631
15705,4.2303226584153215
15706,4.491955871663552
15707,5.845663442912946
15708,1.9112338505340167
15709,5.989166622430422
15710,5.976717925974333
15711,6.594162187046601
15712,5.397012611659759
15713,6.502410090999855
15714,3.926383987123538
15715,2.3057104281014276
15716,6.44873894255898
15717,8.723608829130876
15718,4.151955802413339
15719,4.840181816165841
15720,6.816239210363162
15721,6.410695884275655
15722,7.205454631103175
15723,8.753494715436428
15724,2.864005807907686
15725,4.928172660295511
15726,6.15783993830558
15727,4.6827265870126515
15728,6.23416451189061
15729,9.588739505783966
15730,6.699146946171458
15731,6.051529798828275
15732,4.325734774620426
15733,5.212213656375863
15734,2.265891150877391
15735,3.17812271771228
15736,5.416668623799523
15737,4.9046859010975
15738,4.377625815954675
15739,5.31027868044202
15740,3.20134881151442
15741,1.396375047664048
15742,8.215278817080787
15743,4.320018541698965
15744,6.293365486214501
15745,5.303304545903845
15746,2.1901622274655574
15747,6.907566929359963
15748,5.092184755439727
15749,7.097834399564904
15750,6.5747877705733995
15751,3.5016837814096125
15752,6.091871030303789
15753,7.887282771050582
15754,5.27385725175265
15755,4.609880781201481
15756,3.24767749165577
15757,4.216569498697643
15758,4.69420654493636
15759,8.295682177908356
15760,3.9930703383406363
15761,6.99432632791105
15762,3.4056977732653557
15763,2.8670331361153742
15764,3.6887052810721377
15765,4.638909801692344
15766,5.171485306179712
15767,3.726461657796981
15768,9.217114139924423
15769,4.571185105719072
15770,5.233758730788143
15771,4.9921171796230706
15772,5.221202946071022
15773,8.315312852620622
15774,3.4685766446212942
15775,3.9815871827043767
15776,7.833413102234532
15777,5.977933986018041
15778,6.735675138698763
15779,3.2072835263104205
15780,6.570094194117241
15781,8.723692139429954
15782,3.8294712937720052
15783,7.169854122667493
15784,4.177862302680389
15785,8.538497949134507
15786,4.708725298595006
15787,5.78444822644592
15788,7.074866972277468
15789,8.127109804921536
15790,3.799738692494015
15791,5.188783773207925
15792,4.279932228199184
15793,6.522309933371417
15794,6.570730750394278
15795,5.995190120265697
15796,5.465099086595357
15797,9.754011781764369
15798,7.016911745259412
15799,6.002896447957744
15800,6.960675606465591
15801,5.032906554181707
15802,6.941674641573035
15803,2.8557550509784284
15804,7.515751216660933
15805,3.468297388099992
15806,5.07152052695329
15807,7.728020295527371
15808,5.913338599772104
15809,8.67904113207793
15810,1.663365829771519
15811,2.659921865974031
15812,6.074867899815845
15813,7.687357703446568
15814,4.785671622151572
15815,4.72862135597646
15816,5.014566542995164
15817,6.608807468210777
15818,5.692056514138178
15819,5.28455354475497
15820,9.00140143616417
15821,5.529171629864938
15822,5.8202459089483884
15823,4.897724699197493
15824,6.705997276381023
15825,7.734412264673342
15826,5.80037324399295
15827,5.342511013960528
15828,5.492570707373056
15829,7.169911353869463
15830,5.866827247056366
15831,8.77646997886124
15832,3.3779856224698235
15833,5.700302707072575
15834,8.071810536927718
15835,6.54919018094281
15836,6.8478276407910545
15837,5.349479333555438
15838,4.268737789466267
15839,6.964444881909177
15840,7.014319759736018
15841,4.3006704873287624
15842,5.6667407430211645
15843,3.854004162946897
15844,6.185090579951902
15845,6.605134201878263
15846,1.449339620943872
15847,1.5142031673472145
15848,2.3168595969649295
15849,7.705420091068737
15850,9.531568574190976
15851,4.6141263319189605
15852,6.728761276513691
15853,6.52273016904651
15854,6.468368228443877
15855,6.4886797803739515
15856,7.677515390330276
15857,8.381194645087113
15858,8.842497479317654
15859,3.2936669199506565
15860,4.614602401377505
15861,6.28103179007627
15862,8.36234685467342
15863,8.596484549644087
15864,8.713090624094288
15865,7.496415860922126
15866,7.913170594005091
15867,7.171192871935257
15868,5.631551231891132
15869,4.507723023956438
15870,3.981463670965619
15871,8.422313805911111
15872,4.927333381437377
15873,4.545390797855677
15874,1.2820352308680953
15875,7.393130762471087
15876,9.600645372950938
15877,3.214864835549527
15878,6.553740709075262
15879,6.504095843761709
15880,7.117777376682998
15881,6.533747664743067
15882,7.005834693909486
15883,7.7405403307360015
15884,7.217214111072064
15885,5.539335279366722
15886,5.996171438372676
15887,9.430036966244149
15888,5.191386216553609
15889,3.4209845519230897
15890,5.613882306621285
15891,5.552163693608756
15892,7.586271854312402
15893,5.845351592070836
15894,3.783720358267565
15895,9.383496624934137
15896,4.640204536456121
15897,3.359475182138131
15898,5.614559385364812
15899,8.549105095833253
15900,2.9295007660720893
15901,7.277135500658902
15902,6.290280616168275
15903,7.207415780687371
15904,4.821620505235722
15905,5.102662918857364
15906,9.169115264641729
15907,7.651656280491907
15908,6.057471639757482
15909,9.139655548854321
15910,4.506090434322461
15911,7.435376356239664
15912,5.55651898439806
15913,3.025017285726977
15914,5.06191291278652
15915,5.4263786623896175
15916,8.097008190144049
15917,7.571327723973335
15918,6.77833421110058
15919,7.4936829951372586
15920,5.990364282335889
15921,6.38592755809362
15922,6.561037607255594
15923,3.561876771021539
15924,2.7723643512709093
15925,7.214700094431082
15926,4.876298790884949
15927,7.861925581298702
15928,3.4470933761257743
15929,3.484232769753984
15930,6.679149078728152
15931,8.34352518400208
15932,3.6584638014007074
15933,6.970508303900871
15934,5.271834890691807
15935,5.608049972231937
15936,5.102377108429697
15937,6.10718271987818
15938,5.186658733515306
15939,8.743278259983706
15940,6.2477829595576635
15941,7.312112887379788
15942,5.192207925822025
15943,4.361298116610964
15944,3.2002352620937837
15945,8.684751188143236
15946,3.5600600413687156
15947,4.779911241208733
15948,7.352236218232618
15949,5.831317370269685
15950,6.836693146323473
15951,6.1053857053198755
15952,3.961249296421575
15953,8.823458074476951
15954,7.557296735972834
15955,2.04893976861601
15956,4.261726000506259
15957,7.726307926828948
15958,4.230686792130355
15959,2.5915333604954633
15960,7.982488223151692
15961,6.579764712140035
15962,6.033665547166433
15963,5.508068673099225
15964,6.230775591652226
15965,3.5393722073982024
15966,2.2320423844631576
15967,3.1633071348128943
15968,6.365957277442231
15969,3.950686304435851
15970,8.393467857460065
15971,5.060576675996618
15972,8.822245014686127
15973,4.454760511375903
15974,9.258320806238444
15975,4.44881309611094
15976,3.348442556092394
15977,8.282790569318774
15978,4.853431680204256
15979,4.7966507701892
15980,6.395701156417687
15981,0.7419032585393838
15982,6.314442625316442
15983,4.027092526066949
15984,8.665024084593384
15985,5.629761445935904
15986,7.007475229298384
15987,4.8183096007389326
15988,8.375700798412065
15989,5.385180681120042
15990,3.5488932122104755
15991,8.533482185669897
15992,6.110189213533425
15993,5.161942158391955
15994,7.011921230484967
15995,3.553161339032225
15996,7.235475817248908
15997,2.8096336871483087
15998,2.8925010955387966
15999,8.386624713710493
16000,5.696104104575525
16001,6.26416993765335
16002,5.031451549645256
16003,5.593951229942621
16004,6.2172995126520085
16005,7.848831390647728
16006,5.682104063212315
16007,3.23689394917007
16008,3.6569668576625185
16009,6.314518165012356
16010,7.33740379746219
16011,4.307935006888921
16012,7.2415916563648
16013,8.821705597886265
16014,2.848630046443466
16015,8.037819782635626
16016,6.645531399820583
16017,8.086727019967444
16018,5.611371853820857
16019,5.875923931766885
16020,4.733420148593677
16021,6.103616589064953
16022,3.6160318331373476
16023,5.945206198054235
16024,1.4364527832502794
16025,6.636944105861049
16026,5.60582404951514
16027,3.2548013600045436
16028,8.45983553985065
16029,6.423942456974569
16030,8.740534053014695
16031,3.9178240486027236
16032,9.489506811242066
16033,7.7241923240725905
16034,6.868164825397315
16035,5.044238977766795
16036,7.354320676963367
16037,6.0051213761006625
16038,5.659609715296125
16039,6.473513976925444
16040,3.7345839542179844
16041,5.708510412997746
16042,1.7880446728605892
16043,5.425585224456562
16044,2.9153474758350986
16045,5.697236119346117
16046,6.887321199577579
16047,7.923420197699299
16048,6.885214313419435
16049,7.944532302639983
16050,4.132833330895462
16051,8.050196474884018
16052,5.568423882670412
16053,7.503915635432785
16054,7.790399386443325
16055,6.579507368044551
16056,9.209677827575156
16057,4.541577336692663
16058,4.607308182600998
16059,5.698370517399248
16060,2.202930806008414
16061,5.8385502444549005
16062,6.134063548071021
16063,5.273243689454906
16064,5.002787896813803
16065,7.241964688317478
16066,6.629720778850352
16067,6.456040721074742
16068,4.62744418082551
16069,8.481010506797451
16070,4.687792350323969
16071,5.3809680191337215
16072,5.651756911248971
16073,1.7700818595187875
16074,7.35529589350698
16075,5.944206385478403
16076,8.753137156457607
16077,5.210131155787256
16078,4.164836237032094
16079,8.445185213342658
16080,4.710051897528468
16081,2.824280228422544
16082,7.109626027952917
16083,5.252109394088269
16084,8.040981178984552
16085,5.556509826285474
16086,6.5639484533780275
16087,7.556596407435356
16088,6.855067834741488
16089,6.98756152532739
16090,7.857190706485671
16091,6.1382247672851316
16092,6.0769519231050015
16093,1.9741066418268955
16094,3.553854366409693
16095,6.596813135176825
16096,5.850244988834108
16097,7.4997813276508785
16098,7.5347443319863885
16099,6.090055533741197
16100,7.287541201970506
16101,4.658700744046832
16102,6.292030038204402
16103,3.457456411307268
16104,4.984721336852367
16105,6.71538230349018
16106,4.655925829933443
16107,5.676993127152135
16108,5.183667386652354
16109,6.380197084235022
16110,6.088391720307344
16111,4.640430899474769
16112,3.449344011251392
16113,5.663325920633842
16114,3.7367300807165726
16115,9.72655365319956
16116,5.05478754546466
16117,7.614731051283643
16118,5.37222718539851
16119,4.680687270077959
16120,5.2196723728208525
16121,3.600198325767821
16122,8.6128640273229
16123,7.046883264714106
16124,6.373584702605092
16125,5.389509870329851
16126,4.541928687157131
16127,5.615413073546455
16128,7.694910573685144
16129,6.588146753980324
16130,6.443840155394622
16131,4.433181790581726
16132,6.20586193707184
16133,5.510820010381236
16134,6.749188229139788
16135,7.879974777889692
16136,9.430164442787055
16137,7.271432966503966
16138,4.3274803160980255
16139,5.163009931618017
16140,3.024617803336811
16141,7.674959749134672
16142,7.101333458159058
16143,7.599589867394376
16144,5.634789583131315
16145,5.618065021844836
16146,8.110559053608364
16147,5.693778558649164
16148,3.8563172513799917
16149,6.498913707706491
16150,6.471531503490468
16151,5.23355683604294
16152,3.091831209324495
16153,5.203662491772308
16154,6.838047572288546
16155,3.6865479689628824
16156,4.49014278323705
16157,6.412293046901006
16158,4.635951858079981
16159,9.403253072979972
16160,8.680548686101657
16161,3.19989713463597
16162,7.0602280159752375
16163,4.558681747893841
16164,7.8117391671638625
16165,2.2108335134216417
16166,7.501240336673229
16167,8.053409939804002
16168,6.3005585359853935
16169,5.854312494763396
16170,5.242300270754313
16171,7.507157703267051
16172,8.786118482855453
16173,2.846769120022906
16174,8.769175621308543
16175,4.714392209933127
16176,8.072558629427029
16177,4.083365500468783
16178,7.855798339303639
16179,6.10021425768976
16180,6.8358051050257815
16181,4.993705870944314
16182,2.001450485406534
16183,8.556196759136025
16184,6.021258903456326
16185,2.8546684575665173
16186,4.065348178188668
16187,7.149566291368349
16188,4.115925179286407
16189,5.228874124333943
16190,3.893568024316144
16191,4.53428378366117
16192,8.896612479548923
16193,5.62886575212884
16194,6.652287708323546
16195,9.252334694269457
16196,4.316961252847971
16197,4.325730784843023
16198,7.3967029795225585
16199,2.730198569566362
16200,7.548389472293379
16201,6.633879440019743
16202,8.842500366936775
16203,7.536491436561398
16204,7.879657204171271
16205,5.174743967897953
16206,9.341235482066494
16207,4.158134625469536
16208,7.050800585729956
16209,3.4794119122417024
16210,6.256593287656722
16211,5.457238436000717
16212,4.215097278496718
16213,4.454769944244231
16214,6.6433023007296725
16215,6.7123020051697795
16216,8.156581882789222
16217,2.4747456938584547
16218,5.49861376316108
16219,5.78417595680955
16220,7.0487657759102165
16221,7.689948205225081
16222,4.15224466564201
16223,8.728174459949589
16224,5.225058534318042
16225,8.939777520842958
16226,6.522311671969593
16227,3.8102043291575676
16228,8.469902933632877
16229,7.7587995654856226
16230,5.615037290041322
16231,6.146142003866599
16232,5.026991470388202
16233,5.681212680417618
16234,5.497081063230789
16235,2.7689929790016756
16236,6.500906657670795
16237,7.703956337224892
16238,2.2603267553709823
16239,6.746572934955692
16240,8.43606727280988
16241,9.279924389938566
16242,4.7858579421293275
16243,7.5573756544471555
16244,5.207104780899784
16245,8.02086466510841
16246,5.906181457664125
16247,3.6926723394511543
16248,8.202185293858566
16249,7.816238535472481
16250,7.683043152364407
16251,6.40306847302266
16252,6.095708000881526
16253,7.0778458960907855
16254,3.380660514744828
16255,9.561262835836548
16256,4.969623803470894
16257,4.8918607116556885
16258,2.282911572387679
16259,4.920212489873103
16260,5.764314748769182
16261,4.624457182973865
16262,6.269191261620216
16263,6.025170494657063
16264,5.214509373207316
16265,7.290734906519907
16266,4.17888582433683
16267,6.868345602816399
16268,6.478575807869574
16269,6.644720270818382
16270,9.139282585492506
16271,4.174994797133292
16272,6.796970613086989
16273,5.541766392331554
16274,2.1791473716248846
16275,6.223190033269966
16276,7.522006914689031
16277,8.955389147684116
16278,5.597318230678293
16279,7.358514060343557
16280,7.875656474748087
16281,8.589173063514416
16282,2.3708125800544737
16283,8.168994457756634
16284,6.499118602713693
16285,6.429898821668911
16286,6.774371038614259
16287,4.986776112459203
16288,4.768407164831971
16289,2.9572349079936706
16290,6.3080664219511755
16291,3.131408442991498
16292,6.620041678458254
16293,7.504270847104673
16294,7.509241062881295
16295,6.886963727100706
16296,3.8212524802356413
16297,4.61542817245616
16298,4.856863609618324
16299,4.388240957573562
16300,5.805365441369273
16301,5.138066922212577
16302,5.862595240020583
16303,6.842112791998668
16304,5.742042143499505
16305,5.517232826894343
16306,9.267289837427942
16307,4.307507068596253
16308,6.568554674729924
16309,5.8396361072982765
16310,5.331656173570874
16311,4.609411915253512
16312,7.428329997278559
16313,4.833219454135222
16314,2.9883958242492534
16315,1.0660140495823751
16316,6.254623288809741
16317,4.944182434351494
16318,7.441955825331398
16319,9.447764878608213
16320,7.649831737544635
16321,6.148364249293358
16322,0.7431626407380056
16323,7.86176130025741
16324,9.328640109958322
16325,7.212024532003834
16326,6.777517872588117
16327,8.383392690759926
16328,4.537292663570803
16329,7.787620051565569
16330,5.947983362575227
16331,5.348895737725559
16332,7.8543900377775095
16333,8.271553041626483
16334,6.1270360239959
16335,3.3827801371653026
16336,3.040866013325098
16337,4.501275899838051
16338,6.942959259053171
16339,8.290583074551192
16340,4.041081750066751
16341,6.655851017377492
16342,7.7215338296647
16343,7.935131340073017
16344,7.001048813464946
16345,7.3659426100733665
16346,4.433404675979345
16347,6.732858610046341
16348,6.139535226486323
16349,4.2390258311390685
16350,7.608972788528278
16351,5.258322484381883
16352,5.19874961795678
16353,3.573907382246295
16354,0.5754593192893965
16355,6.625439218358835
16356,6.475016273179908
16357,8.489477829142366
16358,7.609198789397749
16359,5.316720090014783
16360,3.881237427019797
16361,4.973383399861806
16362,7.042781457486991
16363,4.966633921247821
16364,8.337309495782797
16365,6.915010888873154
16366,4.68016379390316
16367,4.631667344551349
16368,4.026433270650981
16369,6.622042986925601
16370,7.580779498660824
16371,6.838228841358067
16372,2.212299735838827
16373,7.298289214779086
16374,6.0951234675008035
16375,2.0332432945376833
16376,4.407839344868231
16377,4.883121730039527
16378,4.560829897939474
16379,7.610128652288671
16380,4.581405319839066
16381,6.422731638084862
16382,4.551705582663779
16383,2.3316292388443625
16384,5.886957150290479
16385,8.175641109566826
16386,3.266279536895067
16387,8.209238324739122
16388,4.881968046115777
16389,1.8193803474227601
16390,6.323211238112003
16391,5.271566609656405
16392,8.386005645390044
16393,2.810559283239476
16394,4.244245725251496
16395,4.647309443792651
16396,6.724816212590724
16397,6.624994709942644
16398,7.013875892578572
16399,7.7272416725292405
16400,8.089444984879897
16401,8.300936177708957
16402,8.947614199359823
16403,5.392257428804415
16404,8.17223965879488
16405,4.168868833093823
16406,5.655995319391458
16407,2.8347569199475466
16408,0.961095519174316
16409,3.7078197856818624
16410,3.732031868449165
16411,2.7219242355345084
16412,6.079733770771817
16413,8.985530005606098
16414,4.397031759139992
16415,4.38013023008384
16416,4.569533648903511
16417,7.301777645090695
16418,6.640082898386557
16419,8.291251839512135
16420,6.613326036495449
16421,7.60163065809573
16422,2.0396276584483353
16423,3.3599988826515346
16424,7.336902038580914
16425,6.663943330928712
16426,5.923241020308259
16427,7.316859984087765
16428,5.371032822873793
16429,6.779982085377079
16430,6.7667170230814575
16431,4.790722365950155
16432,8.285765838489741
16433,4.469889242840255
16434,6.680914717941747
16435,5.302140448644439
16436,6.778969861147328
16437,9.36895506470448
16438,7.624767397440308
16439,5.468850015433349
16440,7.190956491960921
16441,6.084173354414086
16442,7.621391617505761
16443,2.2137927660126646
16444,7.831341153108564
16445,3.47344915208725
16446,2.643925564274962
16447,6.291631802932663
16448,6.204752333056518
16449,7.893681613274622
16450,8.19827227975902
16451,4.6937586778555875
16452,8.562356455370072
16453,8.989474384258576
16454,5.024135936288492
16455,5.0968670196959405
16456,2.351652924032982
16457,9.991059162801822
16458,2.064803149741448
16459,7.5556352572213985
16460,1.7992347833810332
16461,3.034847259404281
16462,2.584706741964302
16463,5.789312782108473
16464,8.780130342228444
16465,3.7947766449130853
16466,8.404476269682007
16467,2.540312988444682
16468,6.81181332673877
16469,7.5715480707109615
16470,7.004886410186718
16471,4.382605723574918
16472,3.3286349207066963
16473,4.817458943558454
16474,7.236144213695558
16475,3.759937174687325
16476,4.5729428100087395
16477,5.750939811658107
16478,4.739518616114596
16479,5.4987717786136585
16480,3.061918041810207
16481,2.705373701076451
16482,5.074224254159042
16483,3.090250957221438
16484,5.85679608998546
16485,7.023827501537272
16486,7.89900789346628
16487,6.338401766168241
16488,3.0984064252674366
16489,7.797143924217027
16490,5.12678224395305
16491,7.667194065412579
16492,9.162195644049145
16493,4.322592485687931
16494,7.494968365482222
16495,4.255416449707106
16496,6.998834163563079
16497,8.502552609491747
16498,3.996131661839785
16499,8.521278467784247
16500,9.657355886307343
16501,5.8666186196343695
16502,8.794136854080879
16503,9.037272656482141
16504,7.471214723930098
16505,2.8983477687916466
16506,6.027457041368477
16507,5.506324418508778
16508,7.7376441790338735
16509,9.14722581970542
16510,9.486717457760012
16511,5.529005464214293
16512,5.060166831155672
16513,9.066054785934075
16514,6.652363222972667
16515,5.668342691124794
16516,8.153476291385918
16517,9.28276768351012
16518,5.404533872378875
16519,4.204527890367649
16520,5.9308061876730624
16521,7.459019749131578
16522,5.01611019561056
16523,3.094603830257627
16524,4.982692652657992
16525,7.6307461569390345
16526,6.485083310738647
16527,3.8816617159300275
16528,9.066713073883593
16529,5.153189211634235
16530,5.007638617546965
16531,8.537013190194969
16532,5.318570491569589
16533,4.372733928595046
16534,6.676218162734336
16535,4.465293497525956
16536,5.933977505815018
16537,7.84272467032153
16538,6.804773815666498
16539,9.005670577112987
16540,5.801595033226459
16541,4.424284700520063
16542,3.682106094074059
16543,8.928564373668307
16544,5.5192369039345035
16545,4.142968862159824
16546,6.74473372749749
16547,6.825363155029283
16548,6.048722177923302
16549,6.265016350277746
16550,6.224777070207577
16551,4.049308839870889
16552,5.861175491144549
16553,3.8530097042035787
16554,7.132613692609537
16555,7.469018676378164
16556,5.358843325881691
16557,4.684707295936251
16558,8.501269317535659
16559,6.717570625370628
16560,9.008756084645725
16561,3.5359068218517336
16562,9.088403253003033
16563,7.443675246692686
16564,1.725191794199239
16565,6.402039805480166
16566,5.207711290302667
16567,7.857803420354014
16568,4.3894941378344186
16569,8.088512069511728
16570,3.6341841232909236
16571,6.3192973377003
16572,7.39555937591841
16573,7.289633449731322
16574,9.13410014866795
16575,4.165240991025544
16576,8.42425434302787
16577,7.329786809993397
16578,7.748036251949445
16579,7.663578681581271
16580,5.657694756701988
16581,7.213134535437059
16582,7.523686948281279
16583,5.7800024384585775
16584,7.320201698420281
16585,2.6729419435814847
16586,6.986857150946577
16587,6.6880087959273755
16588,4.938777106959241
16589,8.318359582738829
16590,7.876806506461734
16591,7.820570241281445
16592,8.212643673417787
16593,8.415212725130477
16594,6.896006551135812
16595,6.782719376397216
16596,7.4174447928465925
16597,4.664103253407035
16598,3.480907218089714
16599,4.050997764355511
16600,6.382556561402263
16601,8.021834824081854
16602,6.079712245141851
16603,1.691786302541817
16604,6.509041298830454
16605,2.133240634578243
16606,6.012537973646594
16607,4.950726724214286
16608,4.926079307916746
16609,5.427892102703117
16610,9.406404926938784
16611,6.166822888048106
16612,5.128730602570974
16613,5.310556896335253
16614,3.609450524531928
16615,7.6967680708880515
16616,6.402810774008472
16617,9.026581739822442
16618,6.624537484305511
16619,5.347732368585549
16620,3.9365521921814612
16621,6.846401565440498
16622,6.7806300193562095
16623,2.650632361555064
16624,5.260394653009319
16625,7.402449489076042
16626,4.6645507536158375
16627,4.177649621027566
16628,8.943239147812054
16629,6.6809221765960265
16630,5.910735210427518
16631,5.14054477980621
16632,4.176246200236399
16633,8.149633394242588
16634,8.305224330381732
16635,6.3028937448237174
16636,5.8496284284628075
16637,5.825331126761945
16638,3.972614420873015
16639,5.672367394597638
16640,8.186898398004663
16641,5.296612361157194
16642,6.50802654164937
16643,6.102670103981698
16644,5.3887300111800105
16645,7.48768670092203
16646,8.009951745785212
16647,7.627098428110225
16648,8.480375864342463
16649,7.828390765546923
16650,8.76991567401308
16651,8.373645209628751
16652,2.162395462415343
16653,6.667035204180562
16654,7.478015739788983
16655,5.081877568403832
16656,6.358792056264446
16657,4.5950685121130626
16658,6.771746939152557
16659,3.9541398886107224
16660,6.8452488907125195
16661,9.834112299029126
16662,7.930197750360773
16663,7.102553913547394
16664,5.972743234876726
16665,2.217702176372871
16666,6.189398683801202
16667,5.952757533603403
16668,6.488235555082192
16669,7.036225026730598
16670,7.949835641685246
16671,8.390045028334468
16672,3.0237859611987177
16673,6.303144151673175
16674,6.681210438075409
16675,7.605922759958263
16676,9.674495241506914
16677,9.26153647561907
16678,4.848783074566272
16679,5.742204985653752
16680,9.221570767577902
16681,3.629313499058254
16682,6.843578208931854
16683,6.4986973443239275
16684,5.724726304707686
16685,8.379779764734378
16686,6.8266258321555995
16687,6.114449676089097
16688,4.787023341411236
16689,5.7954441196585
16690,6.517887267609368
16691,6.563178871368553
16692,6.400901044948078
16693,5.257025512022035
16694,7.003767942888833
16695,7.3086680614402475
16696,5.696265087935604
16697,2.886877210906653
16698,5.248383763196469
16699,6.756811242130279
16700,4.865207054716389
16701,3.5889694948410207
16702,6.8470141692384985
16703,6.9904844916371465
16704,6.0787814529481174
16705,7.278348977648132
16706,6.887838010890139
16707,6.282296853553664
16708,7.4242679008426276
16709,2.8800137750486026
16710,5.598049796655547
16711,6.720103032304034
16712,6.4911209104566545
16713,8.694480596517629
16714,7.452332637160193
16715,5.095192513781081
16716,7.354680019835765
16717,7.497476592319001
16718,6.302159471143465
16719,8.691419036074722
16720,4.5847318060082
16721,1.9054529916053298
16722,8.000384155112867
16723,2.997589109008
16724,4.70604042950551
16725,4.479699759117035
16726,4.48300041700937
16727,8.124267019130075
16728,2.0289986085719036
16729,5.915725244182529
16730,4.888342478399451
16731,7.534645716045112
16732,8.411910175242737
16733,5.957291748631791
16734,5.055126157863443
16735,2.1437787105973514
16736,7.673350969770022
16737,3.8215216519603374
16738,5.466834191600745
16739,8.038441790422613
16740,7.931512492246159
16741,8.345120667992008
16742,7.6385445104289085
16743,4.193629051813043
16744,6.678060350495375
16745,7.979222303213664
16746,8.692717410972794
16747,4.198524910273936
16748,6.27668149059884
16749,6.838419970560942
16750,6.1129069580805275
16751,6.557654822431342
16752,5.758136529951434
16753,7.271971950655657
16754,7.297748497859022
16755,7.327561512820244
16756,7.062712989437122
16757,5.965132514432045
16758,5.490173601874374
16759,6.5621438469869355
16760,3.291584362747006
16761,6.576517373407304
16762,4.900603538288434
16763,4.377954631873286
16764,1.8796320401814715
16765,6.266980272013592
16766,3.7883722131356947
16767,9.451427926322374
16768,4.585919142086853
16769,7.435784788125511
16770,2.9733329689680663
16771,8.477164581908612
16772,4.254306526347897
16773,3.311891272883368
16774,2.848806149772617
16775,5.662375984613319
16776,6.984547052496642
16777,3.478002920814777
16778,7.235312787653496
16779,6.2959716582982415
16780,5.992934472775961
16781,4.051699345702044
16782,8.30512648542095
16783,5.216464517375537
16784,7.7082494681188285
16785,6.672826266329889
16786,7.700009805554052
16787,4.888049735237872
16788,5.455961725351615
16789,8.771273763980979
16790,8.51024171720374
16791,7.792880642912747
16792,8.760203652507862
16793,5.882938668319123
16794,3.1450931426141553
16795,4.169094289902667
16796,2.541494839355389
16797,6.381222831970449
16798,5.121801226757656
16799,8.419980309158598
16800,8.573440028933621
16801,3.2381109036902878
16802,6.11166169043077
16803,1.6258374089513572
16804,7.145828069166501
16805,7.386319451180112
16806,7.174114285296875
16807,7.486139651771221
16808,3.25552595613383
16809,5.644494937754034
16810,5.8416186677242115
16811,7.275029315355536
16812,5.798361114319375
16813,8.294918085587648
16814,7.1372126428231715
16815,8.257536727861657
16816,8.481329537401242
16817,4.516762779709013
16818,4.0067218710499555
16819,5.576223263680487
16820,4.877554222609372
16821,4.889988369658291
16822,5.435956575188233
16823,5.870894026418679
16824,6.241674620657441
16825,7.451133308732635
16826,4.453326398758001
16827,6.674639815374879
16828,5.793963184872601
16829,2.5249144835255377
16830,3.769751034767612
16831,6.26521824749375
16832,7.096872425603401
16833,6.682875400816173
16834,3.1761123567961453
16835,8.178443362761083
16836,5.84313939903662
16837,4.935982025240028
16838,3.0592820672216416
16839,8.734038889015334
16840,5.426232718180432
16841,2.289330343332523
16842,5.813784135509974
16843,4.6750934418651005
16844,7.264761357693288
16845,4.796975771760386
16846,8.005253747481257
16847,7.251140738308813
16848,6.197028626423932
16849,8.506759029943463
16850,6.103015207810481
16851,4.2230210628400595
16852,5.375762577246967
16853,3.7827318159320895
16854,9.372959377176002
16855,7.0145001877617865
16856,8.13553719143422
16857,10.004368500344441
16858,4.86226911057128
16859,7.024271738905885
16860,9.43961702958979
16861,8.933174147031798
16862,5.216279653628855
16863,4.727615733002729
16864,6.225971770423742
16865,9.61841114947114
16866,2.636019751021406
16867,8.428434825425686
16868,6.069505941555952
16869,7.104060416456845
16870,6.627025289698449
16871,6.4192902563368675
16872,5.294444315903627
16873,8.047080249962212
16874,4.731702500258864
16875,5.276781248687209
16876,1.4083540236371672
16877,4.354083163257697
16878,5.7764885193506545
16879,4.9943256053676555
16880,6.552065665843585
16881,7.810610994852064
16882,9.057973054009167
16883,9.25352341719093
16884,6.402175579994319
16885,7.584781036239944
16886,2.070924756057808
16887,5.461553554274811
16888,1.81174788799632
16889,5.947057673699017
16890,7.1188643512329035
16891,3.7165448770942877
16892,7.220246684153327
16893,8.673477454329362
16894,4.251521422600449
16895,4.263950468093954
16896,6.867416217586058
16897,6.7322048712534155
16898,4.767440874553753
16899,9.455525384605794
16900,6.8238833962216425
16901,6.380949389659627
16902,5.343297516181413
16903,8.541962209826107
16904,8.24732716378831
16905,7.6120053739005025
16906,3.3389410969012903
16907,9.220060838091193
16908,7.097886705817997
16909,3.4394124417249943
16910,5.885835884940908
16911,6.543540739200159
16912,2.971949848445175
16913,2.410625167976859
16914,8.733200025168877
16915,8.076796868985179
16916,4.239480489963229
16917,7.209347941536655
16918,6.576441032789318
16919,3.9479764473657775
16920,7.338190588786389
16921,3.249390516219618
16922,7.739602476346844
16923,6.882759804468388
16924,7.505481410211153
16925,9.236509879620579
16926,4.053698304439028
16927,1.931237049286809
16928,3.8235992662420624
16929,5.525991859349388
16930,6.294387104837511
16931,2.8007574662447707
16932,4.055605209342935
16933,4.496203464245685
16934,9.474798351631115
16935,3.100416535664528
16936,6.558272719813012
16937,6.460786647107522
16938,8.130051752276582
16939,3.600559073182696
16940,3.9167250676797836
16941,7.242500283748194
16942,4.969884799215013
16943,5.190631125609606
16944,6.691559608221674
16945,6.810472818254455
16946,5.426343519886047
16947,3.9184114453063845
16948,5.559195281923009
16949,3.5873807499900834
16950,7.569779181059274
16951,6.973927128058722
16952,7.861160683077203
16953,5.512140837736829
16954,7.5864331631611055
16955,4.682968478738888
16956,6.769432464276426
16957,4.71243870910037
16958,0.7690199075717183
16959,3.2853386611656745
16960,4.260488381769532
16961,8.013735793226452
16962,4.242594248656918
16963,5.923690254761439
16964,8.18241407861994
16965,2.8446821400379125
16966,3.0213832855979703
16967,5.823650930713094
16968,6.775266394297976
16969,9.867357135474421
16970,3.530438978591961
16971,7.469723405683327
16972,2.521268818585845
16973,1.2446175447049814
16974,4.2355652650663265
16975,9.378330687246578
16976,8.462103490657508
16977,8.647650623735517
16978,6.945948214048837
16979,4.95428266880279
16980,7.1494432958539385
16981,3.442621189164023
16982,5.62226863906182
16983,6.848584351707301
16984,7.20744987265326
16985,5.110406667911363
16986,7.3199623561476725
16987,3.6694885627501486
16988,6.474955341869
16989,3.9917011143486794
16990,5.5728753756919405
16991,7.447566461544903
16992,7.042052638956101
16993,4.911423790760923
16994,7.011648637602381
16995,4.932825181409128
16996,8.785831189097111
16997,3.844362645500434
16998,5.22807685578134
16999,3.474707381708574
17000,7.412062007113487
17001,4.341594252438391
17002,6.798311598060444
17003,8.387553011025124
17004,8.894018034442668
17005,8.884942204455863
17006,4.311310989156506
17007,3.7941314221073474
17008,5.367350818945166
17009,5.281057942327517
17010,4.089175062649477
17011,6.680844319057136
17012,6.174666141107808
17013,7.242056102708822
17014,5.360416669391516
17015,3.2210508106484212
17016,7.06473239207778
17017,7.085796411157905
17018,5.326588138203034
17019,7.661833103728991
17020,7.371040656049528
17021,5.197798144792173
17022,6.150077813146555
17023,6.7180459220095585
17024,3.542083702204813
17025,5.702125558249425
17026,5.365176849646091
17027,9.294324965983146
17028,1.4738233080723335
17029,4.271488062099159
17030,6.578721587559792
17031,9.170459083455436
17032,3.5563303023608364
17033,6.18384761261205
17034,3.743115862597284
17035,6.793128399865356
17036,9.00552155946541
17037,2.898949289343935
17038,3.442086271215694
17039,8.488178164462827
17040,6.5293713401492255
17041,7.121148709770021
17042,4.1314873972493285
17043,5.39600812363857
17044,5.637783432264511
17045,7.076117356582202
17046,5.554059880839905
17047,9.054390361637495
17048,4.695434855881645
17049,10.014391468359612
17050,6.919958214809563
17051,8.111544537635181
17052,6.2471753159393355
17053,6.506925688562221
17054,3.8040495286774276
17055,7.780042592216247
17056,3.810476258859548
17057,5.436584788257288
17058,6.726579831885276
17059,7.283244544705468
17060,6.154476831147194
17061,5.730515986902968
17062,3.197805973502934
17063,7.205900547187184
17064,7.161420616560841
17065,6.910328386728837
17066,4.314110476034318
17067,4.965384534285105
17068,7.317993516808498
17069,8.402345081383176
17070,6.532816433416475
17071,6.0815799945677025
17072,5.7305825194132884
17073,6.62523049801652
17074,4.1359567424584585
17075,4.831199982974232
17076,6.205002978965885
17077,8.352040253536982
17078,5.042809912245535
17079,6.3621202693127525
17080,4.3936488615774945
17081,6.158359138936139
17082,8.127469330412225
17083,5.03069177595611
17084,7.876900865443705
17085,3.890623404734475
17086,0.950602531511313
17087,2.4036606484545047
17088,6.857095011562623
17089,7.803221557600451
17090,6.505406420244677
17091,8.171920574368784
17092,6.687814786093276
17093,8.382844168732243
17094,2.2871563146021616
17095,4.831092457979171
17096,1.828576143053589
17097,2.471501490882916
17098,6.254213378777736
17099,2.1116446675623566
17100,8.093788516434614
17101,6.242520267306478
17102,7.618903973211329
17103,4.514561292916783
17104,6.819343547913967
17105,7.262459148242285
17106,5.800013943357145
17107,1.6237339440545229
17108,4.007025332886121
17109,8.47295689299147
17110,5.635757768766234
17111,4.80282825598691
17112,4.666281319423277
17113,6.459861844275588
17114,7.117351758399118
17115,6.712536924792527
17116,5.0233524909864204
17117,4.581482373772947
17118,8.51522132668366
17119,3.4543986150370873
17120,5.606778089713884
17121,5.503293458013188
17122,8.513630532635277
17123,5.166966699570995
17124,7.669127150711687
17125,5.497391793042654
17126,5.084589379033094
17127,5.718794591400879
17128,7.893145199697488
17129,1.7047009729211633
17130,9.682906682175116
17131,8.727168181039627
17132,5.6959872523285835
17133,5.9262158618296334
17134,5.257568532058258
17135,6.372463439157212
17136,3.845129367258182
17137,7.86933605678529
17138,6.526958287793322
17139,9.72210659456131
17140,5.002464966890174
17141,5.980613131789946
17142,4.17755124195088
17143,4.3894184758502774
17144,5.054261754066403
17145,2.5268371590945615
17146,2.6899939201998766
17147,7.596674058211078
17148,4.178841320110711
17149,6.598271819811323
17150,1.4603148406054944
17151,6.345288427753593
17152,3.093334985171829
17153,4.197816650353695
17154,3.43138764881587
17155,3.271541295506374
17156,4.4968691373645715
17157,7.390876714929258
17158,7.289565980156693
17159,8.122890940532418
17160,4.327237965860307
17161,6.638840219540816
17162,5.6976270264431275
17163,8.227419765898933
17164,8.28102762470054
17165,6.076826292482262
17166,9.01883428190384
17167,6.180867132925952
17168,6.983334892115124
17169,6.152873327836158
17170,6.813637992568949
17171,5.296153489341245
17172,7.441846336648192
17173,8.42922684711551
17174,4.781128240219334
17175,7.166218741247491
17176,6.382929712326604
17177,9.303921576175838
17178,6.846277045707856
17179,5.529021274494209
17180,7.972443941040648
17181,7.222499908193405
17182,4.004028964044555
17183,6.687773975541216
17184,2.9779064954049193
17185,8.204611839116696
17186,5.029644625185938
17187,3.4926758642682634
17188,6.434575271537218
17189,3.0773883890290903
17190,4.556194768836122
17191,6.202128863531382
17192,4.144992123335423
17193,8.008457867062246
17194,2.9198207043527855
17195,4.097650667204581
17196,8.675002408477877
17197,7.701121015325382
17198,7.628470977038678
17199,6.987900164415427
17200,4.86702828136424
17201,6.363273637507639
17202,6.797974918525439
17203,4.673629315293814
17204,7.11701084258536
17205,5.822426230854299
17206,3.5991229821757553
17207,4.060315469241402
17208,7.955850098465468
17209,8.6184280933069
17210,7.260057271548
17211,7.980266988671584
17212,3.1124472520971196
17213,6.965213230736229
17214,9.16949704030803
17215,5.9116271589111795
17216,9.723131303602333
17217,5.20166511405609
17218,7.152815678279235
17219,8.371511821472259
17220,2.761733119518502
17221,6.021309662690506
17222,2.0499179847256204
17223,7.338207009292407
17224,5.6473809735351646
17225,2.3183725889591233
17226,7.240787521619709
17227,5.809023718302593
17228,8.15670776116412
17229,6.024811487566537
17230,5.19563516106934
17231,4.12757818804892
17232,4.606154029991927
17233,4.74646878759441
17234,8.480371798488234
17235,8.601803033127165
17236,5.454080832144478
17237,7.383153421348709
17238,3.9431743789723526
17239,4.04425932884808
17240,4.13023369006011
17241,5.296048601414078
17242,4.050869088842713
17243,1.8688234629367304
17244,7.393404672390987
17245,5.690294674418188
17246,3.6404439319245006
17247,8.865803681403532
17248,4.74351612506997
17249,5.487173330991048
17250,3.978300633271127
17251,6.259733255079068
17252,7.086614430058703
17253,8.635949066271525
17254,3.4952712873115366
17255,4.510345149296653
17256,3.5984372581698287
17257,7.598354024472291
17258,8.487281574103267
17259,6.543747977564049
17260,2.016581159950742
17261,8.413431475904423
17262,3.0648468027924163
17263,6.88004738660144
17264,4.882265825901352
17265,7.450539660063244
17266,5.390175729018446
17267,8.298622237664574
17268,3.0883250222678837
17269,4.783336972026233
17270,7.043729153811959
17271,2.1974891254296756
17272,7.119379931893758
17273,3.6763169591851703
17274,8.318630706410525
17275,6.9464050899733465
17276,3.038096274265444
17277,4.240359275693007
17278,4.362120421710762
17279,8.717901715554444
17280,6.250876689750209
17281,5.419497992728811
17282,7.28684921822496
17283,7.2047420849258295
17284,3.507183637494669
17285,6.356384458133079
17286,7.1707536338895235
17287,8.292665334703514
17288,1.4852131448239585
17289,4.611105293466085
17290,5.3063668176614485
17291,4.379744401281824
17292,8.438791131023105
17293,4.1496134376737706
17294,5.399653312730052
17295,2.933170321540891
17296,6.809783054367619
17297,4.954841058344697
17298,6.935724791917957
17299,6.550778009795738
17300,5.526263154922289
17301,4.304622464586075
17302,8.572770978146504
17303,6.220539379630658
17304,5.110774862316669
17305,5.925165917510307
17306,3.236601053532471
17307,7.67391775393652
17308,7.712333606452193
17309,2.0687158872424325
17310,5.823045965573692
17311,6.961198729783604
17312,5.6634344162358055
17313,7.971059350722722
17314,8.436508489684973
17315,7.713234843105185
17316,9.230273174562905
17317,6.82480146143858
17318,8.074501144044278
17319,3.192565515256499
17320,7.0149909070519385
17321,4.620443163749882
17322,3.814383093873632
17323,7.842175297370061
17324,4.69038734943498
17325,6.3663734520999995
17326,6.496933162391453
17327,6.026168016032461
17328,4.850501649074889
17329,6.496088157024345
17330,4.766002247907845
17331,8.203882842990062
17332,5.696078421295082
17333,8.95704561799843
17334,5.409518610357197
17335,7.391136848321363
17336,4.443802904361152
17337,3.3590698991007195
17338,9.271154539722676
17339,2.3368136010504523
17340,6.924425409413037
17341,5.465144891945654
17342,4.016590431972044
17343,5.798670592726164
17344,5.462035707494305
17345,8.585913092704317
17346,4.665919418621593
17347,6.456252879962884
17348,3.0321373119794375
17349,4.270032424153829
17350,6.656592978221958
17351,6.7791030469932725
17352,6.20820757959406
17353,5.859471754267355
17354,6.776440744755811
17355,5.84411592233101
17356,6.951554114362811
17357,4.125864992015329
17358,6.487716430207252
17359,2.5055014025115354
17360,2.300127601149219
17361,5.628983450513424
17362,8.57139801885278
17363,5.396053528971857
17364,7.638742921172652
17365,4.781710995014147
17366,6.885613743268591
17367,8.385813515397754
17368,8.360715889296827
17369,4.971798396792898
17370,5.426726822430151
17371,7.809099771977032
17372,7.058998304700677
17373,7.440214031579416
17374,4.481177012864785
17375,6.034928648804662
17376,8.131984769984392
17377,8.090191445621809
17378,7.3926584956772246
17379,5.566516354176474
17380,8.52120539890008
17381,3.9822483706991623
17382,7.11934272044396
17383,3.999504306289822
17384,8.168125935631721
17385,6.597297932204187
17386,8.516530474730342
17387,8.94741839445184
17388,7.651544049766866
17389,7.80699388472551
17390,2.910892694134322
17391,3.8901864137927484
17392,5.7321298588756076
17393,5.447928141655742
17394,7.442588412075244
17395,5.564230397339085
17396,6.9211511239397066
17397,7.616080422256507
17398,3.6238312101555383
17399,7.540671525040786
17400,6.29882066797016
17401,1.5723171586042954
17402,4.114145546774121
17403,7.36626640719088
17404,6.090051203566352
17405,4.26077811541318
17406,3.882977819723874
17407,4.25895185980978
17408,6.161215386065884
17409,5.149602894578378
17410,8.311794468234016
17411,5.547859386072828
17412,2.4435835840334774
17413,3.58590384431672
17414,5.473828583541372
17415,5.945662788190519
17416,6.787423545485416
17417,5.354178464424759
17418,4.53406552176749
17419,6.3811291241758745
17420,5.161873024215951
17421,7.508833272143237
17422,5.842600803000453
17423,6.494308200085252
17424,5.413309115696897
17425,7.21623431910072
17426,7.539197056033965
17427,4.319384382138001
17428,6.753730397565019
17429,6.2152476022964525
17430,7.7071710126115605
17431,4.042773747620689
17432,6.708140293392869
17433,7.894046203929628
17434,4.920363968165784
17435,5.32168484590987
17436,7.157988486686988
17437,5.624673005126621
17438,6.765332069303427
17439,7.37612927484525
17440,6.256394840487569
17441,3.707287486663994
17442,7.878787914613533
17443,4.854873696251992
17444,9.045646787577239
17445,5.564821165003549
17446,6.5630412393809765
17447,5.435176821708528
17448,6.008401168384543
17449,4.2334780061480695
17450,8.956500738875729
17451,7.528134831822916
17452,8.553358056057682
17453,6.199012194684781
17454,6.870315015692423
17455,3.3966692792617446
17456,1.7744991967454324
17457,8.31738414248411
17458,5.313014985218125
17459,4.443029934456941
17460,7.013038281106381
17461,3.996046569292145
17462,5.2748071918501935
17463,7.434282514751786
17464,1.3259022288919784
17465,9.417907227818297
17466,3.370594600398543
17467,5.827087777880779
17468,6.728547762312604
17469,3.796854635754983
17470,4.1927420280465375
17471,9.789056723641927
17472,8.097714792403188
17473,4.105945320142622
17474,3.947432865448405
17475,6.614285425681734
17476,7.019868561475178
17477,8.439465941497119
17478,7.358231458787873
17479,6.8549098042642225
17480,4.671058016914259
17481,4.857818191238732
17482,1.7632847169599608
17483,5.546288866233513
17484,6.044096769076728
17485,4.973567200162356
17486,5.036464355305149
17487,9.132912308855474
17488,6.590568716609464
17489,5.389270056792534
17490,3.6254359242528085
17491,6.864154956697783
17492,5.7785233912687435
17493,8.005283858865448
17494,6.114328941233861
17495,2.4496281686619517
17496,8.373781344167607
17497,2.7693900318622084
17498,6.898703727817643
17499,8.496181771183844
17500,7.662062222827172
17501,3.541563677556777
17502,5.798790984441963
17503,7.216434307761371
17504,2.8271612701281597
17505,2.307608899492709
17506,7.532282742852943
17507,6.263253657387609
17508,7.455081309860334
17509,3.7695589637939344
17510,5.69118055981505
17511,6.701566234367683
17512,3.1940695743214254
17513,4.9133699190138325
17514,1.696966698110132
17515,6.448725587203514
17516,5.481030176043804
17517,9.295996076570669
17518,2.098667759219702
17519,5.9164087080823204
17520,7.597003873006199
17521,3.91495050663514
17522,4.9394513000100755
17523,7.445447349949465
17524,8.740695221995908
17525,4.8531742267968765
17526,8.950249102553796
17527,5.216020498705144
17528,4.236935767988144
17529,4.886304453121991
17530,2.504033929337426
17531,3.692619861500453
17532,6.501502379865524
17533,7.950499698206283
17534,2.946889915425549
17535,8.493742382087076
17536,3.7621064971470846
17537,5.397471283801681
17538,6.572627344910889
17539,1.337669722416761
17540,7.351214984083256
17541,9.341447052586908
17542,4.506661067976874
17543,6.456138094968982
17544,5.141663343969311
17545,3.5371477581335085
17546,1.4722797243323322
17547,7.477687240986426
17548,5.050082347000261
17549,6.451981540590322
17550,7.846055649865108
17551,5.904472182116342
17552,8.069056665456042
17553,6.629399274723333
17554,3.757686496184876
17555,7.30038557880339
17556,4.475452695212476
17557,6.1184041885155205
17558,2.702485596321239
17559,5.800395556240913
17560,6.2841460324329335
17561,7.731682944915345
17562,8.680473138529724
17563,8.631882534480624
17564,6.000098789612783
17565,3.34047912608735
17566,6.223019264076761
17567,6.812581727232901
17568,7.352225328102526
17569,6.557012787867305
17570,7.794474917267738
17571,8.521541068352104
17572,5.313907800885495
17573,2.631190738599135
17574,5.575377183300542
17575,5.3939124545630674
17576,4.77535335180866
17577,5.9688644781035345
17578,5.382133545492255
17579,7.893988085745227
17580,8.38810684800714
17581,2.0606071281399467
17582,6.645062694620128
17583,6.622159982763538
17584,6.124035147743272
17585,9.076542818237785
17586,5.624128963627729
17587,4.008758713879994
17588,5.54013918892404
17589,5.1589268867583815
17590,4.475004188597929
17591,6.074119273379774
17592,4.586860700769801
17593,7.059836360903076
17594,7.298564558076945
17595,7.580199380237091
17596,9.810587615672723
17597,5.208226433025664
17598,6.7647519949768755
17599,3.8863245500844226
17600,9.416306297160531
17601,9.04647559986277
17602,5.040839956141314
17603,7.297896191808125
17604,3.0219990996521173
17605,3.8551539850572953
17606,8.255725554185368
17607,4.787586207389983
17608,7.277098117081973
17609,5.505602351399781
17610,3.9767770553158237
17611,2.2779702722665145
17612,7.26974828586253
17613,3.536230023384522
17614,8.649664231219717
17615,7.614145550512066
17616,7.87523978353191
17617,6.787167840041581
17618,6.746676925754919
17619,6.2967182072385235
17620,8.574273018885618
17621,6.073734781326671
17622,4.351773403024446
17623,7.918671069227653
17624,7.071916283534868
17625,4.339847938490184
17626,5.130916785443682
17627,6.713039796980017
17628,3.2236757773158002
17629,5.000075905889223
17630,7.265437725216209
17631,4.978182215537673
17632,5.938823647912528
17633,6.157340798529603
17634,3.6635589435284124
17635,6.235950122583731
17636,7.344077354806585
17637,3.379547383970897
17638,6.195919408225043
17639,6.407031267770444
17640,8.315659653964028
17641,8.08562949120618
17642,4.844062289516032
17643,6.114534808903492
17644,7.887802073844733
17645,5.011006039479685
17646,6.443101371580469
17647,6.193569792336788
17648,5.892958695667399
17649,4.1478511234984285
17650,5.751505888691368
17651,6.994224683194186
17652,6.294262840155178
17653,4.813111177368556
17654,1.5848970209003943
17655,8.123394940170876
17656,4.344817626093028
17657,6.503918902402466
17658,3.711486009435082
17659,5.521742243902408
17660,5.929355167210516
17661,3.1557144756577333
17662,2.104043622085908
17663,7.346333667806281
17664,7.038142577747098
17665,9.642801385367292
17666,4.277515138721728
17667,5.907095546575836
17668,8.546321444919553
17669,7.755915982484548
17670,2.642482376103432
17671,6.192406272144742
17672,7.133910442728513
17673,9.06070888221895
17674,2.9269761206856937
17675,3.1839013601561383
17676,2.8260576407901725
17677,7.135383153036722
17678,5.17682989513375
17679,4.586512233153942
17680,8.935853651456355
17681,4.955037918787333
17682,6.999870534814918
17683,5.20168493115198
17684,7.794791166349786
17685,3.878125408620714
17686,5.756368074188501
17687,6.646334760380192
17688,4.129174591703163
17689,5.998938175054453
17690,9.562145311163158
17691,6.4239711681013185
17692,5.841355473578677
17693,7.107447638994133
17694,5.019572955555225
17695,5.39407230326822
17696,7.67836933289896
17697,7.776633064938512
17698,8.064664727394574
17699,1.6873139963727852
17700,6.694059344796772
17701,6.595238703449494
17702,7.43207504075024
17703,8.056594552818458
17704,4.193129906012313
17705,6.872925020728796
17706,5.420541575687181
17707,4.219169085321048
17708,4.357245967207852
17709,8.863391596819948
17710,3.9280069641914754
17711,7.906023392044368
17712,7.538956283219459
17713,4.123494508556444
17714,6.63997446479214
17715,8.84593453853577
17716,5.986097670116559
17717,4.214414089718097
17718,5.784482630657887
17719,4.744998869813061
17720,6.662858869545769
17721,6.252740896691442
17722,6.237079354556258
17723,6.098522096184898
17724,9.21779623485498
17725,6.2429564169408875
17726,5.89003912398826
17727,7.898804709163262
17728,2.147168143439198
17729,3.793190813327132
17730,8.447744823275892
17731,9.777036187453938
17732,6.653687974782226
17733,7.434125681383381
17734,7.9331602120875875
17735,8.036946000172795
17736,4.472075084124548
17737,9.039512898539531
17738,5.388341636157232
17739,3.8507715767124884
17740,7.96830579790705
17741,7.249335285760898
17742,9.170758885871084
17743,6.140014957882577
17744,7.348547686998776
17745,8.446638856803164
17746,8.363648628351074
17747,4.42642308916496
17748,8.655944455485036
17749,6.234341008510134
17750,4.742098808410285
17751,4.367132702167137
17752,5.559799650633923
17753,7.071031547421311
17754,9.90224638485791
17755,5.070519859241355
17756,4.413593515469644
17757,5.960090704897914
17758,4.587624171545279
17759,-0.1359633782957778
17760,6.52669678273852
17761,6.058381444966109
17762,7.0195540440053
17763,8.991430227353291
17764,7.21477251478392
17765,3.4854264309466942
17766,7.240082605923283
17767,4.701489462836241
17768,7.156627221387629
17769,7.082957409677597
17770,7.2466482172567055
17771,2.837712749958082
17772,5.915473564476976
17773,7.9004165538444795
17774,8.075697600827011
17775,6.3041344531745285
17776,6.18849767099944
17777,4.897881900949365
17778,9.34586629318581
17779,9.085312829363184
17780,5.187728727683279
17781,4.7461250684294916
17782,4.634950990914529
17783,3.9531718254339943
17784,3.53516350149389
17785,9.483662678139241
17786,8.150661169243849
17787,6.242027753191612
17788,7.67538901459616
17789,5.4143568492025675
17790,8.130410542283654
17791,5.43877160770178
17792,4.016905253579094
17793,6.319528926917334
17794,5.584679490486369
17795,4.741148832940063
17796,3.662139394516918
17797,7.289083553479744
17798,5.829385321213975
17799,6.757534620369412
17800,5.260837464706828
17801,6.26012987117781
17802,8.71094418836288
17803,5.817699696460798
17804,1.52350055850425
17805,7.180725606913196
17806,7.347380797632462
17807,7.005104188119864
17808,5.841498298801122
17809,7.4124686041084376
17810,4.905419577172362
17811,3.674836027947158
17812,5.122358617129975
17813,7.365179219940369
17814,5.272771798300863
17815,1.9199999048522705
17816,6.341071471909517
17817,5.261461302931653
17818,5.399607701214967
17819,7.140178292763947
17820,6.889186471341284
17821,3.9818317290147878
17822,7.5607414231706205
17823,8.497236202216115
17824,5.795752574813833
17825,3.376370625095773
17826,6.764445014388434
17827,4.754805297354957
17828,4.650848829314166
17829,6.043318519616191
17830,3.53157788328946
17831,4.287640234692132
17832,8.073004450562426
17833,7.6215483659635375
17834,6.1897011104996285
17835,6.193047806931439
17836,6.697281097161862
17837,7.014670481987534
17838,5.231998168684868
17839,6.455964628429996
17840,8.31420297333661
17841,4.036203669149813
17842,5.28665431979758
17843,8.123656423139238
17844,6.4073852217623415
17845,7.6482995463277295
17846,4.442228403825077
17847,5.038251844046494
17848,1.4444000884091037
17849,6.187638428222881
17850,5.454640977103797
17851,5.263842549549544
17852,5.177494740684604
17853,3.123282944796873
17854,3.9577480339683158
17855,8.912478279777234
17856,6.56193356343781
17857,8.364944017914395
17858,6.098751049170792
17859,8.38825908524537
17860,6.857492468163791
17861,4.452650374982437
17862,3.5487937982948696
17863,6.839335223186895
17864,4.977931357853549
17865,6.776873228765345
17866,6.05794291174628
17867,8.349793919631983
17868,9.023203848467103
17869,4.706412084011306
17870,7.2026417638052855
17871,7.583815769792657
17872,8.427942896408405
17873,3.9787420798824527
17874,9.389121748772101
17875,4.8522533805694765
17876,7.4524249039837045
17877,7.969637274092617
17878,6.237616474809707
17879,5.258429261291777
17880,6.43137885513487
17881,5.467772158109616
17882,7.978720150859765
17883,6.077319184934067
17884,1.516888012263325
17885,2.461814391764534
17886,6.212741832399515
17887,1.723323056842326
17888,2.3945503860852506
17889,8.09803538976846
17890,8.844297344682547
17891,7.152796566311073
17892,2.9337080550209524
17893,7.272000736022339
17894,5.16604290636871
17895,5.377051886530884
17896,4.130184958445363
17897,3.4818990663159126
17898,5.88963946412298
17899,5.214862086950556
17900,5.683576377583615
17901,5.691340028517384
17902,7.846089797023229
17903,5.818711619416242
17904,4.691356763504281
17905,6.582656660215169
17906,5.756527811506054
17907,8.69118401920117
17908,4.851411937409619
17909,7.507268002662776
17910,7.6307180612410495
17911,5.516599126816824
17912,6.9449094728256675
17913,7.855729892347686
17914,6.845093524359062
17915,5.981761185480096
17916,5.85745434973212
17917,7.592200710606818
17918,4.842195542847527
17919,3.634423062623873
17920,6.998047929524691
17921,3.9530244729647874
17922,8.97998770581007
17923,6.482641185164028
17924,2.6903813289609717
17925,4.6498607287885765
17926,4.673209719763986
17927,4.239005668152331
17928,8.770655303325492
17929,8.679933085786285
17930,5.836059838845166
17931,4.03351795994101
17932,1.5188840620359163
17933,7.166074372062396
17934,6.380318617790094
17935,6.65121477147231
17936,6.773431988347743
17937,6.444029796573963
17938,4.581415491812093
17939,9.392115061634474
17940,8.814058896495865
17941,4.638204491648974
17942,5.043077302838855
17943,7.153300873616891
17944,5.472244229285275
17945,9.109066154170893
17946,6.60374638894153
17947,9.15517776299051
17948,2.5634156758218483
17949,4.259927956764283
17950,5.413025614723422
17951,7.938268590417213
17952,7.064087879769774
17953,8.71148847977732
17954,3.95056466285381
17955,9.629391619155031
17956,9.557963576293542
17957,7.5951019311593715
17958,7.528712829020706
17959,7.127153272123385
17960,4.161554278967711
17961,5.866073781406031
17962,6.252200471082512
17963,6.31832157792007
17964,5.004580644478236
17965,7.883429294384252
17966,8.939854493202114
17967,6.341941452513533
17968,7.545083892920541
17969,5.908067501319683
17970,7.260646940291806
17971,3.9870413747730415
17972,7.562453403753513
17973,5.245593055613328
17974,7.920192804913319
17975,6.344807048218602
17976,7.717149993799283
17977,3.5558612420870497
17978,4.13883321375191
17979,5.6281725895307115
17980,6.400333032008605
17981,4.489961486821077
17982,7.197219401545659
17983,5.8152412301838465
17984,3.9965336045708293
17985,9.31046953996695
17986,8.567319302883517
17987,7.968551590587973
17988,5.712896941257036
17989,6.5023432936590435
17990,4.688054995981226
17991,5.781877954180507
17992,8.432207237138341
17993,5.4789408423360175
17994,4.159070605881443
17995,2.008753439607179
17996,6.355757833030437
17997,7.043752224239249
17998,4.830046727914118
17999,4.993185372026757
18000,3.8070799511675713
18001,4.854174543402083
18002,5.403643455956005
18003,6.984384458333741
18004,4.618356926595405
18005,3.709764883725299
18006,5.025829886047958
18007,4.08067928256264
18008,7.602023282902107
18009,1.933594268442822
18010,5.779319661355034
18011,6.972024700776318
18012,4.025348316489364
18013,9.126765735004696
18014,5.3959653721136345
18015,8.795572631115183
18016,8.872624338219108
18017,6.970520791206304
18018,7.550543329346157
18019,5.9191462353183475
18020,7.592361186067381
18021,8.283902045164034
18022,5.566132691377065
18023,2.823512397537144
18024,4.1672655537643815
18025,8.965850621440062
18026,5.500016695610357
18027,5.102298337428991
18028,5.183001182132907
18029,8.626453214099916
18030,7.627891282110097
18031,7.2567500041126
18032,7.846589639976088
18033,7.947305658437951
18034,4.696463969613549
18035,6.314766241287647
18036,4.49689495665572
18037,7.619393458759593
18038,6.807640482932029
18039,7.238300710003987
18040,7.150005001777512
18041,2.392777692025396
18042,5.912126843109561
18043,6.618278151444029
18044,4.048390139417185
18045,6.607713065002937
18046,3.6006535619971127
18047,3.341098762322831
18048,5.847021450594373
18049,7.043632334539428
18050,8.524283629897678
18051,5.896655302665337
18052,5.132625741015761
18053,8.427696602560456
18054,6.011631462691318
18055,6.223132758082677
18056,5.802814295959855
18057,7.1727490589527205
18058,6.993082079191054
18059,5.357355011284557
18060,5.449010400081925
18061,7.530459460265953
18062,7.508556447475433
18063,2.496860311941866
18064,6.3248184883597105
18065,7.507702139150997
18066,5.090867326086995
18067,8.999108751065277
18068,7.31216646761602
18069,7.347886813253902
18070,5.651508222439797
18071,7.001668740129558
18072,8.367081653938317
18073,6.574682700303705
18074,4.243174131424576
18075,5.335944196200689
18076,7.1488033780628895
18077,7.093725120839411
18078,5.805652778569212
18079,9.107163908369673
18080,2.017072807666514
18081,8.545473591558437
18082,9.080028410036734
18083,7.478338754798289
18084,7.321965840151643
18085,1.183525114436287
18086,5.678579654363322
18087,5.031257959907293
18088,5.600298358398804
18089,6.842252544202832
18090,7.080591710652611
18091,6.033817233162743
18092,3.9046209111377275
18093,8.158021003691747
18094,6.022461430641458
18095,7.780211438627267
18096,6.1700314478462275
18097,7.5152396548085685
18098,4.765840408027827
18099,5.773773362792449
18100,7.0993448791117135
18101,4.151726165444147
18102,8.993811122601056
18103,4.397443548842448
18104,2.9479656461690182
18105,6.024314809326656
18106,5.580881611034628
18107,3.873595056674598
18108,7.3452278080198035
18109,4.805577272515062
18110,6.678272722623048
18111,5.062252562280692
18112,9.10348320466214
18113,8.859973066658132
18114,6.670090016653096
18115,3.0679135884024467
18116,2.9455575496122375
18117,4.609370231980722
18118,7.472100640581813
18119,4.93178568547835
18120,3.1489569368013495
18121,4.901864665601329
18122,5.495276637410891
18123,3.6801515532364775
18124,4.788721268780823
18125,9.089463497311652
18126,2.8423729955062895
18127,4.516033174110107
18128,7.211663246588627
18129,1.9467642903522575
18130,2.3516099181659356
18131,2.8383211232008936
18132,6.625944269052376
18133,7.1627609093330875
18134,7.520221807408042
18135,6.47413442999019
18136,8.990434459204543
18137,4.50304306248024
18138,6.495435659687665
18139,6.869853143804669
18140,4.792905857101884
18141,3.445756594350528
18142,9.127266634211523
18143,5.3991339102151565
18144,5.158223817388893
18145,6.060974395458478
18146,4.9560084202348715
18147,6.790896680069776
18148,7.982804705985545
18149,8.296814679740677
18150,8.95530417971613
18151,7.583142710756956
18152,5.804156430684808
18153,4.98515150261117
18154,7.646726713040767
18155,7.267693635314257
18156,5.036761252120475
18157,9.756760783286282
18158,6.421458237522744
18159,2.6995580651911766
18160,9.05591993937062
18161,4.15279145044715
18162,5.112580932114979
18163,4.6378977838183335
18164,8.838351461842185
18165,3.240346394086702
18166,8.398108284331272
18167,3.089344788843278
18168,9.03347771464835
18169,8.183987799303697
18170,4.843221012811881
18171,6.508380404265058
18172,4.788667297836641
18173,6.047516487850375
18174,5.393050457563436
18175,7.768639669268243
18176,6.738248327516428
18177,7.692916456362439
18178,0.9789038398415753
18179,6.784392225632769
18180,5.334216816853397
18181,9.355621607846626
18182,4.138358252202443
18183,5.535940709342624
18184,6.576217789119393
18185,6.719997407743624
18186,7.110438620313696
18187,4.032736418340823
18188,7.240974166617459
18189,8.293838819312029
18190,8.55280614348176
18191,5.472889354361526
18192,5.797696166576305
18193,4.9833826055725705
18194,3.724835438166769
18195,6.544461851421444
18196,6.845731060102463
18197,8.23419430139484
18198,8.555210014811962
18199,4.472978060803217
18200,8.091629565638325
18201,5.956392125808154
18202,5.776400636122184
18203,8.956074767471819
18204,7.52318600087641
18205,7.208911437046349
18206,5.967153523758777
18207,9.45751202519502
18208,7.5629346941218305
18209,2.5724413654348077
18210,8.853201606113924
18211,8.557999095851242
18212,4.4243855560256975
18213,8.760729400366687
18214,5.66484426331961
18215,6.810104624566611
18216,4.430011583104161
18217,5.294721106641946
18218,4.221452626497049
18219,5.048689555284833
18220,7.805406485765785
18221,1.763432545080621
18222,4.30069333380383
18223,4.812386821117231
18224,4.822505666686537
18225,5.422251408294668
18226,6.758177812147073
18227,4.859420728065134
18228,4.86705923353852
18229,6.528078501978858
18230,1.2281777310130022
18231,6.105022415642345
18232,3.206684634332629
18233,7.349275036748929
18234,7.182630078071206
18235,9.67545243111589
18236,5.465337819204056
18237,8.923143048590791
18238,5.279085848254832
18239,6.3958898635522194
18240,7.97758527130639
18241,8.488203449609669
18242,6.637258744404257
18243,6.781338678985707
18244,5.834769925107436
18245,7.9243068818130435
18246,3.0949702724965205
18247,4.951626169836838
18248,4.23297909854255
18249,6.9861782625431745
18250,7.241065653548999
18251,6.108746917515632
18252,3.4055241347751415
18253,8.03681295083056
18254,0.7734793791777844
18255,7.655618093596106
18256,4.352377243265843
18257,8.16685996147983
18258,5.311978294152996
18259,6.435927439296614
18260,8.969427569833833
18261,3.3819255347919057
18262,7.46979077540923
18263,5.585297343603188
18264,7.687828518377141
18265,3.8434171694569352
18266,7.944688184365166
18267,5.6652508453506805
18268,5.769568515978856
18269,8.755932326410754
18270,6.793544034611232
18271,5.808560333347751
18272,5.6702309243532465
18273,5.653622605748505
18274,3.049611318318185
18275,2.3593618494639017
18276,4.151406852016445
18277,5.627754739328973
18278,3.621050721003389
18279,8.119625390084343
18280,6.113912562360046
18281,7.508419458944446
18282,6.1352427398359675
18283,2.8274064064128415
18284,3.618340051101273
18285,4.750482701993086
18286,4.1406368513387495
18287,6.299355252522478
18288,7.214258359324012
18289,5.144211315603174
18290,6.0758687287448065
18291,8.886971407722623
18292,4.403396918224362
18293,7.833720666072774
18294,6.554015091956479
18295,6.595881053815242
18296,8.02121330486385
18297,8.836169910295784
18298,0.6364583726461613
18299,1.8875348696413887
18300,6.303654413742878
18301,5.289716918350485
18302,6.09431896047443
18303,4.925467904442982
18304,6.720799325885293
18305,5.1499249342394915
18306,6.660532376582403
18307,4.233688776505121
18308,5.849154061994398
18309,4.548996791194692
18310,7.30685244453984
18311,4.494290176277871
18312,7.554220308340552
18313,5.247816776994448
18314,6.221835153603205
18315,4.600663280849928
18316,9.979031506135664
18317,5.6031708613860465
18318,5.636299627397737
18319,4.117285635596804
18320,4.423886128317451
18321,3.060364160745287
18322,3.527563817608349
18323,4.517910388145235
18324,4.933650102163141
18325,7.11220858469346
18326,4.246918140768455
18327,5.537546147306003
18328,4.081530074709317
18329,2.9036906025392377
18330,5.725582520572324
18331,6.8580028063713785
18332,6.112564085684358
18333,4.687348570104976
18334,6.3002668551889185
18335,6.7641348485716755
18336,4.837290302849947
18337,5.649155610284739
18338,7.569423955584135
18339,7.520827340439553
18340,3.764370222194881
18341,9.385090604725024
18342,3.4924761955293024
18343,3.763827000623902
18344,5.551428917865174
18345,5.2108712286915155
18346,3.711626312309323
18347,4.716355498013729
18348,6.844751077597132
18349,5.042266847455067
18350,5.793286190406676
18351,4.869952564277226
18352,2.1067514859131875
18353,5.788615078501492
18354,4.036906948916502
18355,3.9872374150156005
18356,4.603491372665237
18357,3.795553030042017
18358,8.445078099748542
18359,5.026750642496868
18360,8.55774974056149
18361,7.464470728475111
18362,7.991644346291498
18363,5.40263105779543
18364,8.206172477982578
18365,6.854099241560561
18366,7.316391692194784
18367,6.865574017127328
18368,8.083009974586819
18369,4.263055305704548
18370,3.0796081155670567
18371,8.306438558300789
18372,7.0454776141576305
18373,7.108346687941781
18374,5.791644154238446
18375,7.606092701810838
18376,3.9519513263937296
18377,3.2332471001592005
18378,5.802945009883937
18379,5.520166536538664
18380,5.749570751715646
18381,3.7162686038431287
18382,7.012196727774969
18383,3.817253696180646
18384,7.064000819505253
18385,6.114842947433463
18386,5.976744104839662
18387,5.842388536978801
18388,7.651486132316328
18389,3.021805405835416
18390,7.799194631184568
18391,2.7825262023490778
18392,3.935057668170504
18393,8.223626239847658
18394,8.02223494061234
18395,6.941751525836846
18396,6.575413354828476
18397,2.2561009751353622
18398,7.055820307512536
18399,7.907831739826446
18400,6.848434444684394
18401,6.9092337459285105
18402,4.370537910902703
18403,4.272949704399091
18404,3.7314345234948445
18405,6.901219802128693
18406,7.998011552863742
18407,6.174995264681653
18408,5.490435576186141
18409,4.771888944965447
18410,9.515825256888398
18411,4.334434589270995
18412,5.032180016741872
18413,5.922165142286378
18414,3.362142694142683
18415,5.189721304933048
18416,6.8458720331109015
18417,6.186836413701528
18418,6.552312491438972
18419,6.215507807249158
18420,4.799963704012621
18421,7.916401794725936
18422,5.1251666646917355
18423,5.346955373522375
18424,8.067644019192908
18425,3.912527742146398
18426,6.513296691495367
18427,7.731948050768698
18428,5.3519958157295004
18429,7.775537255897593
18430,7.487169018342741
18431,2.147005063249142
18432,5.075286520770375
18433,6.73833595762782
18434,6.394139925973763
18435,4.885112880235147
18436,4.09032226020818
18437,4.981104630115621
18438,4.476675769519265
18439,8.97400388599755
18440,7.0732733321790455
18441,7.312521860011678
18442,0.7162311167641158
18443,4.931588907169736
18444,4.732464904621933
18445,5.126820981341797
18446,8.088070856729269
18447,5.417030082516568
18448,5.806684342609974
18449,1.7142938610694496
18450,4.143501937532172
18451,4.8390888126354294
18452,6.971771645700988
18453,2.5754068502721825
18454,7.892131498253944
18455,8.10045093353473
18456,4.875596800486933
18457,5.904254055980971
18458,6.937047336562688
18459,3.2258422541837706
18460,5.134195967576508
18461,4.104141467432792
18462,7.39149679941818
18463,4.509422588487324
18464,6.183151896110367
18465,7.4932373414021365
18466,6.314948546018634
18467,4.0139042544850785
18468,7.730815874475327
18469,5.3206858863695725
18470,6.435821438786885
18471,7.639929131431259
18472,8.044580903446752
18473,4.373056801888616
18474,2.1131276706839675
18475,4.692506589866852
18476,6.386428573472757
18477,7.1165231900380395
18478,7.8448647145488675
18479,5.659818609865587
18480,7.043397269117029
18481,2.332345157263826
18482,5.064911196936741
18483,6.344169702792425
18484,9.195877019335585
18485,4.315157607750638
18486,5.379625845921137
18487,5.485475381609486
18488,5.70314608524954
18489,2.2050248518402373
18490,5.389379685621664
18491,4.976803096626367
18492,4.165824877320092
18493,3.6415983593054113
18494,3.6191594164465655
18495,5.439305950456799
18496,7.402433362884827
18497,6.36803743905716
18498,7.585246393423413
18499,5.345281845467381
18500,4.123867059815618
18501,2.290008476745067
18502,4.536823357927424
18503,8.34134835735201
18504,2.6523396145671168
18505,5.496838236202395
18506,3.15379029513423
18507,5.048265833653246
18508,2.0278290252585354
18509,5.1178836348277414
18510,6.548072411009353
18511,5.225821788666847
18512,6.655582459337458
18513,5.759165867756712
18514,3.772891662649137
18515,4.736002228479548
18516,7.781673159600458
18517,6.081438865438227
18518,5.080432808157917
18519,6.683970555294745
18520,7.229126272711035
18521,8.460739715613407
18522,6.479029828115932
18523,6.867857192830304
18524,-0.04208232227218653
18525,5.4409837046905665
18526,5.469194323079647
18527,5.011459919743265
18528,8.62041178429215
18529,8.559589199569492
18530,4.698715424188169
18531,2.7823775720249007
18532,5.788577140893973
18533,4.94439272835445
18534,7.9636914928375795
18535,8.116809355048154
18536,8.132339355927689
18537,3.5165061825599944
18538,6.1460427438590175
18539,4.598013728696803
18540,8.504157215737223
18541,3.9047252965079933
18542,5.458925943655997
18543,9.25034385521931
18544,5.96182737368378
18545,3.65142394530315
18546,5.006798050522422
18547,7.865688062080254
18548,3.556214537290658
18549,5.656974775133311
18550,1.2397423491590995
18551,8.070117197898231
18552,3.4905152322395483
18553,6.219334008478059
18554,4.2098121963057
18555,8.3753220532113
18556,4.857955293124487
18557,7.351480699529413
18558,5.268483402443407
18559,1.9972222196858733
18560,4.960115911207682
18561,5.001613783107203
18562,6.8778020948780165
18563,7.256701335440992
18564,6.936402247719609
18565,4.033512137389264
18566,9.287371317492003
18567,6.709248010080427
18568,2.2059845189210656
18569,9.587600227466464
18570,3.1011457716968
18571,7.671431437228734
18572,5.915001108355339
18573,5.411055843861531
18574,8.409339929328317
18575,5.808284472479825
18576,7.2637881235618025
18577,6.3643692004926375
18578,6.590148801705752
18579,7.8805630940911495
18580,4.410049674424312
18581,6.385093163716681
18582,6.093844564785029
18583,6.449560160695042
18584,5.876389842450954
18585,8.125550767076248
18586,7.980123571285215
18587,4.273627864626579
18588,7.93847220554092
18589,7.377945379137162
18590,7.70405432246914
18591,3.396155033208478
18592,7.379759891564867
18593,8.033682977271269
18594,7.72345231179992
18595,3.5869294812719446
18596,5.475143399286691
18597,3.654546989922953
18598,4.7545873840276185
18599,4.103178401528011
18600,7.263507078402685
18601,8.434498856072649
18602,4.7742786460004965
18603,4.774701720172048
18604,4.936269397174145
18605,5.9931704291092665
18606,2.456984699201609
18607,5.343315110466516
18608,8.825215440890252
18609,4.706655645826414
18610,8.135092266647375
18611,6.648748016787181
18612,4.85691597183075
18613,7.307758450149009
18614,4.302632065467511
18615,6.458499688332665
18616,2.423265367805431
18617,3.453077638029967
18618,7.500037311971576
18619,7.145190446649448
18620,5.777513242961819
18621,4.111996637917602
18622,6.397070854275427
18623,4.494825062250264
18624,6.925429220072973
18625,7.527128977960372
18626,3.7336024149114353
18627,8.332032657703856
18628,7.854048328335362
18629,6.639420416828058
18630,5.283981179408267
18631,6.953313421984793
18632,2.890306635802708
18633,9.35173836433904
18634,2.503656284346239
18635,5.387600067262291
18636,6.82497868767922
18637,5.624995353449044
18638,8.844256818701
18639,5.963866935588717
18640,7.70168736187064
18641,0.8992577462621782
18642,3.436533313876074
18643,5.0267426182852954
18644,6.8071124592971755
18645,7.520106628883669
18646,3.314031915149351
18647,4.117378462745957
18648,6.217563062797838
18649,3.6036250317082166
18650,5.735594366437606
18651,6.262829722990617
18652,4.609283362910242
18653,3.688250594890895
18654,5.220310856376997
18655,3.1493261523325797
18656,9.71322341403109
18657,4.66727396705174
18658,5.32488766863524
18659,5.26398863978331
18660,8.0260098259496
18661,7.263551363615076
18662,4.946668623480343
18663,8.061085726591593
18664,4.444352940529562
18665,8.974854512429555
18666,5.370492251369399
18667,8.82873056085747
18668,6.373245157573415
18669,6.983277461594919
18670,6.856594915418745
18671,6.788822142291636
18672,5.615212492500033
18673,7.433679243503055
18674,4.818281774965491
18675,5.109477321480582
18676,6.46503730463942
18677,4.8835767627443225
18678,7.860443225964399
18679,6.572070909274391
18680,5.136257534645663
18681,6.518459252780926
18682,7.2170059930426484
18683,6.784688004610081
18684,3.219391827592497
18685,4.410499836011107
18686,4.623548861932211
18687,6.2233260759096405
18688,9.108216024269339
18689,7.373956294081348
18690,2.734430331442121
18691,6.316865533531168
18692,8.838769083988606
18693,7.997979981471208
18694,7.1854752008816085
18695,3.487717171282876
18696,8.853041541379717
18697,3.0826462321114176
18698,3.698868581171304
18699,4.3937444036412705
18700,7.567357843981551
18701,7.276817100703826
18702,7.791823635037989
18703,6.739508270756187
18704,3.9895188341814016
18705,3.916993814238944
18706,4.838671626926942
18707,8.401501444521752
18708,8.98567017700185
18709,5.701062389995633
18710,5.326206242527783
18711,7.596928113394282
18712,7.408966447683025
18713,5.383919121136651
18714,7.62477177821113
18715,4.779285393889197
18716,6.882397526523405
18717,5.136245770725555
18718,4.276135500696901
18719,5.401774929730327
18720,4.133489012793722
18721,4.817777695184738
18722,6.236505456060784
18723,9.215861407678885
18724,7.400967035077445
18725,5.637540181809966
18726,9.18225024705318
18727,6.69362749743316
18728,5.875961670887799
18729,8.412814462181238
18730,3.624682947055055
18731,6.798763872858957
18732,8.075305362012779
18733,4.414411344894858
18734,7.2689888586594975
18735,6.0904851934065025
18736,6.1971551056494665
18737,7.744357622984444
18738,2.7081625886297407
18739,4.043807616333849
18740,6.3094661142399
18741,6.160450870766013
18742,7.178520104327452
18743,5.262739471001025
18744,4.281468975745583
18745,7.701946900828389
18746,3.939359950141811
18747,7.705470467405318
18748,8.503220293334312
18749,2.606621475472179
18750,5.20945848122328
18751,8.378090687299327
18752,5.82307360149892
18753,8.226588412490896
18754,4.456123167406517
18755,5.074542702587367
18756,4.62138076159829
18757,7.340105088099434
18758,5.2570985134667705
18759,4.004112594863439
18760,6.692940850677384
18761,6.650367404533567
18762,7.6235374788227155
18763,5.273675565261828
18764,5.424462733857652
18765,8.178285245688743
18766,7.303043397848949
18767,4.572296328230559
18768,6.262934046821899
18769,1.0310838947537961
18770,5.117794560594904
18771,2.1679897210934165
18772,4.349832277394401
18773,8.392641068770624
18774,7.601074933443483
18775,7.312055508615045
18776,7.5443561272486
18777,1.9977619711981225
18778,5.616648919506407
18779,8.378783510931516
18780,5.708561381026146
18781,8.875209525349803
18782,2.266018480358656
18783,8.127388620743837
18784,6.9664437358520575
18785,5.786568664395466
18786,8.541708025184901
18787,7.091626928756261
18788,7.551967607546821
18789,6.195480552662826
18790,10.454625179734967
18791,5.711472977992171
18792,8.869758813578954
18793,7.107611378955354
18794,3.94552616873341
18795,8.521823916493705
18796,6.6396419545318555
18797,6.175752531120361
18798,5.598650969216659
18799,5.7821683733627225
18800,6.072910583420164
18801,5.6464050804452155
18802,7.063382444459636
18803,6.466985196255859
18804,6.887126247400598
18805,8.680222251419245
18806,5.390230412213629
18807,4.681389037131295
18808,5.2806716733220895
18809,7.055462571030018
18810,5.571186809265811
18811,5.459269459440844
18812,7.269241819072249
18813,8.16562774120401
18814,5.616801936922987
18815,5.802039809983487
18816,3.9273437212629894
18817,6.255404057168813
18818,4.896178459303185
18819,5.3294357060699005
18820,7.195927898672139
18821,5.151330415074693
18822,1.4737523179554337
18823,5.454687562088186
18824,4.518483796827354
18825,2.6809085664680214
18826,5.685497112992369
18827,3.5827043190394603
18828,3.509913663941312
18829,7.659644298538618
18830,4.389971824106842
18831,9.311000549951972
18832,5.6947745843188935
18833,8.274712660397183
18834,8.07549651540777
18835,7.135240693320485
18836,8.026974422999027
18837,5.014903926524428
18838,5.034290468047647
18839,8.099515299964015
18840,6.640902170755699
18841,6.384206239006766
18842,8.447190678982116
18843,8.697279170656019
18844,6.521484110192736
18845,6.676954033536998
18846,5.934907072079176
18847,7.80538475128247
18848,4.778546563710317
18849,2.73199848083213
18850,8.68066939287732
18851,5.722085807697033
18852,6.6155479980369005
18853,4.915856372800232
18854,4.8230791808782
18855,8.947917383621801
18856,5.458611685793303
18857,5.924112008919915
18858,8.581029504301336
18859,5.186212151333891
18860,5.578695920519232
18861,2.823828919104167
18862,7.037017087191229
18863,6.64133370066034
18864,8.095506797010252
18865,8.978280010563477
18866,8.077435959881822
18867,6.881276625349319
18868,9.134745152291838
18869,8.496315804419064
18870,4.662081151860924
18871,8.114444447696961
18872,6.088813132914377
18873,3.970080138249367
18874,5.735114110085854
18875,4.384570649848452
18876,1.7782883572254402
18877,5.803153153967617
18878,4.475533873116969
18879,7.08203589763297
18880,3.296298804816266
18881,7.373066678906672
18882,7.9774520690776605
18883,9.209870262865067
18884,4.534463016812122
18885,6.469905409007972
18886,7.81646664905965
18887,5.710227410659952
18888,4.411584423802238
18889,5.229121697453747
18890,3.5640462141291045
18891,8.957923552895682
18892,4.454687916086703
18893,9.588954260180651
18894,6.342302433108907
18895,7.888609259110538
18896,8.353489605189344
18897,5.923554611439149
18898,7.529562183956513
18899,5.017261807046058
18900,9.355602497667622
18901,4.395022019998072
18902,6.561196187022089
18903,6.251838709553876
18904,3.1462913682652323
18905,4.205347969325619
18906,6.483656682517267
18907,4.882674802816809
18908,7.214840341701798
18909,4.6348061114050845
18910,5.223275248429941
18911,6.026672381459152
18912,6.047084504140483
18913,6.862713746596507
18914,3.6990046908854564
18915,4.201182383242317
18916,8.510804344949559
18917,5.554078366003449
18918,7.001706162252859
18919,5.9501025633997955
18920,6.718870718800213
18921,6.3717407316768355
18922,7.332698941134582
18923,6.205050251338462
18924,3.9714033712259664
18925,3.8769421047389367
18926,4.679956548105833
18927,6.345682680939147
18928,6.5866101262682655
18929,6.437082869355482
18930,2.4120786958912452
18931,7.132515973669314
18932,7.24505647816137
18933,3.1055664125207
18934,7.650083431997603
18935,1.5997448488230308
18936,8.182114275960808
18937,7.741301134351794
18938,6.975014193021915
18939,9.959176512951315
18940,4.064199834409583
18941,8.15819839869641
18942,8.484973009498173
18943,8.39516409186597
18944,3.2617557343327714
18945,6.0167568071648905
18946,7.410596460863734
18947,2.015523326864352
18948,6.703931332183129
18949,6.272844167340453
18950,5.445228879180506
18951,8.026020633290642
18952,8.584966450082973
18953,7.5591023511109565
18954,6.4976075075727575
18955,4.938946494387059
18956,6.267959286403017
18957,5.170541855589839
18958,7.352309379824037
18959,4.01080722105414
18960,8.311686535629613
18961,9.24006713222591
18962,6.915410270843157
18963,7.30110248201718
18964,4.594781597793244
18965,8.370457308883442
18966,5.041070096897048
18967,8.932029327073705
18968,6.151972132591049
18969,3.2342027602398478
18970,3.9143686629577368
18971,6.147947645540223
18972,6.536882338680927
18973,4.793897535515349
18974,5.689239480749139
18975,4.721320743307012
18976,9.706650460096725
18977,7.049091442616241
18978,6.336651205248829
18979,4.857796651384105
18980,6.27442596670848
18981,2.382928942218555
18982,5.37611085005236
18983,6.602720880759512
18984,2.747982376560974
18985,6.0404350799404165
18986,2.4317291369576983
18987,4.058099170100842
18988,5.48327760165505
18989,6.94180436009332
18990,5.732721141590461
18991,6.454864239211361
18992,6.523344818074337
18993,8.991679601260763
18994,6.791824078381489
18995,3.820636836320924
18996,7.838511054888858
18997,3.1241547986627554
18998,6.181888980268808
18999,3.73864616182835
19000,6.534756241856844
19001,3.1570433648938527
19002,4.918491439191504
19003,3.912904195964352
19004,2.882850408415067
19005,5.491761701908578
19006,2.4378699977299654
19007,3.775131460013383
19008,3.183546753701105
19009,4.3698914669387765
19010,7.332657471238885
19011,5.5301876952928835
19012,9.63256650149792
19013,6.509619905729055
19014,8.36472541765223
19015,2.6191479674326668
19016,2.1125735950145703
19017,3.9696773759398996
19018,7.590785322004859
19019,7.564564840423618
19020,6.544220705955219
19021,5.997684011012696
19022,5.679677052733954
19023,3.4269646838666055
19024,7.961504179851324
19025,6.9715829810064625
19026,6.427099587884856
19027,5.529195623357761
19028,8.667368363925174
19029,2.1697222283109587
19030,6.054036258463939
19031,5.24775173027951
19032,3.89007102089382
19033,6.217682193039168
19034,6.52215546353602
19035,6.855385548579413
19036,7.3776176327156
19037,3.638268548560229
19038,6.967227751931272
19039,6.462904499880169
19040,4.727119526442333
19041,4.396073401893343
19042,6.983733795797463
19043,5.802847656591326
19044,4.868232383546788
19045,4.798707690812934
19046,5.557916596410692
19047,6.302487966511962
19048,7.387003328627044
19049,6.906449453634548
19050,4.495846160470217
19051,4.858100366343235
19052,5.655517576492983
19053,5.605436704723731
19054,6.778938412442147
19055,7.172169796814397
19056,8.277319987402109
19057,5.11813862253291
19058,5.895126099943195
19059,7.608451203984613
19060,2.688809305079141
19061,7.142527729510741
19062,6.659369189444941
19063,7.078633574211941
19064,9.951927033009708
19065,1.0968694840184277
19066,3.817543764229902
19067,8.128860816936953
19068,7.8250632720315165
19069,6.698864100900015
19070,5.87406438660528
19071,5.554581756952649
19072,9.55710734687829
19073,7.046086382171479
19074,7.5109971677524925
19075,4.979723494652274
19076,5.716947534003139
19077,5.441940222486321
19078,5.775341549424238
19079,6.536632092293174
19080,6.098201264231982
19081,4.2023601825196915
19082,4.506950622064375
19083,7.202292965398477
19084,5.814062410517601
19085,3.6497720208398614
19086,8.515340948045658
19087,6.298846310325714
19088,2.4346401124256225
19089,1.966658984740251
19090,7.460705363862164
19091,8.308681795720455
19092,7.402127712770712
19093,2.2101674419572928
19094,2.0319799290239446
19095,7.301716601207367
19096,3.724420587494354
19097,5.381906212357371
19098,7.516777226543613
19099,2.909973701181723
19100,3.2195290735388293
19101,6.812474962798893
19102,5.495200975175854
19103,5.864948740943121
19104,9.010167437590853
19105,5.881666633595126
19106,3.9594145811323482
19107,7.078117482556106
19108,6.69121450180775
19109,5.573876766358495
19110,1.7148391354493724
19111,7.4504615564607315
19112,5.1254180110692324
19113,2.8334376593051083
19114,6.878711709169416
19115,7.297981385923088
19116,7.244660816004866
19117,8.32474963244934
19118,4.679968852703369
19119,9.10643411936902
19120,7.835570658616192
19121,9.02769765742352
19122,6.669813624070374
19123,5.22358216717635
19124,8.68627806740967
19125,5.077323712887724
19126,5.310309971223486
19127,6.828985145065754
19128,3.3087692057032974
19129,5.381256167200877
19130,7.326629120355593
19131,6.9183227490991905
19132,6.0460350427302885
19133,7.8005456306649235
19134,3.8007314045023217
19135,9.246803101691425
19136,3.756148030826216
19137,7.6694291254955615
19138,8.113105562270137
19139,6.3003313900058115
19140,5.723099657672054
19141,9.488362953704234
19142,5.036993996281396
19143,8.844274245260051
19144,2.826448536859237
19145,4.826924066664892
19146,2.779751503208317
19147,7.09017577570855
19148,8.190882642316103
19149,4.661448336097773
19150,6.821982688757275
19151,8.733073065385083
19152,6.688456654499947
19153,4.630337146061449
19154,7.622200046167309
19155,3.7228178863318453
19156,5.2907014223389135
19157,8.06953345381528
19158,6.881066078772543
19159,3.3183621184006387
19160,8.734216590783477
19161,3.928802104685429
19162,9.381228270846348
19163,4.97766129059937
19164,5.207762504947076
19165,6.795094842823369
19166,3.78707266106645
19167,6.349878777769028
19168,8.405502478356773
19169,8.084196943944294
19170,6.402528639353315
19171,6.707489131774718
19172,8.420716081692547
19173,3.865627865578244
19174,7.826570307826498
19175,9.199555676256942
19176,6.441432967448574
19177,5.48369071128286
19178,4.8425880075896846
19179,6.2417772666019955
19180,7.01054959612342
19181,4.908476646302081
19182,8.942374875648728
19183,8.761853661551001
19184,4.816926044440249
19185,2.028914185375555
19186,7.9465729854638045
19187,7.716912070574521
19188,3.7990262940256447
19189,3.1376316417170687
19190,7.871470181134671
19191,5.9731675899689
19192,7.134571026552664
19193,7.887118342960915
19194,1.872747603042792
19195,3.7584627794728167
19196,5.239641494053599
19197,6.460886423265349
19198,8.982799668387115
19199,4.830043080251279
19200,4.252657847997165
19201,6.5846183461629195
19202,3.1764483619182813
19203,5.080090300868324
19204,8.741460402824169
19205,6.933670420941447
19206,6.270843804488115
19207,6.88522756288482
19208,3.640643734249903
19209,6.333028721031942
19210,6.726044300840844
19211,6.0047416743214095
19212,4.723742989414243
19213,7.820480797296334
19214,6.4015719231332975
19215,3.794747833502481
19216,6.320416312298423
19217,8.04960501598879
19218,4.4222601194676905
19219,9.486919991051284
19220,6.766667834374102
19221,2.5455898070765453
19222,8.126307314628253
19223,5.134578308670001
19224,5.040480973593086
19225,6.9189252313262894
19226,2.7815906889246245
19227,5.575441476129449
19228,2.900790295186291
19229,3.9102891658668186
19230,4.109375627979002
19231,7.2748009647037835
19232,6.956818968182018
19233,7.046445796685738
19234,9.101716791062383
19235,7.204450404666073
19236,4.691766310283372
19237,3.174072106287756
19238,4.915393941222607
19239,3.8164802465607113
19240,6.403447568336238
19241,5.363156969151118
19242,2.694105291529727
19243,7.586595440139298
19244,8.021451584978871
19245,5.759865603290517
19246,6.3779401581325414
19247,6.5653551873304945
19248,7.148885122769321
19249,8.74967525130227
19250,5.6669242273596705
19251,6.526158915302819
19252,3.6191825782186693
19253,6.156331673979832
19254,7.0190742473570005
19255,6.191618454088454
19256,6.127346291073457
19257,7.722428446161523
19258,3.389277956116918
19259,4.778306124922022
19260,6.686904051316712
19261,2.174756784061469
19262,7.35113561290285
19263,8.393658116610483
19264,2.786043794880597
19265,1.9889229670007016
19266,7.246027048414431
19267,8.039174045632445
19268,6.122420758870881
19269,4.6059546574355075
19270,4.505020196796344
19271,2.80757314642844
19272,5.5132825676324195
19273,8.081696411819552
19274,2.531859299062362
19275,6.17248874521578
19276,6.607953563200199
19277,7.52715121744432
19278,5.557263245530489
19279,5.536967576583707
19280,4.009070981401276
19281,2.332134945574861
19282,7.371689224647023
19283,5.556437212179381
19284,2.083029879677757
19285,3.571094886734124
19286,4.041082893664044
19287,5.604877082307333
19288,6.685196077062065
19289,2.4136094155204026
19290,5.475875345718496
19291,7.055449772976104
19292,6.014617218039664
19293,5.482358462608842
19294,8.848737528751798
19295,5.1074312601549785
19296,4.960947903602005
19297,4.75947813619033
19298,6.522362211948391
19299,6.2178120436582365
19300,6.048957389000267
19301,7.147881929102726
19302,4.970267887482207
19303,7.0555798754327546
19304,3.282778833517484
19305,4.823275782218079
19306,2.235897885401606
19307,4.753475674485845
19308,7.833996098064501
19309,1.6083369231153162
19310,6.6511101113017705
19311,5.8424886235053295
19312,3.756260415734072
19313,7.213586412826223
19314,7.019071238092361
19315,3.179517730892333
19316,5.944810582593932
19317,6.265548234767126
19318,2.4969396886636055
19319,4.4171842377510915
19320,4.343840408787852
19321,7.718877642318186
19322,3.1553628286041553
19323,5.311565543906461
19324,6.5735274430580235
19325,6.53913394228241
19326,5.560825897284406
19327,8.057866660542256
19328,4.870153657873983
19329,5.30334360647973
19330,7.370815005355601
19331,4.444006129134146
19332,7.350080857310706
19333,7.811032261043347
19334,7.8417850186906515
19335,6.968601139892325
19336,7.896095658419129
19337,6.439843399114711
19338,5.118519317812135
19339,8.06400292432143
19340,6.10159289631085
19341,4.086544778283763
19342,3.7269477454908952
19343,5.9928362271662605
19344,6.319362683802423
19345,2.9852240095114624
19346,5.776132698632011
19347,4.728811406650289
19348,2.7690410774560457
19349,6.723260824050775
19350,5.464119996386875
19351,3.2336971762850273
19352,8.922709595579239
19353,2.1853060167363934
19354,6.272324808470035
19355,6.615350547640605
19356,8.007174060186086
19357,7.8752868990035205
19358,6.655191004954498
19359,6.833185345017924
19360,7.736172672957474
19361,6.749881917500916
19362,3.652714810599245
19363,6.151818766318562
19364,6.217752180511319
19365,7.28416767636936
19366,4.700803603294032
19367,7.546694909214375
19368,7.987162114745866
19369,8.757028501345586
19370,5.044972343156625
19371,6.242665370664931
19372,5.793902954762217
19373,7.0722732938309285
19374,7.7938586705936475
19375,6.313899132948721
19376,4.966161489720922
19377,4.1266407609929185
19378,6.905796427245009
19379,5.346030447570623
19380,6.4944991831567105
19381,8.56357166702428
19382,7.96089772111203
19383,7.025129286681374
19384,6.011410279973947
19385,2.590742295230596
19386,6.077566365298836
19387,9.246039804880224
19388,5.880112597044204
19389,8.601533626441201
19390,5.204071278593292
19391,6.76377798528114
19392,3.831643771082375
19393,4.206220923781
19394,7.13886409315978
19395,4.65218185976647
19396,1.0409861089174013
19397,4.0305403495268655
19398,7.8034294526428045
19399,4.471794416142609
19400,5.408692212411393
19401,5.955214134832222
19402,8.617899234595987
19403,5.153053587118038
19404,8.22359616897437
19405,4.518447980015565
19406,4.441640016791468
19407,6.614401317691382
19408,2.4311489759603044
19409,7.168545099024603
19410,5.76524800382194
19411,7.192454815594497
19412,6.416634140230582
19413,7.744704882711992
19414,3.385744888080612
19415,7.4670356247995295
19416,6.301148302108732
19417,5.343737463086493
19418,1.9601155027203814
19419,7.638431544110938
19420,6.233847717493898
19421,5.573886272480166
19422,4.727004331667495
19423,7.540983409537246
19424,8.293347330133091
19425,6.817605630008082
19426,7.06015941956691
19427,6.119136801319415
19428,6.513892809268402
19429,6.677560598714935
19430,5.649340175556352
19431,5.8635547245651845
19432,5.8950350392741555
19433,4.525893871892284
19434,8.785276055390142
19435,5.189981517556681
19436,7.968822093853667
19437,5.277535768939651
19438,2.868677170222305
19439,4.4506606123411565
19440,5.542285528980513
19441,6.344188131695825
19442,8.121262300209656
19443,5.725448339256053
19444,6.919137637272259
19445,5.64098594538732
19446,8.721853647209075
19447,8.46454106366772
19448,6.602740065114771
19449,9.247532901755005
19450,7.6971434417765074
19451,7.9454598931961105
19452,5.543901671842717
19453,6.174875861523086
19454,4.195877348496377
19455,5.307438423040841
19456,4.548727764538753
19457,3.862831953574809
19458,3.912731290010973
19459,6.0621292391693675
19460,5.878233239242487
19461,4.56881749394901
19462,5.915167213844528
19463,0.8115249754544953
19464,6.638573686222042
19465,7.218855984153371
19466,6.813652021742467
19467,3.956629117475297
19468,5.285656675705373
19469,2.3528750806213203
19470,4.825247559989429
19471,8.999663474710879
19472,3.876573478276234
19473,6.920563689321077
19474,8.65941956010176
19475,4.5548399311342065
19476,5.961301119090157
19477,8.142066060660136
19478,3.439239745694798
19479,6.670050429381066
19480,5.761171772324116
19481,5.808589878910246
19482,6.495587290216261
19483,0.26901328558675175
19484,7.490825934256005
19485,8.140303659546053
19486,6.38843952135716
19487,5.617057567225212
19488,8.072368508482295
19489,5.916285821553286
19490,2.078530354925226
19491,8.410261134192865
19492,7.750492243623239
19493,7.708560632007361
19494,6.650296153648176
19495,8.856960682033943
19496,6.968970937439234
19497,5.362627555483594
19498,7.941335071306015
19499,6.078827220345556
19500,3.7135283971192186
19501,6.25658863986234
19502,8.842730006918396
19503,7.0615705696126
19504,5.565468466145869
19505,7.197874355707538
19506,5.9568465014639935
19507,6.834433720030631
19508,6.055290137407861
19509,4.079979340759905
19510,8.545237090045939
19511,3.57488664473638
19512,7.747905267210393
19513,8.287978301960347
19514,8.647840695493361
19515,5.927710034468516
19516,3.159747319430673
19517,8.538020731513708
19518,2.5066518003948137
19519,6.915503785652
19520,6.3715850162765335
19521,3.7148836708537005
19522,7.796111712883777
19523,3.993851258992459
19524,6.37850918639607
19525,5.624892520731204
19526,7.882785189660347
19527,8.477937332457282
19528,8.486033043395118
19529,6.058753737280684
19530,3.3437808631340764
19531,5.2748330407032595
19532,6.970183567242084
19533,6.984524123838209
19534,9.034891775682093
19535,7.384788342842814
19536,5.744597679575933
19537,8.358946666821009
19538,7.955779990195225
19539,7.204632977647989
19540,4.81104415487399
19541,7.155868837557138
19542,5.0298984999828
19543,2.6107532198197587
19544,9.980372098435836
19545,8.95277015912262
19546,3.857677674829118
19547,6.838705211182949
19548,5.5217560189192225
19549,4.834495079356783
19550,8.466172449261904
19551,7.106710167032995
19552,6.25416193836436
19553,5.89264991481039
19554,6.415623243667556
19555,6.023794519558415
19556,5.312270435574524
19557,3.920889808311718
19558,4.905596616674591
19559,9.507777371974719
19560,8.410596517854573
19561,8.286208098047451
19562,8.246716891330923
19563,7.97381159270355
19564,4.055363255051942
19565,7.580843581913546
19566,8.43127583436873
19567,8.112308403320348
19568,8.094909836518596
19569,3.7391741113911667
19570,5.998360233771619
19571,6.110964114994546
19572,6.716976305358203
19573,7.10128248538797
19574,7.75839078533946
19575,4.725823022385956
19576,7.031253462329132
19577,3.715190949685147
19578,7.978751732726231
19579,7.831062146081779
19580,7.733292364690291
19581,6.467308872382548
19582,3.3349559160004643
19583,5.269014532719227
19584,3.3455046990176447
19585,8.757552989405468
19586,4.281467913186251
19587,9.49119382188903
19588,9.561969541396698
19589,1.7099816707264273
19590,1.7558657032532206
19591,6.284309792165102
19592,3.8776785484564624
19593,4.111084743679475
19594,6.263319057957086
19595,7.923291842513129
19596,5.291881193438276
19597,4.514211904413059
19598,8.484094253874469
19599,6.322012071069336
19600,4.867744812991311
19601,5.685352097728891
19602,3.689945776385044
19603,1.875165297150712
19604,7.492571185087935
19605,8.441828502068736
19606,10.24088453292995
19607,8.970729185642094
19608,7.782168860256336
19609,3.533954788403289
19610,7.295285396526882
19611,6.113134196851485
19612,6.817232843359651
19613,4.22139736541636
19614,3.6208756164939615
19615,6.213230372284537
19616,5.565503444055145
19617,4.611615006315976
19618,5.936112380845326
19619,4.186694504486997
19620,6.965913349424823
19621,6.34965885369283
19622,4.48778151542769
19623,7.98482516697297
19624,5.1947898242286845
19625,5.915043007627598
19626,4.675453187141003
19627,4.532576579503379
19628,6.739776704637762
19629,4.991834763987706
19630,6.2615035798739855
19631,6.168040507012645
19632,5.638726158486389
19633,3.573716135298158
19634,6.34578159675502
19635,4.044708402448603
19636,6.3198212894392105
19637,5.366547597503281
19638,4.933092873766784
19639,6.046896142088552
19640,9.195531637918915
19641,5.531066663222039
19642,7.013554883607908
19643,4.421870241479529
19644,1.7053334138278329
19645,5.346833674362862
19646,7.275383899915772
19647,2.883613398117994
19648,6.164029845561044
19649,5.555087138967111
19650,7.172737500884084
19651,4.244363896304143
19652,4.485335954313481
19653,5.688517748146789
19654,5.848582002767278
19655,5.082795666172899
19656,9.159216758164018
19657,8.577369732993942
19658,4.065564353909408
19659,6.93936225615786
19660,3.0173015522475803
19661,5.358145974143671
19662,6.482693327838347
19663,4.835222897664667
19664,8.047867650667607
19665,6.732776153459965
19666,7.107085026278992
19667,5.440193742261479
19668,7.744400752585302
19669,3.6206596184985536
19670,3.9114539437669507
19671,6.81702244748054
19672,6.400437355092821
19673,4.7418676878922845
19674,7.81555047727927
19675,8.922910451440973
19676,7.94645680222913
19677,9.142188856745673
19678,4.571958570323432
19679,7.015248470378628
19680,7.412758408056294
19681,9.27724092410578
19682,5.4350617445460525
19683,2.643619885098688
19684,4.367775351089626
19685,6.872988159251206
19686,5.461948778857002
19687,7.084918498649031
19688,7.173648700053121
19689,8.420777794108943
19690,2.3007706444274802
19691,5.002989898898008
19692,9.338603818508533
19693,8.48207303992678
19694,6.602680966661169
19695,1.5850252166563632
19696,6.752114656541496
19697,5.493469444790295
19698,5.537728162862134
19699,3.0657888206461035
19700,7.466777871895795
19701,8.637439671224438
19702,5.775240296357441
19703,8.628722818871182
19704,7.833762373972474
19705,6.652660200915961
19706,6.794033746723961
19707,4.566011031468224
19708,4.5320885296426585
19709,4.216225143896354
19710,9.517390753652943
19711,5.167867530519109
19712,9.043021249503187
19713,7.537884653524111
19714,4.593015424407907
19715,6.611085613628237
19716,8.184607680826543
19717,6.526174694848521
19718,4.021199928164775
19719,3.748912601615401
19720,4.7276902311658775
19721,5.368684120345555
19722,7.915664247689492
19723,7.510255927741924
19724,5.236121542248261
19725,8.169497228253068
19726,4.480785519219428
19727,4.3868601429728376
19728,0.6608368619622624
19729,5.663751207386889
19730,8.023634723270169
19731,5.373578678785408
19732,5.108136358900271
19733,4.396416310747251
19734,7.34404775116317
19735,7.914517798404237
19736,3.6262541453205186
19737,4.759321531947341
19738,3.2490747252173064
19739,5.06634574148527
19740,7.107642512864839
19741,5.769894242067598
19742,4.808700397361317
19743,5.9084232427712875
19744,5.925368343112153
19745,1.0074037832227654
19746,3.0674737612804917
19747,8.315017429374965
19748,2.06003398678372
19749,4.769974949282218
19750,1.9899046317672895
19751,8.075878191856251
19752,4.333870945299866
19753,7.474256346606994
19754,5.7100832644804145
19755,5.871973012826251
19756,7.401941622752524
19757,3.8082692877971565
19758,4.0939867826105125
19759,6.1929708392032685
19760,7.170674320321279
19761,6.38345671036049
19762,6.003404742900864
19763,5.762465804310771
19764,4.856630864224023
19765,7.047036929356766
19766,7.0098090334804395
19767,7.568679745140405
19768,6.27390065493674
19769,7.187850778955278
19770,5.819560583733151
19771,4.294318444354138
19772,3.4640113709446574
19773,5.413130964875833
19774,4.278302586531962
19775,3.137955842249244
19776,8.828279367289985
19777,4.779931740406465
19778,5.713000489213123
19779,7.507313821292804
19780,3.8307215932849004
19781,5.709377683222724
19782,7.419709481327371
19783,4.3946737288634
19784,7.842871859723063
19785,4.685072390205886
19786,5.399479745514673
19787,6.48926104014941
19788,6.684076543063444
19789,6.8427189776960855
19790,7.119261254770228
19791,7.927810789446772
19792,6.026011446611345
19793,3.7774671290086674
19794,7.4559100630016095
19795,7.25102577938633
19796,2.7043902068273655
19797,4.897454528612363
19798,7.457377463914716
19799,3.2976565736709635
19800,4.5125357494203895
19801,5.545851601313949
19802,7.892197157238787
19803,7.462519692643074
19804,5.551970478283927
19805,7.031241670303514
19806,9.363519423877312
19807,8.551750950689737
19808,7.955559361548327
19809,6.118994382876452
19810,3.925058776755156
19811,4.51461915488542
19812,5.039325661029972
19813,6.426541301103201
19814,4.074433471336449
19815,7.67829559705216
19816,3.20137055543491
19817,7.533876562636356
19818,8.518843443842046
19819,6.2566545997651595
19820,5.208656939106431
19821,5.498780698202718
19822,6.3289123594197445
19823,7.349756388528059
19824,9.126941179723122
19825,8.286575945025035
19826,8.430186094172278
19827,4.107824364084798
19828,8.395016734245809
19829,2.4867302094459154
19830,2.575848988494195
19831,5.632301210864433
19832,4.087827429549207
19833,5.648474290913157
19834,3.8959705719498863
19835,8.412977045079586
19836,6.966787987208853
19837,3.278727508533758
19838,3.960778198815642
19839,9.00689100175464
19840,6.913297386581222
19841,4.07449282820671
19842,7.788251841147207
19843,6.042084377267253
19844,5.846728151777591
19845,6.929262845741327
19846,8.199441520499366
19847,9.135151001249273
19848,7.766666761657947
19849,6.1610229976173425
19850,4.24945471936683
19851,6.1485249161462585
19852,5.11709258705068
19853,8.052477040236118
19854,5.9638841724892115
19855,8.22411503773589
19856,8.770814383101488
19857,3.1522716152974715
19858,5.347803697788629
19859,3.354103088566794
19860,7.788983589515097
19861,2.71749446566925
19862,5.76509477243429
19863,7.149854187852383
19864,6.2657338621159
19865,9.489107986193824
19866,7.794038754197182
19867,3.6295617756811183
19868,4.656487732155849
19869,6.423767512314363
19870,7.845831269066458
19871,5.748968316886225
19872,5.828958631017539
19873,4.592985959320855
19874,3.48770814445498
19875,4.87951396135912
19876,4.787023456556872
19877,8.213757598613597
19878,8.584834782702709
19879,5.16638919431384
19880,7.144317912117398
19881,7.444925202893929
19882,7.167051426523571
19883,6.260044144023854
19884,6.37969211321367
19885,5.902561240016391
19886,6.236501540028488
19887,6.007445078329098
19888,6.3343359143719855
19889,4.234793334288142
19890,5.840090162192216
19891,4.006866903483307
19892,1.9686515102538775
19893,5.503174536066501
19894,7.802849592729499
19895,7.401877247015137
19896,5.052213769324783
19897,3.6664445673834734
19898,5.116558214194835
19899,4.831506220871866
19900,6.535797528697421
19901,6.22221336455779
19902,8.062422817380927
19903,8.34916948352375
19904,4.464798140501011
19905,10.1624179334819
19906,7.376575548619536
19907,9.08521441650333
19908,5.270436499870586
19909,6.1947340366899075
19910,6.007170570407048
19911,5.805777658737929
19912,6.2272723680903646
19913,8.052629453024206
19914,4.268432856956728
19915,6.5591761189759925
19916,6.598234484637555
19917,5.634020511094827
19918,4.3516235498439215
19919,8.220060061874578
19920,7.710849621047501
19921,7.880243402957138
19922,6.961065870608105
19923,7.276288938133056
19924,7.244094249515957
19925,6.712555162143026
19926,4.187160234203997
19927,6.98933467055064
19928,7.085398617786568
19929,5.396255137774738
19930,7.929237403181078
19931,5.02367513737669
19932,6.723693704121645
19933,8.211055320649741
19934,7.715123912927542
19935,5.0571864105747455
19936,8.263523673148077
19937,8.027295305899838
19938,2.932356983670666
19939,8.25181626572527
19940,7.530284630553307
19941,8.941937104708256
19942,4.986581290612813
19943,6.97325768757915
19944,5.7530565948305386
19945,3.777441801255817
19946,4.737694122806861
19947,1.7052177693582677
19948,3.3173402703534878
19949,5.723973596604669
19950,8.53397338783293
19951,3.917970431021532
19952,4.4185352130253035
19953,5.50093259257851
19954,1.9119593620906867
19955,5.968829486240064
19956,6.737167000273571
19957,8.650815439454929
19958,8.082144810122712
19959,8.536321862935171
19960,5.998153914399
19961,4.279347800075259
19962,4.712864017002545
19963,6.346055952292851
19964,3.644309344208418
19965,5.554788027975267
19966,2.332043529455977
19967,8.670837963873558
19968,4.8845873547876915
19969,6.874115193034983
19970,7.414707956039329
19971,5.2931249857134945
19972,6.41357030165283
19973,5.413254360238813
19974,5.539360779241166
19975,2.202510952671345
19976,5.905805685224724
19977,3.029275699023715
19978,3.841088826683003
19979,7.094562109477798
19980,2.994727101647634
19981,5.616276452515186
19982,7.243726604312704
19983,6.490769460231549
19984,3.9612234708068366
19985,5.0298738774263
19986,7.633536954950323
19987,8.571469374823437
19988,4.8784514882543
19989,5.006953547192537
19990,8.564708463263871
19991,4.243252043001772
19992,6.596593390047693
19993,5.964295063799347
19994,6.026203104968332
19995,8.545725385318777
19996,6.745306294626398
19997,3.375470756836799
19998,3.8692923899252896
19999,5.330626703968113
20000,6.9717028043201985
20001,8.680183142454467
20002,6.132849266794038
20003,3.4201816835855077
20004,3.346691368537205
20005,6.079870336011005
20006,4.332789834094321
20007,5.285613321750104
20008,8.456182324301345
20009,5.609226502759902
20010,6.615757595187848
20011,5.745428978986781
20012,2.984698846147933
20013,7.0754459902382365
20014,1.7432110344408942
20015,7.7005104097283255
20016,4.2835608443498625
20017,3.830901360648643
20018,9.918209355618828
20019,3.8254318944637506
20020,5.374830523283482
20021,4.98291476688263
20022,5.735379131787681
20023,3.7318275009455664
20024,6.333186375016423
20025,3.0962547847300126
20026,4.310890532837302
20027,8.258600164462171
20028,8.365572907350483
20029,7.074446219053872
20030,2.915005293207595
20031,6.735447469430734
20032,5.313737511873902
20033,8.627870595737395
20034,8.197196261194442
20035,4.684232549355062
20036,8.02862033697186
20037,6.284910643283878
20038,6.170888150598552
20039,7.7684349601805
20040,7.255039549623233
20041,9.441568354082696
20042,8.345784015177765
20043,4.843571712856633
20044,6.97013121645489
20045,2.755665096913056
20046,6.074373908260642
20047,4.474244373745323
20048,7.763685535613074
20049,3.018163227627014
20050,3.713738059664425
20051,5.696204554782014
20052,6.491113790911994
20053,7.285582577740378
20054,5.16350535895158
20055,4.139299602696757
20056,6.6024104787087134
20057,5.480179898484089
20058,5.822809439160414
20059,6.780893977481572
20060,6.246576596466031
20061,4.824158056574338
20062,5.423976157125692
20063,6.117423080717936
20064,2.0228319814932547
20065,5.330745450920754
20066,5.028468969861988
20067,8.745287879644113
20068,5.461433676590268
20069,5.454334736522071
20070,3.608049011721684
20071,7.269591662392848
20072,6.175197984851797
20073,7.582433181817341
20074,7.8146165801437695
20075,6.748637736806949
20076,3.1676454213691256
20077,3.728519766390194
20078,9.39506035994551
20079,6.320640248451898
20080,7.44129451449023
20081,8.520405110112968
20082,6.2776527858396385
20083,4.319976725669304
20084,5.480280517144512
20085,7.397732505788367
20086,7.117312010259041
20087,6.7075113153434565
20088,6.083817686758321
20089,3.6302777766509844
20090,2.8430052724249526
20091,6.68560636250877
20092,7.950109099303528
20093,7.389629526658836
20094,9.507317838003033
20095,7.710186499162995
20096,8.199425367016541
20097,4.939311581900167
20098,7.782447480199218
20099,4.233964918372749
20100,4.9589150915930835
20101,4.70393404553294
20102,4.075532723152498
20103,4.110546887174647
20104,5.92738840043358
20105,7.761852551164688
20106,3.8041576889839224
20107,5.053096177228227
20108,5.787056881629992
20109,4.259366094322779
20110,3.474926861920933
20111,8.35404030214606
20112,3.650719898638306
20113,9.550486077488499
20114,4.345178393256951
20115,4.8939494135034085
20116,5.466677526462863
20117,5.195509962558923
20118,2.922718656084532
20119,5.324351208773884
20120,6.939782887506921
20121,6.476681752253391
20122,6.8334521331272295
20123,3.2853381093835954
20124,2.8005564029979046
20125,6.983470700205611
20126,7.345748162546736
20127,3.3918047331565733
20128,6.804207840338226
20129,7.808998937237489
20130,3.752487660263651
20131,5.923043200955406
20132,6.710017056227438
20133,6.292106790214076
20134,5.617861447774919
20135,8.907421169199212
20136,5.582774322623405
20137,5.354996637682625
20138,3.6228602371213774
20139,9.39905457887551
20140,2.083399734753721
20141,4.171425384622819
20142,5.870944405348628
20143,9.361350737008182
20144,5.575184106299419
20145,8.111072040357573
20146,8.518648565630471
20147,4.9879287776065775
20148,4.78709979561943
20149,6.10931710898475
20150,6.241860539918915
20151,1.6996145307096693
20152,6.146091392599484
20153,5.044094217954359
20154,6.567997524943224
20155,7.04335959939332
20156,3.191308521080675
20157,2.7358936762915635
20158,6.118940533639275
20159,6.2617431079074315
20160,2.4879367375011245
20161,4.5923246079273365
20162,6.893510596653167
20163,4.500193191505647
20164,8.3506978598689
20165,9.391474620087537
20166,2.0617919108212392
20167,3.573437522497784
20168,6.958721573848549
20169,7.824543262494409
20170,5.586849317213198
20171,4.656303748252089
20172,4.47486768863288
20173,4.707932151661036
20174,3.4576895107316217
20175,5.408003106701147
20176,7.832137906568965
20177,8.53077768343991
20178,1.832059671477397
20179,8.151552120512804
20180,5.996389059495616
20181,8.560316660029377
20182,5.714731109417214
20183,8.74155861297413
20184,7.052248264040706
20185,6.326478500457751
20186,6.449283232072818
20187,6.51323030559662
20188,5.786331745805601
20189,2.7897627959158102
20190,4.276515347368818
20191,5.6982738759821565
20192,8.480871194727998
20193,7.331190248168205
20194,6.4096608008907925
20195,6.953734987107157
20196,5.430901901595486
20197,6.528536023592458
20198,7.612812672445273
20199,8.991367418531006
20200,4.782270198286335
20201,8.361736649202406
20202,3.010300559588674
20203,7.1597271114481025
20204,4.622087564237874
20205,7.230570011080288
20206,5.2905342287831
20207,6.155140721416364
20208,3.4388514493411124
20209,7.057666874243633
20210,8.54550166679274
20211,5.95580525574001
20212,4.157351850520942
20213,9.030988864987496
20214,4.4617814803867235
20215,2.645811426647808
20216,7.290831875094175
20217,6.675656090411594
20218,7.131268538499638
20219,6.208830519033621
20220,4.427592832927251
20221,5.840962455031535
20222,6.90203042048318
20223,6.288791471254376
20224,5.714630775677159
20225,5.350794331521087
20226,5.153989668864197
20227,6.311078630806783
20228,7.867172750444494
20229,7.640109804771987
20230,6.029661876478292
20231,8.080266855769676
20232,7.126905590669942
20233,7.270947645094953
20234,8.801065087586036
20235,5.0311732097960356
20236,6.661398145315759
20237,3.7897686605578578
20238,6.576867301486392
20239,4.667188185588689
20240,5.212972638850458
20241,2.012220143196327
20242,7.256147997607776
20243,3.784065584594022
20244,8.18720234478803
20245,6.538927392411707
20246,6.8854510266576145
20247,6.324433839479793
20248,6.120446820294596
20249,2.487973592831209
20250,5.819348887069584
20251,5.121058617059036
20252,6.768308799078715
20253,6.804842782382706
20254,3.161984717520988
20255,2.4176336523666437
20256,5.887703229285602
20257,2.4428824723673848
20258,1.8084984437603062
20259,5.2444070980748085
20260,8.03010926746358
20261,2.964323643150781
20262,6.222158241842058
20263,6.352198227080412
20264,6.573064558194894
20265,9.129330342042815
20266,3.292644563866601
20267,7.458226052922577
20268,2.6716145419141313
20269,5.039611649125821
20270,6.055413276776644
20271,6.549876061043754
20272,5.483812187721713
20273,4.236086745760809
20274,1.4851176368724042
20275,10.115944282686165
20276,6.9295792326295125
20277,5.740639199283801
20278,4.233027660672719
20279,9.667466254424594
20280,5.3966755513101425
20281,6.963618129943173
20282,6.832001753392598
20283,7.096388901450808
20284,4.031117174123745
20285,7.6896646208541455
20286,5.85394539619776
20287,6.320976369536141
20288,3.688736318331676
20289,5.294909800396347
20290,6.262756871195111
20291,5.3678506348188115
20292,6.352828341260519
20293,7.709905897221092
20294,4.288217538099952
20295,7.098337064183966
20296,7.187701001489852
20297,2.9858608611557638
20298,6.382302321110194
20299,4.458774301393214
20300,6.111147275386839
20301,5.054685212313932
20302,6.673432232705954
20303,2.2929088630044654
20304,5.567794036644878
20305,8.659036331150176
20306,4.632314594133838
20307,8.648857479578492
20308,4.3773506261374635
20309,6.059008214199119
20310,5.949009951181232
20311,4.6428638876115595
20312,7.08950529762248
20313,8.244278058678962
20314,6.260938208964309
20315,6.749292725476675
20316,4.327942586682517
20317,7.3869708453327405
20318,4.897867904671394
20319,7.007625960326944
20320,5.817527757522864
20321,6.3005368358668985
20322,7.933642976444078
20323,7.982911933107863
20324,5.061673786683626
20325,4.876825973206987
20326,4.604896242230733
20327,7.494298692589057
20328,4.159590001401689
20329,6.740148621915856
20330,4.343506004131228
20331,5.7812733386535236
20332,7.2926432768218294
20333,9.668966938996544
20334,6.839282339535627
20335,6.337507407779761
20336,7.442159086955302
20337,3.995459537388077
20338,3.3878893381192516
20339,4.810252598519928
20340,4.844374100057927
20341,7.220219526882298
20342,5.995864269963821
20343,7.993484658092311
20344,5.943972060798967
20345,7.338327431326801
20346,7.309789946967688
20347,4.490529751039581
20348,2.147763391034895
20349,6.072465392230908
20350,7.0230979605802615
20351,6.838227608110801
20352,8.169386129910414
20353,6.5773856439256555
20354,5.552525494742719
20355,8.300826870295186
20356,6.441816212797416
20357,4.332106102884443
20358,6.610579430054882
20359,8.49389617496928
20360,6.412878183443286
20361,4.417857478751344
20362,3.5062053070363515
20363,2.613761955506178
20364,5.908088520001962
20365,7.44595227621405
20366,8.45731966354457
20367,5.8184116970065425
20368,5.324967330965528
20369,9.178888611140698
20370,4.191167974650129
20371,5.721227545409763
20372,7.296162527453653
20373,7.115596764797428
20374,1.7373368716524247
20375,5.1069442536130465
20376,3.6427909874293194
20377,4.521849879185762
20378,7.9809629702544544
20379,4.436399009484965
20380,1.539027544305526
20381,6.768967049320445
20382,7.518352191974909
20383,8.916058173059481
20384,7.77073100062866
20385,5.317686529596614
20386,3.649136762280464
20387,4.9452011566753775
20388,4.0371847381427095
20389,4.103942992628644
20390,4.817385562519185
20391,5.641376449728223
20392,6.965204654346862
20393,8.727383602700645
20394,7.935013203335197
20395,6.668175285336415
20396,8.441490406653223
20397,3.5148846740143025
20398,3.584936105392937
20399,7.719338056551534
20400,5.443353491289921
20401,7.351539389671377
20402,7.605105132715339
20403,6.266294321754436
20404,8.873590143931004
20405,3.270819219120426
20406,6.706525115543037
20407,7.095065473514465
20408,5.983295587849376
20409,6.042107795279417
20410,4.898609712871407
20411,5.4879626842347005
20412,6.750555230934953
20413,4.432803444086286
20414,5.3866455094544445
20415,6.514305471982808
20416,7.7430896780163
20417,7.174327675747304
20418,4.279383547099632
20419,6.308328889697076
20420,5.948816524470231
20421,3.7800744407602997
20422,8.306065288037324
20423,8.235038932068846
20424,7.302610099736984
20425,7.75726238946172
20426,5.29925103065173
20427,5.028133191691313
20428,8.800086809541574
20429,3.8862152006546022
20430,4.704872985218449
20431,6.100866866281934
20432,6.489718088933886
20433,7.2698625594137045
20434,4.969255399972
20435,4.955674136462445
20436,5.1483633998022915
20437,4.705208843681826
20438,8.357957697026484
20439,9.270073367336549
20440,5.119662704933479
20441,6.82183754603314
20442,3.952488575545095
20443,7.802805203440586
20444,6.279846457014843
20445,7.2420973483736315
20446,7.4623430821639225
20447,4.404304564718646
20448,3.286559017425331
20449,6.5666724840257125
20450,4.90567321647845
20451,6.482883507121094
20452,7.577114307409081
20453,3.056540079318711
20454,8.687503676052867
20455,4.506635646105494
20456,5.74279405137831
20457,3.0964477830235175
20458,9.157694213654265
20459,8.889509133582681
20460,4.67908263504743
20461,1.542210172344544
20462,7.180057260963873
20463,6.427715695933889
20464,3.0307140880473966
20465,2.6276251436787375
20466,9.301716719376214
20467,5.9916214411891495
20468,5.439537334147021
20469,6.310482156906984
20470,3.772108202170963
20471,1.0980722194492105
20472,5.448704527615613
20473,4.71643282767184
20474,6.846776759136746
20475,3.7584378546678243
20476,6.260672766026417
20477,6.144045036481611
20478,2.4386594481002244
20479,3.5261332945367014
20480,4.191209805267962
20481,9.150088473019265
20482,6.670793594676892
20483,4.914441218199309
20484,2.1214896425939638
20485,7.5403853361759605
20486,7.674867867582242
20487,4.827553298272046
20488,3.0675013669663898
20489,6.817587362729575
20490,4.299623952459925
20491,3.8915902120049544
20492,3.627836474348301
20493,9.795589036385623
20494,7.646728274005309
20495,3.016745517950255
20496,3.815027912006472
20497,7.7856537801543855
20498,2.187071954206507
20499,8.457360765660699
20500,6.178753804404195
20501,8.378076677782012
20502,3.9315430826476954
20503,5.925901274857356
20504,5.72886358636572
20505,5.731372022932699
20506,3.690715056187706
20507,7.738855384562142
20508,8.396149839234702
20509,6.323510996363536
20510,7.782568233927647
20511,7.414726071472785
20512,2.8823571684563136
20513,9.430853452201958
20514,1.5746440094879772
20515,4.36859831621365
20516,2.093224356657046
20517,4.9412826210031096
20518,3.7878327716380786
20519,5.721368225849016
20520,3.3349642101713375
20521,6.808438747200125
20522,5.783690747634307
20523,4.112775118041281
20524,7.646216868505839
20525,6.364270476667532
20526,5.0590180713189445
20527,5.060298325076987
20528,7.808524741929369
20529,5.292126130086838
20530,7.5513431134619715
20531,6.170088429163833
20532,3.3393061127639183
20533,5.923926362466856
20534,9.197607591262233
20535,7.674010643097073
20536,5.729090102522946
20537,9.129328951998694
20538,7.100167378805535
20539,5.277172565422667
20540,5.079437525408732
20541,6.1289981063718635
20542,8.051304731518188
20543,6.272157191603473
20544,7.147405357358228
20545,4.94249066202981
20546,5.609027261485181
20547,4.364093718528638
20548,6.02996340498268
20549,6.934653875574048
20550,2.618587465436989
20551,8.311654333566597
20552,8.29220467843568
20553,4.8861056755495405
20554,7.451067564328553
20555,9.33973051350701
20556,8.31977549072479
20557,7.3170047662491235
20558,8.551146095121837
20559,7.574920313424393
20560,10.021964376801115
20561,2.4810600160160607
20562,8.18500181040421
20563,8.632298736637456
20564,4.292072405283211
20565,9.000008869447441
20566,8.180390733079715
20567,5.300106705680948
20568,5.26582459338032
20569,8.886991831708993
20570,2.5585372194454585
20571,5.927431617673569
20572,7.339672179678823
20573,8.03038946637731
20574,3.996234221025815
20575,6.642965378387544
20576,8.881733149639034
20577,9.206541780917803
20578,6.059508174508149
20579,6.9377133484723865
20580,4.706117514987686
20581,6.390834932967535
20582,9.35146029422456
20583,6.820972141542541
20584,7.0854223204608795
20585,8.03777217728117
20586,3.727172760630862
20587,5.132166229323874
20588,7.392478549391938
20589,4.201994422255283
20590,4.117592303735047
20591,4.764572424747044
20592,8.68287848549318
20593,5.968978885688421
20594,6.413123115496436
20595,7.787177833656517
20596,4.976458771820673
20597,1.658306365890109
20598,5.704454738784426
20599,6.531977738856136
20600,2.0432416139623424
20601,4.1641304881001
20602,2.33620533475211
20603,5.411621920775967
20604,5.65336437898733
20605,6.764047740786562
20606,5.594578130070753
20607,4.4058596632413405
20608,4.601659794320362
20609,9.023831036407659
20610,6.546681218462045
20611,9.5214304695769
20612,5.647920222472752
20613,2.7943280131465342
20614,8.786995341065941
20615,6.470496903170456
20616,2.136415826683812
20617,5.561099522458504
20618,9.620172430172452
20619,8.76028292608548
20620,6.4687487998507205
20621,6.352470766081781
20622,3.5713084636151
20623,7.276590766031781
20624,7.40043392699994
20625,5.092833853415546
20626,7.132338321953935
20627,9.292643348667728
20628,7.348565646632827
20629,9.521245078837516
20630,8.020967797876894
20631,4.690011200213243
20632,4.3061787858698075
20633,7.1758159560687185
20634,6.6489955843090724
20635,5.8680001125372945
20636,5.684703413342914
20637,6.812946557761814
20638,5.449369671760758
20639,3.5768629547907436
20640,6.22403095674052
20641,6.679449465121319
20642,7.6801082713284865
20643,3.9637730690746387
20644,5.04138652393481
20645,4.264593612506303
20646,6.620390733758867
20647,2.5905600724563653
20648,3.785639733366346
20649,5.1967979609015
20650,6.118259821317496
20651,6.626337556530784
20652,7.656911250285885
20653,3.381641078093971
20654,2.5314928251122737
20655,5.863226463518741
20656,7.437241428820145
20657,9.375493404258375
20658,8.663550168891035
20659,3.924533706804546
20660,8.092684084015438
20661,8.170840602690042
20662,2.402440202933297
20663,8.862731289000715
20664,5.743703750760435
20665,5.826934842329331
20666,5.280879166969439
20667,3.7268109669044773
20668,6.959246991165136
20669,6.636104206930776
20670,7.997964520064839
20671,4.921222581984522
20672,6.910557053887553
20673,6.013399631218488
20674,7.950093408343008
20675,4.279335921005478
20676,7.465568293941196
20677,7.927789981663247
20678,7.515970065264363
20679,2.48539562238605
20680,8.407216402874026
20681,3.6297914362255574
20682,5.6532788352429835
20683,6.89436179966161
20684,4.376972674753696
20685,6.984142383713721
20686,7.613540352611129
20687,5.952802342350343
20688,7.463145984062372
20689,2.213831135579216
20690,7.453071187045964
20691,6.8159517071476206
20692,7.234130355743338
20693,6.727009985430065
20694,6.923209071064334
20695,6.104839279075534
20696,4.683894172982333
20697,5.363307367838143
20698,5.189584149164342
20699,9.487994488644633
20700,2.5957438054493713
20701,6.657122519979701
20702,7.90409038193307
20703,8.003076003531062
20704,7.117705441131197
20705,7.847264491593834
20706,5.952191239285763
20707,1.4492616900344686
20708,3.6869389424579877
20709,6.751631022978425
20710,8.261409858585488
20711,4.92807926440882
20712,5.466517758401045
20713,8.967950758120551
20714,8.496268980450388
20715,7.439537864795347
20716,6.029165436187726
20717,3.5654414397327137
20718,8.700209175319314
20719,5.344834717104348
20720,7.367468944290463
20721,8.910137102447743
20722,3.2098662356939824
20723,8.665401567126164
20724,5.288834229605966
20725,3.0295347869936173
20726,5.532405083748446
20727,3.1450505722416504
20728,5.847332142526586
20729,5.283674087123423
20730,5.396232134705894
20731,2.4546342944074553
20732,3.56561802460241
20733,8.255556511431863
20734,8.612033338045654
20735,5.7116142753148305
20736,4.24754155179756
20737,6.385284890024141
20738,5.116813232250617
20739,4.386988199316494
20740,4.532551017006323
20741,6.802195745155159
20742,6.306857569738243
20743,8.31957380338494
20744,5.347393025784855
20745,7.356189007454627
20746,4.008674196424488
20747,4.484481634320473
20748,7.696916520914518
20749,2.2100596015953657
20750,7.151666588338473
20751,3.893473865986924
20752,4.844503528574334
20753,8.724109579417034
20754,2.5255033704771095
20755,3.25483360912782
20756,6.600905292270927
20757,8.220101152782277
20758,6.868585462670944
20759,6.514650019427107
20760,5.872905836261471
20761,6.4013583035356705
20762,4.009064985559219
20763,6.322850574259009
20764,4.8591969423201435
20765,9.487617699416663
20766,5.32434852221541
20767,6.2341674155906315
20768,2.937510871870361
20769,8.56133806439099
20770,4.3862399524111515
20771,5.575590324699655
20772,5.11455251575052
20773,7.900963986815061
20774,7.690628876563163
20775,5.256845772237969
20776,8.812865560569108
20777,4.268981330858841
20778,9.333161469464908
20779,5.155283112159453
20780,7.334643289633235
20781,8.441877047640785
20782,6.953906450534257
20783,5.650748093740361
20784,7.523579633179269
20785,5.8102719367927795
20786,5.021875384976027
20787,2.529299843405537
20788,7.189881215943231
20789,1.6336529871559975
20790,6.055323146772648
20791,6.542967005328672
20792,7.552088686246918
20793,7.975609058451894
20794,7.587796817198929
20795,4.982921305105231
20796,7.014862939212166
20797,5.627522565674229
20798,4.253571530288474
20799,7.41828108649017
20800,5.354030838702152
20801,6.353606439557971
20802,6.2241317200001856
20803,4.191533186649437
20804,5.773170866838735
20805,5.656259956698632
20806,5.8205215640355075
20807,5.177613145145631
20808,9.29579209998316
20809,5.45175177011493
20810,6.986531685586669
20811,7.439509224189735
20812,9.026233118294876
20813,3.245447469557804
20814,8.494587195932402
20815,6.997360748719076
20816,7.178259729558819
20817,5.735233206203834
20818,7.490793371827463
20819,7.369636759795666
20820,6.599970124508148
20821,7.926405690824576
20822,5.814572392371562
20823,3.6948053070855904
20824,6.520267715317768
20825,6.8629593664897905
20826,7.923015858757147
20827,8.555584876186519
20828,4.637808785059125
20829,7.882816423145389
20830,6.59621050691773
20831,4.267980848899714
20832,3.046194375715321
20833,3.3679083918893737
20834,8.29869562022877
20835,7.3220913048529965
20836,8.344220533129889
20837,6.32666545380755
20838,4.678635904756642
20839,4.678027296867327
20840,8.634993566429682
20841,5.836050228887794
20842,8.473439009085997
20843,5.184255883594222
20844,2.5059853807002272
20845,5.658371520322566
20846,7.206009892311054
20847,6.456920027938962
20848,6.800540119532065
20849,4.994343187894406
20850,6.689363076308787
20851,5.439859914861493
20852,8.056255020146843
20853,6.080855589759735
20854,5.875039717191079
20855,1.8695858724632608
20856,5.839875362814688
20857,5.807623085626632
20858,4.909616191884723
20859,1.741349562774208
20860,3.015037567660846
20861,6.803618649465666
20862,5.94059507547777
20863,5.922027100389289
20864,4.609279747763223
20865,7.2946818752584255
20866,8.289944837764354
20867,8.290415326288112
20868,6.314206557734988
20869,7.092137181741886
20870,6.7288028149614
20871,6.251471559574247
20872,8.985882549097994
20873,7.019498654194673
20874,6.452360335086409
20875,4.390499612390522
20876,5.168210893336226
20877,8.184512038653237
20878,6.257430756137927
20879,5.870329139746362
20880,10.141564006090023
20881,6.47455772046142
20882,5.766223582985155
20883,1.722764283829634
20884,5.84939527926601
20885,4.1471273271082865
20886,6.444171308669519
20887,5.688662031392236
20888,3.858716475859117
20889,7.865035911808843
20890,4.925524381559009
20891,7.768797400143023
20892,4.641416984493951
20893,2.85764723045036
20894,8.271964736197528
20895,8.41951454927429
20896,5.75379205043084
20897,4.677180082497345
20898,5.060132817517646
20899,2.8869222048148497
20900,5.429195769660264
20901,6.615939069436726
20902,9.440622497551749
20903,8.104783000155624
20904,5.492455344599382
20905,6.263700553880181
20906,8.600877237228273
20907,2.9084162377083835
20908,9.008938145427893
20909,5.645768917688934
20910,5.512437822107698
20911,3.940405981760417
20912,6.5328716982329444
20913,2.9171173452968486
20914,5.5340272277451
20915,9.106252173721337
20916,3.1017912149657496
20917,2.535332706804444
20918,6.622376924897633
20919,3.3259292669223517
20920,6.906976469622462
20921,7.261412595595362
20922,3.2550599079899256
20923,3.951949103850283
20924,8.053779878508369
20925,5.671259818196062
20926,4.6222153723624775
20927,4.248261480362663
20928,6.064077737228903
20929,4.329490792195108
20930,7.068670711931388
20931,6.786404595333524
20932,4.856338773821544
20933,6.031578877145888
20934,3.986260118401331
20935,3.277633028565626
20936,6.83220616481755
20937,8.130123894249232
20938,9.902841712242939
20939,9.251457842419704
20940,10.125453822973778
20941,8.358785951396197
20942,5.612309641039484
20943,7.132288187669085
20944,1.6999424186044432
20945,6.708560619102281
20946,7.593929125188479
20947,4.330738584971772
20948,8.073787852881852
20949,7.0504817286516515
20950,3.1661839788453237
20951,5.297921381971875
20952,8.542988227346772
20953,8.423080058001714
20954,1.3023752574152103
20955,3.6126721788156204
20956,5.019970044411225
20957,6.259552205529497
20958,7.572916021488309
20959,5.612666853585907
20960,5.005625804857638
20961,4.181853624878544
20962,6.408389685874743
20963,7.917917509651417
20964,7.414717761031174
20965,2.6198553893815695
20966,5.179906254226271
20967,3.51706641373704
20968,2.7933650508521137
20969,5.376161539335783
20970,6.954295185234782
20971,4.1633374433388965
20972,7.384294183612729
20973,6.517150439849673
20974,7.4343628234159524
20975,7.749791199519433
20976,6.235030280182228
20977,4.1236775960133185
20978,4.686427332364885
20979,5.4267987777434445
20980,5.491987734179119
20981,5.284212211321097
20982,5.830844693809859
20983,7.863609034325524
20984,5.951829369710462
20985,6.868676526644409
20986,7.6403273717074995
20987,6.226093511012672
20988,7.173432994698021
20989,9.482926252293039
20990,8.771113985332939
20991,7.108905362366496
20992,5.101497447302718
20993,3.401646844134169
20994,4.994939292709546
20995,4.695304610699368
20996,6.919757796056533
20997,6.884424240323389
20998,7.676225058742191
20999,4.5216213877382305
21000,3.8288705143442763
21001,6.992725633474104
21002,1.9145745650765462
21003,6.979750140296094
21004,5.567085827206906
21005,8.712891590761133
21006,5.328612327884174
21007,6.480716143602886
21008,4.6456015928556855
21009,5.8621266537864365
21010,6.241736447281919
21011,7.964024998857498
21012,6.384113762931596
21013,6.567080952935736
21014,7.7956641729896266
21015,5.652128596424575
21016,6.919658934127557
21017,5.106771350511334
21018,5.698581402242246
21019,6.028889239367833
21020,5.938567982458062
21021,2.4834238640605824
21022,6.912753755125096
21023,4.613128754018948
21024,7.5831508668632495
21025,4.930159928659911
21026,4.575136961284317
21027,5.505728447061205
21028,6.35913921375464
21029,3.9206714330096517
21030,2.377545618254452
21031,3.676589377295633
21032,8.175472273311895
21033,6.464399438546055
21034,3.6127784082111103
21035,3.315762193531955
21036,7.222037623070203
21037,4.387066242498751
21038,6.071560660518801
21039,7.341567748325875
21040,8.880792232867156
21041,6.737670993213678
21042,4.783233814539706
21043,4.601914032624472
21044,6.53470955207638
21045,5.756463617164417
21046,7.798050396042393
21047,5.0759478657771755
21048,4.829165636135555
21049,3.7608317799203945
21050,6.772026464173105
21051,4.7617730317387625
21052,5.407777841658682
21053,6.859281625955666
21054,5.167102925941357
21055,8.030311259197605
21056,4.757096887588637
21057,4.503532771396404
21058,6.120810172057656
21059,5.131555645653908
21060,3.7124201628003415
21061,9.17701761371536
21062,3.3648303857941357
21063,3.0296519245389733
21064,3.2220946875744936
21065,6.230888430657416
21066,6.057200820574911
21067,8.970424702466804
21068,3.0511176840987475
21069,7.117030714582537
21070,2.3157662210684853
21071,2.3525448543204357
21072,4.158138349102525
21073,2.4459403904476638
21074,9.358789416842512
21075,6.778756948827678
21076,9.420006445544058
21077,5.904399741388301
21078,2.1695639243098612
21079,9.113864121582626
21080,2.7539668305633476
21081,5.89051552278633
21082,7.606399157451269
21083,6.428097110206858
21084,7.3253263793428145
21085,8.746086159094318
21086,8.435476734173822
21087,5.538762288907273
21088,4.725462114762602
21089,1.8894310823367413
21090,3.09806991247241
21091,5.38491334172821
21092,4.9536579438940676
21093,6.0098533121833
21094,7.754136005233362
21095,7.799784850896115
21096,4.098135242106707
21097,4.106104198800798
21098,4.793762576447267
21099,5.172771936724435
21100,5.435415599059556
21101,5.981078757483704
21102,4.96647279164165
21103,4.4639448266797785
21104,4.662066075999254
21105,2.2994507870001795
21106,4.406251606581822
21107,5.677664046340702
21108,4.6086030495702275
21109,4.556891575446324
21110,7.910453139053589
21111,5.040059703077267
21112,8.282727685829606
21113,7.146272055148778
21114,4.92266987589271
21115,5.468627772835283
21116,3.173765190821903
21117,9.153527185559621
21118,6.72223121308833
21119,6.537583448730936
21120,3.3228928007509024
21121,4.200526320278225
21122,5.749137844567688
21123,4.922508939540053
21124,7.437962904710726
21125,6.177617197164812
21126,2.824078921454216
21127,6.830309298655214
21128,8.037548926726652
21129,8.060554553589789
21130,7.809319365121492
21131,7.344088995270887
21132,6.009698419221879
21133,6.5260580638443555
21134,6.166524689606453
21135,3.347368936172332
21136,8.075479329390745
21137,7.753516009680454
21138,7.194730439435826
21139,4.635723275988559
21140,8.165925814563082
21141,6.942841728959678
21142,3.1131046972621768
21143,3.577194290583365
21144,8.544960178049767
21145,5.679433087831533
21146,7.809575780856527
21147,4.973478731800723
21148,4.916694287392131
21149,6.68929454620265
21150,6.052766107575417
21151,6.311963414637251
21152,5.696946171285296
21153,7.378551995244991
21154,8.214050529777339
21155,2.91571811966283
21156,9.030510816793807
21157,6.106818197293193
21158,8.184192877608094
21159,7.9126391023505125
21160,7.279034962217833
21161,5.805930273171403
21162,4.28400331774611
21163,4.977103615900159
21164,7.536912512026791
21165,3.265730081772976
21166,7.13681111516345
21167,7.625418717927808
21168,5.361247447735407
21169,7.125373190288683
21170,5.0917945809733975
21171,8.179450220994704
21172,3.656766695482464
21173,5.47467320794545
21174,4.956255178948798
21175,8.115401707696913
21176,5.46592542370228
21177,7.085328571532459
21178,6.102080248825097
21179,6.563702434648869
21180,6.082415916585928
21181,5.944563410467375
21182,4.860553336374725
21183,6.671995731600515
21184,4.9316729810921975
21185,5.87462250193485
21186,5.9816944475831235
21187,3.747091138756958
21188,7.965109560843995
21189,2.8499145209407413
21190,7.8645437549072135
21191,8.013301219658663
21192,5.769210370209736
21193,7.6687580916159614
21194,5.69173170510506
21195,7.2138610309019855
21196,7.250047895123193
21197,6.989302849241152
21198,8.590434941508546
21199,2.175033430097108
21200,6.116151451487383
21201,6.6696978808262655
21202,9.092447761968982
21203,7.730788611875466
21204,7.488855021000997
21205,7.395045957754556
21206,7.2483173859135
21207,9.122747763666561
21208,5.902155748770167
21209,6.979440417062321
21210,1.1819281601560845
21211,6.5914744998787524
21212,8.831368876874112
21213,4.104554025216025
21214,2.8553999553200584
21215,7.02944359538434
21216,4.41177247210082
21217,6.958767409033381
21218,5.738973043600721
21219,7.0145266572961225
21220,7.833025948272353
21221,9.123618396194297
21222,5.652320882627791
21223,5.911886529777458
21224,3.2164078713280704
21225,8.051859067526909
21226,6.9710222045530434
21227,9.034762218405307
21228,8.881951997134431
21229,6.224202651089768
21230,6.196994228258035
21231,6.263131238593475
21232,4.190234523717974
21233,6.386582571829997
21234,4.953901911946307
21235,7.982335872502612
21236,7.324340956920954
21237,3.532182329202233
21238,5.936177811504418
21239,5.9383472053978865
21240,4.96752844108439
21241,4.1058159492821
21242,9.7376178590956
21243,5.963094734148381
21244,3.1364360802925306
21245,5.992178218138002
21246,5.057095863894042
21247,5.99591217811464
21248,6.146393716983159
21249,4.31572935549519
21250,3.8559049579645306
21251,6.756920480488308
21252,5.797356394155894
21253,6.276424075817689
21254,7.7938807529752925
21255,5.708467623820924
21256,8.204004963176885
21257,6.789116593348648
21258,6.252274826004952
21259,7.8367436703306605
21260,4.696221791795911
21261,1.8884626806232814
21262,4.98053217076499
21263,7.137542807783591
21264,7.835853906080631
21265,5.389306851774027
21266,6.0562303174587875
21267,3.0532214191518934
21268,5.322161268160306
21269,8.145096654332416
21270,5.972287554236498
21271,4.056818979894805
21272,4.130414001354257
21273,7.549368975255843
21274,8.286949839391967
21275,6.160885263126191
21276,5.1663586135947135
21277,4.99657509776697
21278,1.6010873859841177
21279,8.58779138947922
21280,5.872279008174798
21281,8.072973096677506
21282,4.146222070973929
21283,8.04064783416037
21284,4.477750766336525
21285,6.126645233990933
21286,8.568459030569352
21287,3.977931937985887
21288,6.1302800280514536
21289,6.937229346484241
21290,9.216273187971957
21291,4.9089947316876765
21292,4.6340978416804
21293,4.4274155588557385
21294,7.027172950014208
21295,8.012207064755223
21296,8.001659331547343
21297,6.7779402622263225
21298,1.278281727273996
21299,5.012958904620659
21300,3.731668840541319
21301,5.116327392061806
21302,5.970760382660904
21303,6.25309918938246
21304,3.5657763798267026
21305,8.32500102256312
21306,6.222593740956517
21307,3.9783667027876204
21308,7.473708673485729
21309,6.545218367980102
21310,6.500172219653307
21311,5.720181877639047
21312,6.219503037465172
21313,7.284324512366075
21314,5.975690135409859
21315,4.624553842916047
21316,8.546261850209959
21317,3.624003150844524
21318,2.9815888184239285
21319,6.277902100986095
21320,4.034679112835011
21321,6.136557837477031
21322,4.237434928494124
21323,2.6499368510132846
21324,7.187884424987283
21325,7.699108241252559
21326,7.9852464245459975
21327,6.031982241952022
21328,8.11901956154626
21329,7.494162950104318
21330,6.493889203885888
21331,7.880766365366293
21332,4.069046579774602
21333,3.9834762018311967
21334,9.195655479841896
21335,7.80106443752178
21336,6.8565889925501455
21337,7.41889553186779
21338,4.789948235906595
21339,2.8040412610044823
21340,3.006025119937175
21341,7.518668143422174
21342,4.5020596699706585
21343,3.0246338894620175
21344,4.039010195439332
21345,4.567044032910789
21346,4.364626878959738
21347,4.019878092077732
21348,5.193415489895406
21349,5.307985662460141
21350,6.904338971518098
21351,6.0311115095233845
21352,8.001516043467166
21353,6.340874234387984
21354,5.674905979094705
21355,4.4656688502940565
21356,6.740880130150236
21357,9.379739613355122
21358,6.785182864649121
21359,7.584138429172169
21360,8.855070887801894
21361,6.172841084667641
21362,3.1711950089707797
21363,6.052494146309588
21364,0.6916676627602889
21365,6.9994941080170054
21366,9.405152439258764
21367,6.5193818172018085
21368,5.570085790772803
21369,6.997780788607785
21370,5.257897011541182
21371,7.3007842718761236
21372,4.672399196685314
21373,4.879621852515021
21374,4.188659082217782
21375,4.345078467112147
21376,6.938235931576097
21377,4.31359640812601
21378,6.977423058820952
21379,7.827025851129317
21380,5.942638146518954
21381,6.931686512751977
21382,5.391279004343556
21383,5.284561245134528
21384,5.2461204825297205
21385,7.307253861512621
21386,2.434984495182412
21387,3.0020513967008027
21388,5.02536291580222
21389,6.342397759204808
21390,6.340573654683512
21391,6.961780516555145
21392,5.078143009082574
21393,4.222029725240371
21394,6.655250359412262
21395,7.974192091956667
21396,5.03512876316895
21397,7.842473574988172
21398,5.722601006593184
21399,6.748357662999158
21400,3.3138774421594817
21401,7.220208198993714
21402,6.194704271892079
21403,9.188223857386543
21404,2.8605054966425127
21405,7.514309929241348
21406,5.832744657975442
21407,6.167408569318161
21408,4.6504714159157015
21409,1.8468941013734312
21410,6.259116626072025
21411,8.943583012101033
21412,6.319432254016853
21413,8.888008163317929
21414,6.837868059774529
21415,5.532829858962873
21416,2.865609398151486
21417,8.248525804180389
21418,7.396419071365683
21419,9.398103296047372
21420,4.304884288029758
21421,4.575137234874958
21422,3.94483733821785
21423,3.3884142073002392
21424,6.81592010511565
21425,4.126762059755358
21426,6.869376156699632
21427,5.084152741367131
21428,5.952835944899387
21429,4.245408377365723
21430,7.517140044908557
21431,2.286223893350788
21432,8.171726312382074
21433,7.948824040047989
21434,8.725503407389983
21435,6.309788884425633
21436,8.40515003402094
21437,9.282763338164203
21438,6.627213863406135
21439,6.28645873759158
21440,8.05097461877207
21441,6.254184492854429
21442,4.068456928286909
21443,3.983084841825929
21444,6.333905743926236
21445,5.898704063712803
21446,6.223308223705641
21447,4.681521297278577
21448,7.321991937600796
21449,5.126474151448139
21450,4.960319741552203
21451,6.156537876770147
21452,8.48216149675688
21453,8.666168079227166
21454,5.236398303756267
21455,6.693115910609295
21456,5.146912559869388
21457,9.356305689604874
21458,5.757944897345522
21459,4.034313201253474
21460,3.853051401813516
21461,7.205337210160012
21462,3.731236387157851
21463,8.422267148977376
21464,6.791494005287792
21465,8.082418075295625
21466,4.8461871237441425
21467,8.868623641554148
21468,5.608015396556299
21469,3.4764931499675344
21470,6.3335393667755575
21471,4.399831854424042
21472,6.4828430109596225
21473,6.06116555833618
21474,3.672894714559569
21475,3.2431682891193496
21476,4.770481018851746
21477,4.241801817593512
21478,5.200916639729707
21479,6.432802492067681
21480,7.145866747048446
21481,4.139293827891162
21482,7.474586503599609
21483,7.717637857160486
21484,6.998510638268776
21485,6.136582346950635
21486,3.878622320950817
21487,7.789825558601548
21488,2.869350670566243
21489,5.9761951052111
21490,7.121668137031681
21491,8.326016650021963
21492,4.656728743224373
21493,5.766178266773464
21494,7.851975865122666
21495,6.94103631473753
21496,4.616194967559055
21497,5.60756088507833
21498,8.17851861686534
21499,5.342196067860808
21500,6.043956825173119
21501,5.260603544874192
21502,5.9422913825745445
21503,5.237071189707669
21504,6.991571727719592
21505,4.997433319597706
21506,6.015596019350261
21507,4.694122485907384
21508,8.686424305900097
21509,7.293351308612754
21510,7.593743367601775
21511,6.126669861134751
21512,6.576860380514687
21513,6.072308680897805
21514,8.932565169983231
21515,4.451056387950272
21516,6.93946336357012
21517,4.988852172663043
21518,9.134648354842136
21519,5.981811124427978
21520,5.079221733038076
21521,3.7690956565739118
21522,7.388759183180819
21523,9.717071827224702
21524,7.003503793545926
21525,6.8047456574181275
21526,4.447337064835521
21527,5.675863093216446
21528,7.870533391526086
21529,5.024207208323996
21530,6.404562684012363
21531,4.97008749673155
21532,9.759588767485589
21533,5.055204311914563
21534,4.268150733014979
21535,4.226756245904252
21536,6.428329375808495
21537,8.612486610998534
21538,1.9643332605708195
21539,4.177034460565906
21540,3.623353214048611
21541,6.119554648076649
21542,6.378223305133193
21543,6.48127285172102
21544,8.454049104899976
21545,4.44652567513909
21546,2.0892623725082324
21547,6.881657388285581
21548,7.802172441725304
21549,5.642755302275216
21550,9.055022254001432
21551,6.604809497435674
21552,2.081849361912676
21553,6.492269555693557
21554,3.1830180986130006
21555,5.601055577068065
21556,7.054836404768753
21557,6.994226976584522
21558,4.108178710918327
21559,3.2668796630079266
21560,8.789227760335274
21561,7.796010164218904
21562,8.27692648207936
21563,5.471827189156441
21564,3.240314877239472
21565,5.949686174109376
21566,2.864852677485601
21567,9.097315511548318
21568,8.18171284767572
21569,8.333421565513763
21570,6.1855190906211694
21571,5.042748546652113
21572,8.402767587769413
21573,9.039531793169482
21574,4.071104698980363
21575,3.250536835262312
21576,8.350918308872943
21577,9.156551925748612
21578,6.907823871456389
21579,7.215708333419203
21580,5.932739153980559
21581,4.398229490288552
21582,5.028101948660127
21583,6.475550166442776
21584,6.181679233115727
21585,6.160601043647251
21586,7.15298746013357
21587,5.54867954103937
21588,3.4356681397035667
21589,6.3112537928713195
21590,4.666424827922299
21591,5.822899570312538
21592,8.338892552337235
21593,8.425083153532096
21594,2.8506378703806803
21595,7.3225051862433235
21596,5.776055967728224
21597,5.232129892869785
21598,4.213104733464833
21599,3.5946838323271684
21600,7.852465224048858
21601,1.8012408370737643
21602,2.6206440614530004
21603,9.369430350155206
21604,5.2121807635208866
21605,7.8556047204865305
21606,3.4263030314556113
21607,4.830919929822193
21608,7.4783279678786725
21609,3.999714555654519
21610,5.89925869227734
21611,5.177613239545773
21612,3.981147718520763
21613,8.251579456660018
21614,6.298000921712831
21615,4.52295069093857
21616,6.326720007106636
21617,5.45122533535319
21618,9.091858105596152
21619,9.244203549755543
21620,3.907418458092983
21621,8.8256110668725
21622,5.749720276778196
21623,8.214167271622369
21624,9.106115921914036
21625,6.589400937696533
21626,4.987921080551832
21627,6.418619373647524
21628,9.807352382405423
21629,7.314444954151889
21630,9.26379344269741
21631,3.935251034006891
21632,5.312153452475189
21633,6.048349593505026
21634,2.529937651387174
21635,5.7916133414318125
21636,5.330613701376981
21637,5.3314886645638975
21638,6.469974477038951
21639,7.81666888703359
21640,9.53099682989338
21641,5.140068869287356
21642,7.761773474394188
21643,9.120649462582811
21644,4.666873025293758
21645,7.312330852678631
21646,4.381479757649445
21647,6.534779602419032
21648,5.707873089246876
21649,8.06679367815078
21650,2.6773663216339485
21651,4.014199570668111
21652,3.9827568188530176
21653,4.520124699794713
21654,2.8971352288630956
21655,5.291875619904285
21656,7.790065006446862
21657,7.649885385340379
21658,7.47538813801342
21659,3.9910449721803585
21660,7.2519882695315765
21661,2.4134944644041676
21662,4.3295647653279135
21663,8.322514334706026
21664,3.6033228689905683
21665,4.677389766584082
21666,2.28172310838592
21667,6.617622333361875
21668,6.13216130847403
21669,9.090743922959604
21670,1.619341883560618
21671,6.776078025772634
21672,5.276170689520309
21673,5.422947875949937
21674,3.9603609182905943
21675,4.904969161268799
21676,7.973764421132203
21677,3.902731155537967
21678,6.3143811793163085
21679,6.524948368901468
21680,4.973319438417951
21681,1.5273662308486071
21682,7.329526304217826
21683,6.357248924388564
21684,6.042540897670018
21685,8.077479365930387
21686,5.413152090806717
21687,5.9502827791572255
21688,6.6443178402299905
21689,5.7178680084351345
21690,8.720877715666255
21691,3.7875631654719863
21692,6.286811626602175
21693,3.904600284233605
21694,7.360417598391312
21695,5.544711373332587
21696,9.754436702801096
21697,5.138671088154541
21698,2.301259106787784
21699,8.290552948833023
21700,5.858191286338643
21701,7.959733570314365
21702,3.656129445744484
21703,6.156097288007443
21704,4.361384501357631
21705,8.726740548816633
21706,3.6856733922383818
21707,8.592425852159517
21708,5.711189767979667
21709,5.360006953964681
21710,9.110657340165037
21711,5.264515220906386
21712,4.020662812911325
21713,5.840604464851021
21714,4.8945911289100605
21715,4.74312479049788
21716,7.223724544612798
21717,6.70512023059456
21718,2.5857054930611967
21719,7.645138570728465
21720,5.06672690597774
21721,7.2039631834654765
21722,9.328783963116466
21723,6.341316358887124
21724,7.622056166571356
21725,5.803308148849325
21726,9.007902808126193
21727,7.062204246951052
21728,5.289809304228163
21729,5.703427529438857
21730,6.122545153692839
21731,6.868720242831319
21732,2.293564950740465
21733,4.675306081279087
21734,3.513726002890287
21735,7.355199790979085
21736,5.966076652340115
21737,7.417508752510733
21738,2.0712681827685975
21739,8.328588236640474
21740,8.921607676890888
21741,6.972590104136261
21742,4.041587910759438
21743,5.871805957850619
21744,4.41508775433234
21745,5.27179540416449
21746,6.099294050686186
21747,2.7027376194979333
21748,9.63962180210437
21749,7.062541841993243
21750,6.362300578395204
21751,6.9976198600720005
21752,7.430398215314425
21753,8.630066314079281
21754,7.7113168446100975
21755,6.849598227715521
21756,4.297659359305941
21757,4.6321072948569615
21758,6.5424367398565275
21759,4.892411670085043
21760,7.843146530116434
21761,5.202873788712928
21762,6.388014892969525
21763,6.140810919926493
21764,6.086348342163889
21765,6.061921800135709
21766,6.785095199576752
21767,2.727355821736495
21768,6.929672305006289
21769,5.141222157965237
21770,4.362550814319948
21771,2.896567675654252
21772,5.840436429337967
21773,1.5666686217838037
21774,2.574835934089975
21775,5.912997668011764
21776,5.502617127818468
21777,5.406191351691522
21778,6.066099805368207
21779,4.373384683614022
21780,8.175035059293553
21781,3.3155024504618185
21782,6.134456869468846
21783,3.654557010750175
21784,7.4839717543595725
21785,6.736454800787093
21786,5.635015634217482
21787,4.531693956400061
21788,9.163650566257113
21789,3.4670068752923413
21790,5.216922250163371
21791,5.533592465017179
21792,7.427096001290221
21793,6.437831014164482
21794,6.829661702468786
21795,9.77819001767848
21796,6.67203079735372
21797,5.504818966708061
21798,0.8639371167161456
21799,4.9903165175962165
21800,7.227889565963703
21801,3.02100903940488
21802,4.327742327962347
21803,2.43606094202554
21804,8.235980081043142
21805,5.4603205773631975
21806,6.020914284932291
21807,8.153573751816975
21808,2.912950973253606
21809,5.195998531875367
21810,3.4053220443609034
21811,6.943722198650947
21812,8.137822870504445
21813,9.605339771971094
21814,7.431351261445589
21815,9.013849154279251
21816,6.411058032141012
21817,8.652753550819273
21818,6.390135148216017
21819,7.368492061758925
21820,5.729042136323991
21821,6.64293196952495
21822,8.177626824854492
21823,7.533243928413611
21824,7.883464231578465
21825,5.839556340552218
21826,6.4616290503349445
21827,7.886988212119734
21828,6.263686614134167
21829,4.158857336696583
21830,4.220405718551976
21831,3.6134728853959333
21832,2.51173508063476
21833,5.151271773984962
21834,5.499288417011224
21835,5.943300449046833
21836,6.211402922291482
21837,5.750614630952848
21838,8.776803257526119
21839,3.1842406672010766
21840,8.20408941341428
21841,7.007268075781128
21842,1.3628914494290707
21843,9.428109851208152
21844,7.931651370923161
21845,7.241465398021365
21846,6.9102859464530795
21847,6.036840616430807
21848,3.172519504465832
21849,5.22080358241589
21850,3.5352105105386973
21851,3.9050827200525906
21852,6.232962645145082
21853,7.144093516681792
21854,4.860706802388615
21855,5.993305469826702
21856,5.226125806405439
21857,7.99705703662271
21858,4.433534218585437
21859,7.647849530604901
21860,7.218728497155689
21861,2.0843481965637474
21862,7.948284697350628
21863,3.643994686350372
21864,8.8135225145161
21865,6.981553023463513
21866,9.82735871386962
21867,4.1774303670829696
21868,5.818842969629168
21869,7.661803481056838
21870,5.296222683161725
21871,6.312513722997153
21872,5.1521291753438065
21873,7.074263610999687
21874,6.910213920480352
21875,9.066548010536538
21876,5.411851057670257
21877,5.470362175859446
21878,5.2668131626876535
21879,6.1918511188381595
21880,7.7839499779183905
21881,5.051252053588069
21882,4.733825656616654
21883,5.333251827829009
21884,6.755380572677238
21885,9.126508666538893
21886,3.5170706079170864
21887,3.5555312602765867
21888,7.634092257393352
21889,5.861019729160654
21890,6.277655919004194
21891,6.228810358450211
21892,5.477984421292087
21893,5.992022320291347
21894,6.304074561631597
21895,8.412067610520705
21896,6.367091084881231
21897,4.887900327146596
21898,6.189540621818098
21899,6.681148976770475
21900,3.785466886186757
21901,4.794644458735563
21902,5.070794115426201
21903,7.838730070147978
21904,3.9614468347609773
21905,7.631608565369019
21906,6.272691367204522
21907,4.796501813437944
21908,8.378457738603146
21909,5.689422523009658
21910,4.201921118693269
21911,4.263025614908804
21912,4.935168998174241
21913,7.965020376739179
21914,9.331057912790227
21915,5.465767180172742
21916,6.617381500173623
21917,5.017173666508076
21918,5.623765510496056
21919,8.604415806825147
21920,9.555954796542983
21921,8.302923560186606
21922,7.429131066650223
21923,6.567060341295764
21924,6.763824510330929
21925,7.211769718948895
21926,5.914878198397836
21927,5.8029065565403215
21928,7.280534506307535
21929,8.57847752523624
21930,5.772002162184034
21931,9.091957224244464
21932,5.859543613319798
21933,5.856527325157395
21934,3.093521212004541
21935,5.934381633959837
21936,7.345541586103454
21937,7.432857549855152
21938,8.797396136885743
21939,7.682998177091411
21940,4.473210715455582
21941,5.999777459846397
21942,9.016922092060174
21943,3.9903925821646826
21944,6.333251441598727
21945,5.714365652724972
21946,5.791418563458864
21947,8.608643316353886
21948,4.568057556013445
21949,8.536873162137717
21950,6.050304637323408
21951,8.161052043391926
21952,3.6458091065246023
21953,6.323314447814246
21954,2.747808160878955
21955,7.893230750258688
21956,5.634635662262462
21957,9.005799517300574
21958,7.677064319970048
21959,5.348011461874769
21960,5.1047389732552135
21961,5.056425937351184
21962,7.4998205399438245
21963,8.674556065432498
21964,8.567228773724148
21965,9.780125041484341
21966,4.849696261408003
21967,3.5577354615993255
21968,8.264051525973427
21969,9.062829900551904
21970,5.682309368948685
21971,3.329131461421379
21972,4.765571094525527
21973,5.832312901177179
21974,8.028773511154744
21975,3.0663867317667406
21976,7.170969510457748
21977,5.304005380116041
21978,8.599327394288558
21979,5.3523427622096795
21980,6.679828600948434
21981,5.044802141741044
21982,5.7739323864136995
21983,3.037983309089942
21984,5.617700494552696
21985,7.164369397034601
21986,9.017713817792734
21987,4.03705820366514
21988,7.031187036281793
21989,8.63732908022725
21990,8.201358120102359
21991,6.520036924709711
21992,5.362498505424275
21993,5.785327409261306
21994,3.2575455816617276
21995,3.245730040097121
21996,5.790681779551363
21997,3.1216774248294
21998,5.760754439020125
21999,5.147220751104557
22000,5.230587184831637
22001,4.9885490946997795
22002,4.69667155569967
22003,1.9488986351231499
22004,5.638289848743901
22005,7.205684240618346
22006,4.816033443141752
22007,9.58206278102099
22008,5.516757168551353
22009,6.723457734338986
22010,2.6983379550874353
22011,6.308602278846163
22012,6.293645794122645
22013,4.848474994726691
22014,7.224977755377049
22015,5.869474833734104
22016,5.621475019214605
22017,4.9906292731307955
22018,3.748633983490719
22019,3.4006582062698634
22020,4.142669992535447
22021,7.601916472222576
22022,7.222288777524717
22023,4.154689366660499
22024,3.7395947083873735
22025,5.63651407055144
22026,3.4984585844873215
22027,8.544945225055743
22028,8.537849381106057
22029,7.456356414196181
22030,7.775174129046375
22031,7.637525352990485
22032,4.3243642829699205
22033,8.11609776856069
22034,5.068649644598256
22035,8.606495264007322
22036,5.5482991614878046
22037,4.929860773903034
22038,5.607720069849008
22039,4.529316399801152
22040,7.995547170077396
22041,5.964759483243179
22042,2.835509442595323
22043,6.759474596760921
22044,8.818821963077971
22045,5.441818731361056
22046,7.829744399007838
22047,5.279246999081877
22048,8.270568124791872
22049,3.30554053241108
22050,5.415051443493425
22051,3.2762068296839275
22052,7.211757872801664
22053,8.881686152386616
22054,6.41942922669254
22055,8.181605060895365
22056,6.527802705156874
22057,7.7713158139620155
22058,4.003804857642324
22059,5.415571932033505
22060,8.205863487447951
22061,6.226688350759421
22062,3.4082455537851915
22063,6.3095676819863185
22064,7.509274609092623
22065,5.040744700845491
22066,4.223063553994247
22067,7.0514064461711605
22068,6.111905954051873
22069,6.9018922871389785
22070,5.139680093926218
22071,6.366152541497355
22072,5.136055114375148
22073,8.145989154051396
22074,4.861939467711483
22075,5.617174616320796
22076,6.125380784087305
22077,9.358378740244728
22078,7.30578169309479
22079,8.48211602842532
22080,5.285759635986388
22081,8.554176941736882
22082,3.1604972089945926
22083,9.311994176785882
22084,1.8723001477898134
22085,3.7991813296478605
22086,6.315452193751268
22087,2.8839107404327495
22088,6.0164602422855324
22089,4.578865391938781
22090,5.661443859564737
22091,6.830598729982752
22092,8.81464028343516
22093,7.413158452753171
22094,6.881937836131449
22095,4.6487239608570405
22096,7.212028402854878
22097,5.8519290135086734
22098,6.026251059236801
22099,8.261602636691652
22100,3.2509913087969835
22101,5.327970079777267
22102,8.5975754666614
22103,8.49593297503769
22104,1.7255543133172537
22105,5.4797204222718445
22106,5.088737577606099
22107,7.199597760046866
22108,5.9973860891440705
22109,3.5515581965268135
22110,5.7407772875861856
22111,4.187730432711179
22112,6.13253576334778
22113,6.257151082912037
22114,7.984433116782475
22115,6.335795889117584
22116,4.157193276412583
22117,5.0669949228747
22118,7.5665179257182835
22119,4.8477734295633645
22120,4.52745343903271
22121,7.440857162431466
22122,5.984330073695885
22123,4.437241889358253
22124,7.355501534220388
22125,6.113567694986217
22126,6.20990125433616
22127,7.474870375394755
22128,4.1013868768963535
22129,7.663711985245163
22130,7.057130358630495
22131,4.933057853763726
22132,4.984394201264424
22133,3.753137513078979
22134,5.357458835273695
22135,6.656743412044038
22136,4.9389950718426405
22137,4.594694804161533
22138,4.032037615018395
22139,6.104219240725808
22140,7.348788180526903
22141,8.026182038664745
22142,5.221331059725939
22143,7.1744512453282665
22144,7.975419221029492
22145,4.809382481805475
22146,3.0165974012802823
22147,4.035225117488517
22148,1.2043146077752183
22149,6.445118815282658
22150,4.566741518654255
22151,2.731640405809311
22152,7.540642771423284
22153,4.06064302469492
22154,4.0191260527144905
22155,5.999703968353079
22156,3.147724947546922
22157,5.747555779982735
22158,8.585413788865878
22159,6.647452592906515
22160,9.195202740718477
22161,5.951080556028854
22162,5.53366395282057
22163,4.07103530980011
22164,4.259795070579228
22165,6.874520275823155
22166,5.277512114265353
22167,8.009854221249652
22168,8.03073883943729
22169,3.7845169681190196
22170,4.095732507811956
22171,5.153837731898585
22172,3.5503896557368124
22173,4.7957184264385955
22174,5.60837561047974
22175,5.601815074861335
22176,3.7546091469400675
22177,1.9685797151018791
22178,8.406797015333968
22179,6.691571811130365
22180,8.543299860240612
22181,5.231913362926144
22182,4.53249861978499
22183,6.326240098196624
22184,6.287118890743473
22185,6.683973075450471
22186,5.876688803765725
22187,7.815688406727461
22188,7.177810572914426
22189,2.40502078666659
22190,5.719109864701743
22191,4.713754207386371
22192,5.892794388773159
22193,7.368449038256042
22194,3.852063213578673
22195,4.573209368377857
22196,4.803554047727435
22197,6.380320479760148
22198,6.889965702745867
22199,5.166626945481041
22200,5.016655794037044
22201,5.379393021593984
22202,3.7786276382986976
22203,8.955677898353013
22204,5.266134039827008
22205,5.48894625081663
22206,7.930571235487175
22207,2.0383714250541685
22208,3.278990296006494
22209,7.136390526888481
22210,8.010415790131917
22211,9.242342739435571
22212,4.287822895386331
22213,5.908725917151005
22214,5.155646626507709
22215,7.327272136314765
22216,7.277385412838025
22217,5.206439740152711
22218,5.8336214240044235
22219,7.94372669474461
22220,1.47933549820834
22221,7.402231462126449
22222,4.836875366493432
22223,6.815022555398135
22224,3.544789062110405
22225,4.506247163142429
22226,5.3500192517418
22227,3.149505039291289
22228,7.344059619502366
22229,5.577606136917006
22230,5.674144570640754
22231,7.625312365090779
22232,6.425788426831199
22233,8.962920265835072
22234,5.250718261190035
22235,7.2624865835153365
22236,0.9976101032092699
22237,2.0698128969896006
22238,7.214935834260389
22239,3.8053956800341866
22240,5.971640172706908
22241,7.456456104362681
22242,5.633192820649763
22243,5.148835009172214
22244,5.096954997567094
22245,7.35479356131317
22246,8.06515887178219
22247,6.132280650493735
22248,8.760355668536672
22249,4.802948761962437
22250,6.173445979363243
22251,3.332776418459206
22252,4.320734184710555
22253,8.796514507809752
22254,8.95902283788638
22255,7.031165220777027
22256,6.586085107379868
22257,9.157957976948694
22258,6.594710940128331
22259,1.644803428425546
22260,2.398713935935814
22261,4.6779417404996275
22262,4.316115598674319
22263,6.822840803410104
22264,4.4928193932688565
22265,6.7671793224837895
22266,4.8009453200271235
22267,3.792442929219237
22268,3.190994361811235
22269,3.9353652719491343
22270,5.827045299513755
22271,3.8291642771824086
22272,7.298780986924901
22273,2.497498987835941
22274,5.273108186870601
22275,6.842656332242523
22276,7.298228796514563
22277,8.74323913639651
22278,6.828929020515503
22279,2.3534786842095827
22280,8.624064094594454
22281,4.587845972161657
22282,4.208894606047927
22283,5.735210650538981
22284,8.728442216045044
22285,6.310057808247095
22286,5.032115129505852
22287,6.274634764092715
22288,7.696243290068585
22289,9.043459864690993
22290,3.9785438957637913
22291,4.392670184049115
22292,9.590649041362681
22293,5.95656958091792
22294,8.248540065883441
22295,9.875187054117962
22296,3.18553435737142
22297,4.166084717597502
22298,5.577123441300763
22299,6.091978383203402
22300,3.2309834161828426
22301,8.870604327459493
22302,6.1493431658331135
22303,5.7796990240464625
22304,5.4121100082464135
22305,6.740481015611666
22306,7.818857627195634
22307,6.409167697649557
22308,9.367061839231873
22309,6.355087869459794
22310,9.373544583541577
22311,4.385251692217349
22312,5.9424550134388685
22313,3.24606559729523
22314,6.205004400066502
22315,5.854533012321143
22316,4.417226575127206
22317,9.05446907169195
22318,2.726149380775433
22319,5.021850111108104
22320,6.1963939442797855
22321,4.3701878221173684
22322,5.385592694321017
22323,6.098798513606187
22324,7.192051552319506
22325,2.680743923814074
22326,3.3037713560967332
22327,4.089636966902189
22328,5.717746261460201
22329,6.2385060812790805
22330,7.445239525036256
22331,5.2240572781594095
22332,3.958325302877422
22333,7.952744388731698
22334,9.288615822156675
22335,6.010152244258462
22336,5.961605998840696
22337,6.466315635626443
22338,4.722391691780777
22339,7.686691946884293
22340,9.239565613406512
22341,3.324331979366575
22342,4.546197376872105
22343,6.681339579865939
22344,4.998309415006789
22345,7.689089364219048
22346,3.534257567790378
22347,7.674935088957245
22348,5.573742549037247
22349,6.676581445272243
22350,5.801537514044587
22351,3.371043026054889
22352,6.467827323517842
22353,6.901123458639283
22354,5.584323390868004
22355,5.340276943795957
22356,7.101003638817008
22357,6.262439661843858
22358,5.685373168901598
22359,6.537441051769242
22360,5.966045976923623
22361,2.4899807122343165
22362,7.690426113212842
22363,4.05984868637279
22364,8.822282833278907
22365,7.76974260519701
22366,7.496441400800366
22367,4.816359826768942
22368,4.729169679214138
22369,8.829644720742401
22370,3.0936243589906773
22371,7.169341693207618
22372,8.39830295136385
22373,3.3468709194135866
22374,7.46635874408525
22375,4.530215031090712
22376,9.049048053317224
22377,4.760698425812105
22378,3.8708458709403146
22379,8.040509220302521
22380,7.216467590894202
22381,3.436679120163119
22382,7.672436831944555
22383,8.872604292637238
22384,6.216015068666957
22385,4.553759061392542
22386,7.964673014142955
22387,4.103565153714269
22388,1.5728417010727034
22389,7.247913677931845
22390,3.3176146604483536
22391,4.8985264451966675
22392,7.151503351325212
22393,6.776942021029033
22394,9.444385246339618
22395,6.2781962463255
22396,8.562175760519647
22397,8.600824307141991
22398,7.18832543458674
22399,1.6471096283708666
22400,4.815690767668366
22401,6.771402994979377
22402,9.017188766118414
22403,7.024302867570284
22404,6.746551737443811
22405,6.570129712737409
22406,8.705332473785816
22407,3.3441570305391455
22408,7.901874030943027
22409,3.393332625162529
22410,4.952108683714894
22411,2.817018739380977
22412,8.322736280089417
22413,7.8329733848016225
22414,7.114667106437437
22415,2.583637943221855
22416,4.603666820388193
22417,8.906303510149145
22418,6.487000562255472
22419,8.381335181027968
22420,5.926353481888566
22421,5.9312243734671695
22422,4.490193034948832
22423,4.9558670668647
22424,8.272676446525594
22425,3.819856380692667
22426,6.693076818858578
22427,8.236035679862114
22428,8.439890518377304
22429,4.0398334628817345
22430,7.277896569348995
22431,4.560745864126867
22432,4.701610077164794
22433,3.075154624519267
22434,6.0229266647910045
22435,4.869917058345662
22436,7.0240625123519616
22437,8.841247989984815
22438,5.39035768981252
22439,1.4148633145149048
22440,6.110609312611685
22441,6.724879552366819
22442,8.96942922185439
22443,8.493519687794548
22444,6.918630905693735
22445,6.227599759633917
22446,4.157806373598691
22447,2.5300024328177355
22448,8.476237471313846
22449,5.737853403917596
22450,4.54585764527811
22451,7.249086488604451
22452,7.229560010838869
22453,5.393962250077372
22454,4.158593505344699
22455,2.971896897135994
22456,6.670926610928602
22457,6.294782171876186
22458,4.80197590926281
22459,3.7405540814651888
22460,7.3340431407860205
22461,7.094896922039496
22462,3.0003760895524993
22463,6.6615587775711536
22464,6.370889222564419
22465,4.9189450498246545
22466,8.599710154239723
22467,4.522921887019056
22468,5.108892055998022
22469,7.845759541370108
22470,6.3651585436017495
22471,8.14052721468102
22472,4.822594860661427
22473,5.118116449139654
22474,7.116974657705708
22475,2.1795563115078647
22476,8.76718874366091
22477,7.3619710541485155
22478,7.955390958146749
22479,6.876729287927181
22480,4.247691363264138
22481,8.618704494824813
22482,4.409960666445527
22483,6.602046512597857
22484,5.6821097345296545
22485,2.5166361067277974
22486,3.3893982669564235
22487,7.275696543849614
22488,3.6500355164851426
22489,5.023000435351781
22490,6.3822352952551356
22491,6.723324452599306
22492,8.176152115070554
22493,6.868321855479521
22494,5.735828179246252
22495,7.641074270998032
22496,4.060793287640867
22497,8.52751083997452
22498,6.009484753061003
22499,8.490802925359121
22500,6.665321878501475
22501,4.302896897882844
22502,2.7603459577784877
22503,8.504957328141908
22504,3.184726336122681
22505,5.026178858547031
22506,8.190894207391697
22507,2.8850724883843735
22508,2.541958752883884
22509,5.863716748579709
22510,6.187705991913364
22511,2.573221775554257
22512,7.019767857152315
22513,4.337302749457082
22514,5.730525583091923
22515,8.881770579435601
22516,6.027198428717423
22517,4.736682180674175
22518,6.64283035432331
22519,7.880930014986906
22520,7.319007110601812
22521,4.585809356630934
22522,5.6428049281136
22523,9.614042708485973
22524,4.640337377765729
22525,3.3959562291841094
22526,7.991257304697482
22527,5.272875922916489
22528,2.105870751204283
22529,7.421015025903543
22530,4.725154001610214
22531,7.364323571436346
22532,4.452837912742114
22533,5.140204921980295
22534,7.224313274799776
22535,4.3509528103057376
22536,5.149098300699191
22537,2.2409161203211556
22538,2.8845136688222692
22539,4.944005898800648
22540,7.61615553003388
22541,8.284049557203637
22542,5.604818640754259
22543,6.460365931608096
22544,6.907892367640807
22545,6.846475160946142
22546,7.377255307659723
22547,5.926791711705489
22548,5.344294219682503
22549,6.075726919988244
22550,6.237975289358001
22551,6.914764350772407
22552,7.458021784152255
22553,4.162781382526335
22554,7.442187465139869
22555,3.8027320196032837
22556,4.685564276085455
22557,6.192347755347587
22558,7.914365185974881
22559,7.581821452547135
22560,6.32589630295016
22561,2.449146012613035
22562,6.575303595540632
22563,3.8344104710215805
22564,7.538262643776044
22565,7.061512584244638
22566,4.312232469818368
22567,4.777868498134194
22568,7.689484284603528
22569,9.032815760896423
22570,2.7646560302819685
22571,7.108791080858749
22572,4.106291588421782
22573,4.525929342580847
22574,6.117872282529631
22575,8.150707443669292
22576,5.908629254921996
22577,3.4730221027143946
22578,6.444900404671296
22579,5.650066635075353
22580,3.6661774740453636
22581,6.195731675227113
22582,6.2335057026911835
22583,2.516403123299286
22584,2.8687258677098555
22585,4.710322833047492
22586,3.625130029331148
22587,3.516423209603908
22588,3.332848446699853
22589,5.428406954065089
22590,6.157289763079524
22591,9.152741028651448
22592,3.318628387680466
22593,5.674059531243094
22594,8.10944229151956
22595,7.34818412737807
22596,6.316073413060701
22597,2.1313011299871505
22598,6.998853490295764
22599,8.021935708045383
22600,4.807672652881752
22601,2.687231269010345
22602,5.248077565601682
22603,6.9520750164791885
22604,7.981769944756902
22605,6.231997125741615
22606,4.655911308427616
22607,6.827587470336596
22608,2.3742613158104655
22609,3.9103194079738786
22610,6.304190199080669
22611,8.905675468178083
22612,5.3599694971232505
22613,4.32452486332703
22614,2.695285170576785
22615,4.450040377577814
22616,7.400724063990101
22617,4.741591371444988
22618,5.592871600642557
22619,8.075717159540272
22620,4.575519086497263
22621,6.842714148043405
22622,7.8973572771791805
22623,5.176681729137811
22624,4.795700339719284
22625,6.180104482343613
22626,6.806457090194543
22627,6.102545171559715
22628,8.379473571069594
22629,7.865786150038084
22630,6.970909662769734
22631,6.337441312478742
22632,3.117637037107957
22633,8.59673062253879
22634,9.175152564226387
22635,8.130674706900695
22636,8.115572371073355
22637,8.699235977509314
22638,6.734054152644299
22639,6.482312905045326
22640,3.997214517072122
22641,6.812464533713925
22642,7.099568036202516
22643,1.0555581519633122
22644,8.02686734893553
22645,5.107286788584069
22646,6.7884475607894865
22647,2.861681152826649
22648,5.522277064578164
22649,7.9286740377079274
22650,7.991490203423621
22651,1.9352599330577027
22652,6.870610827319572
22653,5.13124869866042
22654,3.957448930125383
22655,6.407063674560852
22656,7.7320899536933805
22657,3.4668179378263364
22658,5.123045431417515
22659,5.341248570894694
22660,3.583489269194005
22661,7.083422854915089
22662,6.138302803010401
22663,7.9842133714119825
22664,8.528317334522576
22665,7.396350962505492
22666,5.244142648945502
22667,4.813784855516944
22668,8.040896785106005
22669,5.397276523125493
22670,6.208277200677108
22671,7.239378917847257
22672,4.841671908695269
22673,6.142070333206524
22674,8.273501796654239
22675,4.3332417382921165
22676,7.361511392674036
22677,4.160866193532365
22678,5.27041300335046
22679,4.789315109282414
22680,6.974186644715968
22681,2.9654634802791584
22682,4.479208193602527
22683,9.267497785638737
22684,7.5638834520516856
22685,5.919669011035604
22686,3.655279792089257
22687,4.967541059979315
22688,4.148699573330226
22689,5.729011952134328
22690,7.215586322046026
22691,5.086431695317361
22692,4.738751885494238
22693,4.90003667815786
22694,7.427965475106333
22695,2.940917799079324
22696,5.1804975468038785
22697,4.658932978444433
22698,2.19228496487375
22699,4.470659138684539
22700,7.905822489537314
22701,4.982258087691195
22702,6.156057051087758
22703,6.070962354042828
22704,7.128937693941883
22705,4.537278684635297
22706,5.4149025118593785
22707,4.881795926632393
22708,4.72351267435114
22709,8.232086158473258
22710,7.806931319144435
22711,4.856250943120598
22712,5.834995759210544
22713,7.033585598503862
22714,4.7307338901697396
22715,5.599047863828238
22716,7.995211861810141
22717,2.6777243087014173
22718,7.7742870049966415
22719,3.429763479536417
22720,7.922056250799228
22721,5.6626579271488575
22722,7.0139275611478205
22723,4.881796569283208
22724,9.371077660046081
22725,7.062011403525438
22726,5.853082068932887
22727,6.554928191855154
22728,8.547587636129343
22729,1.452468951095302
22730,6.2718081089354225
22731,5.106629760690346
22732,3.868012202414276
22733,8.488035613340573
22734,8.419392030486406
22735,8.908630984546953
22736,7.191449492848745
22737,6.202897819316648
22738,6.952367487126807
22739,3.7873970939569785
22740,4.90077089800518
22741,5.754042631331711
22742,4.73714008986493
22743,7.364435837787712
22744,3.693826156893286
22745,7.027400350520285
22746,2.3195805783802452
22747,5.972206969041067
22748,8.766292158876887
22749,6.3746287970925115
22750,2.900205614448961
22751,6.073925762786289
22752,4.100199020931092
22753,4.858164913088762
22754,4.726601498089115
22755,5.646086098479257
22756,4.257363849649537
22757,6.221522100572036
22758,5.285700329548482
22759,3.9661412779586005
22760,8.124715013480806
22761,8.295424539762772
22762,8.269785374317184
22763,8.08096216766602
22764,8.102134626569264
22765,6.342361398464398
22766,5.843522026788575
22767,6.33762803094305
22768,6.042387104180098
22769,5.266220512652665
22770,6.5960149369810175
22771,4.1456487560101465
22772,7.2692113733067725
22773,5.447683034049002
22774,5.200215495898998
22775,6.804355568737259
22776,6.130507460741053
22777,5.235558103201795
22778,7.677857276863892
22779,9.321124727746565
22780,4.961487996301936
22781,5.4716893683122665
22782,7.046877608434693
22783,7.471772940452915
22784,4.345773812978802
22785,3.18927196843657
22786,7.0549622424308405
22787,9.56969453496853
22788,4.4732657159139695
22789,4.872399070183418
22790,6.987374715497874
22791,8.693638064728024
22792,4.564651629110847
22793,4.442255764725146
22794,6.1980488330905725
22795,9.587762554386913
22796,7.2930635399545585
22797,3.9230208437974805
22798,5.664394177064381
22799,6.508139894585887
22800,6.106722981849057
22801,7.763953613150068
22802,6.20867955096325
22803,8.520629795910219
22804,6.003763052011471
22805,9.399977262690928
22806,5.914264001253819
22807,7.0190487316580645
22808,4.9183979435438445
22809,5.970769145924546
22810,5.0563684017536525
22811,4.68553459081769
22812,5.293044823807916
22813,7.13507690783864
22814,7.54488250749893
22815,7.284491656150466
22816,8.32004276733467
22817,2.8907803007797206
22818,2.5432125252589364
22819,4.522890751726045
22820,6.228122212787574
22821,7.102359147009541
22822,5.672106551089878
22823,8.05567597306618
22824,7.370146134233216
22825,6.175270630318172
22826,8.699484367857526
22827,7.5608041258723775
22828,3.382151177300247
22829,5.631269508942592
22830,4.34115843775391
22831,4.117076804762386
22832,5.999435042016352
22833,4.324339516006188
22834,8.108069154686845
22835,6.4123950641271055
22836,7.740350761182608
22837,5.124374793245223
22838,6.732264544525198
22839,6.378979359950509
22840,3.1722099694430037
22841,2.4604842317803084
22842,8.182681355970136
22843,8.509735489339882
22844,5.078645558460536
22845,7.454467844604407
22846,7.65405181125793
22847,7.124025273341866
22848,2.508550258230107
22849,8.683943675108466
22850,3.1931504253161602
22851,6.90802437351633
22852,3.695960851055934
22853,6.32875963682486
22854,4.686988116173152
22855,5.749301414298142
22856,6.183615936369345
22857,5.029846283687297
22858,5.2125174194425155
22859,5.084812285385065
22860,9.406751353050858
22861,3.8625623234824813
22862,6.32180256195968
22863,3.9422496680625176
22864,6.176575514808659
22865,8.57749794055713
22866,8.287225880156493
22867,5.423742782801201
22868,8.254941350544918
22869,4.08957541483718
22870,8.002162872250778
22871,5.619584859059266
22872,5.638272588073198
22873,6.890954265062232
22874,6.563142389933485
22875,4.707089578725906
22876,3.6114290240806235
22877,8.294659496040035
22878,4.145108281402635
22879,6.498539662437958
22880,3.834096075139861
22881,4.2764285307734315
22882,3.924326367538542
22883,4.321315648115458
22884,5.225553801574544
22885,8.398938593812044
22886,8.738085124667055
22887,4.447774954563473
22888,4.677475772714851
22889,6.011920745666852
22890,6.962941159868322
22891,4.860980418646309
22892,3.859881545775057
22893,4.588131107354791
22894,6.04475392315231
22895,6.868497043239506
22896,9.21050164775136
22897,5.909757216834121
22898,3.918429507781721
22899,2.5896091060047204
22900,5.208008354987148
22901,2.747442415620002
22902,8.503745635643021
22903,2.4296036627543116
22904,4.016378203303912
22905,7.601263953541922
22906,8.687263032276073
22907,6.659551115451137
22908,7.386937237975237
22909,7.177432350129839
22910,8.778198780445852
22911,7.316482219280225
22912,9.437796423797044
22913,3.468506797381451
22914,2.282763419940141
22915,6.22150026089163
22916,3.451414244064132
22917,6.0362083581225985
22918,4.6638943290795165
22919,2.894389165893947
22920,8.720917661312077
22921,6.706657498857545
22922,3.1649447684707432
22923,6.808407566406441
22924,7.256750376053245
22925,5.655635326879774
22926,2.9742455579052747
22927,5.929068872823904
22928,8.049650423954205
22929,6.901935438076227
22930,7.310103179421995
22931,2.6081172562888892
22932,5.2773411695729955
22933,7.113891796384087
22934,7.083736132163876
22935,8.402843699107788
22936,2.4431812792250622
22937,5.441688108347682
22938,5.256087532565495
22939,7.817708732868538
22940,5.326206762705283
22941,4.285917843198192
22942,8.485965196891579
22943,3.3041951840768835
22944,7.37784841642172
22945,5.061642873642981
22946,4.441904374312528
22947,6.101751978506039
22948,5.369458163352258
22949,5.000311184940562
22950,5.76987098866458
22951,6.835004056401352
22952,4.898859546383413
22953,5.391872240889212
22954,6.334361189384295
22955,4.997691264068629
22956,2.8114170682774957
22957,3.01711684845171
22958,6.047580051853704
22959,6.100571652196135
22960,6.955889224164027
22961,6.278589597225994
22962,7.439375197015359
22963,3.3447034868135717
22964,4.226964780993719
22965,5.554619319835681
22966,4.227794807402517
22967,4.542955471938036
22968,4.02129051622358
22969,2.586742698511025
22970,3.026870588929766
22971,9.691962228837253
22972,6.033838268924322
22973,4.736903554612507
22974,7.769786270198514
22975,5.285521199354834
22976,2.058961657940209
22977,4.0591364436354045
22978,6.177172944078195
22979,4.352636792361379
22980,7.757216569461305
22981,7.136900104974694
22982,6.923911653919704
22983,6.256546700495414
22984,6.7656132296561555
22985,5.455762038221387
22986,6.334767883123335
22987,8.751943855169108
22988,9.447492200700664
22989,5.961588108734085
22990,5.3117155390057516
22991,7.413367098791733
22992,3.5842463633462986
22993,8.121019110377151
22994,3.511728197494382
22995,4.658039950691494
22996,3.4754524519293444
22997,7.098087173434363
22998,2.749484086102899
22999,6.620879174883547
23000,1.9561538927083135
23001,7.080609744022505
23002,7.814531834092589
23003,5.977688049896126
23004,9.148276427099693
23005,6.571231317760411
23006,2.430018947237811
23007,8.75702535937594
23008,5.223507283845352
23009,8.400377265131686
23010,5.5145661478949215
23011,5.301500379287058
23012,5.089686285772703
23013,6.062949253218919
23014,7.852683507769473
23015,3.356676668283658
23016,6.841181559881198
23017,4.794103359718658
23018,3.5925605057128958
23019,8.479748342427438
23020,6.287711373406603
23021,5.668450638448311
23022,4.765140430669434
23023,5.917193251758625
23024,4.849439839650101
23025,3.5828478579411662
23026,5.045286547420786
23027,4.188134493400789
23028,6.209701511451656
23029,5.191623783777426
23030,6.470787993450554
23031,5.758634981440523
23032,5.550246177104712
23033,4.026339144750325
23034,8.493410452280157
23035,5.314935091995175
23036,5.542490856578757
23037,5.273136347289059
23038,7.452794754363267
23039,5.069772292919439
23040,6.1475583229645085
23041,2.6599870757989668
23042,6.111394493234757
23043,5.586043227616984
23044,5.862668214075406
23045,2.6821859979251625
23046,6.507025783607611
23047,8.10516894269131
23048,3.360069837699897
23049,4.8571785105297645
23050,6.449601867870049
23051,9.823365746792163
23052,3.986573333346236
23053,4.851958907523267
23054,6.469532413594917
23055,5.94786540096424
23056,8.157931383371055
23057,6.10502289021923
23058,9.012095884488767
23059,7.42127463025198
23060,8.320708688639227
23061,5.345094867453035
23062,6.651552738569574
23063,4.060559322251603
23064,6.551415881013312
23065,6.666578741096139
23066,3.7519300345110156
23067,6.175113363799344
23068,3.883532585527674
23069,7.037327580637437
23070,3.6655616816730725
23071,5.611225771383755
23072,8.409206877249682
23073,5.4965450743654465
23074,7.480203797181352
23075,5.5828901884269015
23076,5.6395658319924395
23077,7.867534007981025
23078,7.05250832603443
23079,3.3457905280170226
23080,8.450073194129034
23081,7.6233576924460715
23082,6.463757717901999
23083,6.510266934396525
23084,7.105831651170233
23085,6.042517829710273
23086,5.574312983181774
23087,9.032290695529412
23088,7.374382532104116
23089,7.744251512634983
23090,5.30818997268633
23091,6.269615592062039
23092,4.848116600251814
23093,6.4823840154966
23094,7.19717589611407
23095,5.861988270688196
23096,8.624337159351974
23097,5.303556686023804
23098,5.123072026988702
23099,8.307361376902744
23100,6.414014804782777
23101,7.7253255275325365
23102,1.2470610314405262
23103,8.038645734978921
23104,5.387011160765846
23105,5.511720558206598
23106,5.362508912965115
23107,4.710959931447031
23108,8.837755528134716
23109,5.272745847471827
23110,2.8631533862277303
23111,3.7403213324362956
23112,7.1523357126108955
23113,4.44604211244127
23114,7.136674724852819
23115,8.229331411325198
23116,0.9455386363128617
23117,6.874132291043475
23118,6.731071975316443
23119,7.6967072542530905
23120,8.825274617474236
23121,6.623191179431155
23122,8.087967597420583
23123,7.627692677510756
23124,4.983859359168733
23125,7.1623019120219125
23126,7.876206271687695
23127,5.0336282159987675
23128,7.767264744381933
23129,6.0713992797850125
23130,3.372619567730248
23131,5.387803870099454
23132,7.576662671536916
23133,5.223311057042853
23134,6.322704490424883
23135,5.581497824065047
23136,8.073749488217834
23137,5.057181949726312
23138,4.2095620273227325
23139,8.253756796319871
23140,6.803980649956558
23141,5.665846355894002
23142,4.65946273468052
23143,4.059820182401184
23144,5.1234796044043485
23145,5.302877026605079
23146,7.337524182233315
23147,6.618539727599346
23148,4.158997794240644
23149,7.167367703162704
23150,7.1201229168816225
23151,6.933805824000894
23152,5.766079968021793
23153,4.416198501617967
23154,4.92404045247646
23155,3.4705429497276588
23156,0.6041866878678523
23157,5.80142746267278
23158,5.75906615843441
23159,4.270763081650607
23160,6.938531538383893
23161,6.1641266271420525
23162,2.3397179513081943
23163,7.629147366948259
23164,3.7314508913047195
23165,5.985426034995596
23166,8.532974362365994
23167,8.54889583896061
23168,7.319851658222971
23169,7.135307519761142
23170,6.455607362916382
23171,2.669782865570925
23172,7.983450148353587
23173,7.0711041730417845
23174,1.159244542719717
23175,5.6922570183131596
23176,6.200580856430175
23177,7.665066488218394
23178,8.839171420926036
23179,6.980222090239586
23180,9.319928338938736
23181,5.866819877851128
23182,4.382976598240441
23183,5.042796914821772
23184,8.490432276994131
23185,7.26364448701773
23186,6.8370481764431625
23187,7.199679779493844
23188,3.328183695365082
23189,5.361238060587324
23190,7.271453427023957
23191,7.866112685553607
23192,5.631771436029546
23193,8.52264262293794
23194,5.959222894403919
23195,6.231945451329153
23196,3.8799845324765814
23197,3.935565920773675
23198,6.831583588489312
23199,6.546677667235071
23200,5.493029023922367
23201,7.372941208248744
23202,4.389229444656633
23203,6.082402753585723
23204,7.275483297465605
23205,5.841863910758745
23206,5.256319916798286
23207,5.8898772123052145
23208,2.2704068317024406
23209,5.208463044404055
23210,1.629800938957978
23211,4.140508599911734
23212,6.82496277848993
23213,3.2758465189118304
23214,7.695657427488431
23215,5.423343667608033
23216,6.984964302128823
23217,2.8175749258337635
23218,6.851966489130582
23219,6.617779788214295
23220,4.7920709013058405
23221,4.834174020235784
23222,3.924536182921292
23223,4.17678050683465
23224,5.142741772127346
23225,7.29214885532909
23226,7.550867697339874
23227,6.386190117702901
23228,7.723440653172386
23229,6.869988454983212
23230,5.880861735192376
23231,6.462711947497735
23232,7.057863477563767
23233,6.586405206653632
23234,4.677926158084358
23235,3.802693229537979
23236,6.44062531066391
23237,4.755097531928169
23238,6.829659838549308
23239,7.086793911592233
23240,2.3054576934199544
23241,5.583013934173755
23242,4.7335330317942175
23243,4.252054530086992
23244,5.9141410535407815
23245,6.162289190855469
23246,5.860850504378339
23247,5.849997288182484
23248,6.917854327429918
23249,3.984684905183179
23250,4.698385357613028
23251,6.070275543995535
23252,5.892069280944572
23253,4.994128099329328
23254,1.8258308199769442
23255,8.573193057853855
23256,8.038984097289596
23257,4.297576255205589
23258,3.245417297599586
23259,9.064797436298402
23260,8.72976808416868
23261,6.0896820517165935
23262,1.303997890890848
23263,8.059924818697976
23264,7.4367247548336275
23265,5.260892331800928
23266,6.734366063043001
23267,5.648118227246581
23268,6.042669624077058
23269,8.957851594174276
23270,7.000953444391016
23271,5.7672156669037244
23272,6.03265415604133
23273,7.796485687963818
23274,6.871857763927267
23275,8.049482931893383
23276,7.728382305319217
23277,3.485608883531817
23278,3.940536455909098
23279,4.915738438004065
23280,6.179573519459714
23281,4.76141287973941
23282,6.485551088739367
23283,5.49557810652373
23284,4.417149006664504
23285,6.124004471167856
23286,5.123549500171675
23287,5.435186791620216
23288,4.194748400575359
23289,7.1893031211660485
23290,7.569423915751633
23291,6.8420491264089875
23292,5.523798083442838
23293,5.799806418799998
23294,7.851285420634992
23295,6.400278686305844
23296,9.575391705677397
23297,7.06988704470092
23298,7.805088859120676
23299,7.130818950284717
23300,5.401217984232499
23301,4.789988172144943
23302,7.611935427819072
23303,8.40715863017729
23304,5.60183819785637
23305,4.848302073234892
23306,6.4118009092436745
23307,8.283417104935907
23308,8.746330534937846
23309,5.357243204105899
23310,6.379670825294343
23311,5.413289568261057
23312,7.856399463087548
23313,3.988298980412085
23314,6.309514352232716
23315,5.390545045693685
23316,8.932537607145417
23317,4.776320523715953
23318,8.94150966825637
23319,6.84495419662352
23320,2.67912468064311
23321,4.076884742520997
23322,7.9570157656498965
23323,6.721421907111932
23324,7.661117009020673
23325,7.486930578420642
23326,6.964741434072521
23327,4.022353993151761
23328,6.2288125164787935
23329,4.8273840797387555
23330,9.623067678885487
23331,5.636358725555121
23332,7.209916787891893
23333,5.021937126670306
23334,5.366294508753485
23335,3.7738252213449397
23336,3.1810824286812798
23337,5.2808900350874115
23338,5.886989958208224
23339,8.074696926728905
23340,7.419203527883985
23341,8.740856380772321
23342,5.088595713097924
23343,5.861480575731162
23344,6.092292504616024
23345,7.7946135625475925
23346,6.940296441990803
23347,3.1918099451086763
23348,3.9307299195338805
23349,2.0665106250246397
23350,5.3527323972623115
23351,5.8558628066141
23352,6.909320237942439
23353,4.539015146280957
23354,4.108738517781953
23355,8.748919400603906
23356,6.1752540550819255
23357,7.004102680647543
23358,9.438790755238564
23359,5.4190688168532395
23360,5.435675791957054
23361,7.626520964951
23362,7.881189085281982
23363,3.290493214061306
23364,4.371542949736778
23365,4.310242992895496
23366,7.14680585601425
23367,5.583344732413405
23368,6.464175098560779
23369,4.780140391172142
23370,4.153208411657397
23371,4.165873210821575
23372,6.500074917119214
23373,9.149787998621521
23374,4.328444928189716
23375,4.7645951848751675
23376,8.508361794729794
23377,4.490262962657784
23378,3.312426348987611
23379,6.549406545182201
23380,4.1866043536376925
23381,6.782324660431371
23382,4.56837469186818
23383,5.450522833984999
23384,7.558363955009271
23385,3.8993448498413588
23386,3.5059936218328924
23387,4.418269088506977
23388,3.398169680023376
23389,2.3780540959094605
23390,4.783931641309925
23391,7.327218620600823
23392,2.280241591915493
23393,7.4873644638827175
23394,6.774159360961216
23395,3.922998316965497
23396,6.160974614686255
23397,6.076295745362556
23398,1.654878719385675
23399,5.680344447826642
23400,9.166591853579849
23401,1.6233821482782593
23402,6.4408605975079105
23403,5.302883490024022
23404,5.837447444309997
23405,4.657282742150497
23406,9.051709759701595
23407,8.695506860651665
23408,4.925511537810857
23409,2.797050655186494
23410,8.824496854933024
23411,6.112263255923933
23412,4.828039063709121
23413,8.107679005678783
23414,1.9621321681005006
23415,7.442491160636238
23416,5.998883869595691
23417,6.053206888066339
23418,6.480765063532021
23419,3.9240728465239076
23420,6.76483703386525
23421,3.8330236722827244
23422,7.131566555665417
23423,7.466553265344544
23424,7.801226745077382
23425,6.654794869300834
23426,7.939315080409431
23427,9.248471600607042
23428,2.3053291605885473
23429,2.965286830723142
23430,7.419326874110643
23431,5.400143025326484
23432,7.675361231548104
23433,3.1940471202673697
23434,5.494116687247791
23435,6.195478228761062
23436,8.041294438189498
23437,8.502748667106179
23438,4.282282338524518
23439,2.596925846084196
23440,2.388385909899826
23441,4.4387059543828205
23442,3.9390861877970864
23443,5.587035893380541
23444,4.988224076503786
23445,7.883926720946972
23446,7.50412393018414
23447,6.7502612832564015
23448,3.6438981778399553
23449,6.299118845244795
23450,7.446560249037568
23451,3.968477878407264
23452,7.336682664883105
23453,4.364121388566372
23454,8.164717286852552
23455,3.6466095350973244
23456,6.4956396414756865
23457,6.655564659198178
23458,4.107141982189645
23459,2.297650390720101
23460,3.650057835715404
23461,8.93471616651216
23462,7.704573533180638
23463,6.550375743413463
23464,7.400277314274464
23465,5.924605039509192
23466,8.003656166276315
23467,9.23823776699854
23468,6.170693535791066
23469,4.741516102808698
23470,8.113505177177043
23471,5.226975583894779
23472,5.511481596840859
23473,8.087479080046768
23474,5.676412434691379
23475,4.307858432768741
23476,2.0176366657813767
23477,6.664843525721153
23478,6.568671030156268
23479,3.571028829132378
23480,6.356672538910069
23481,3.8756180276580596
23482,9.298513129707278
23483,5.709246182812165
23484,7.7421221886690095
23485,7.5217631640701175
23486,7.859887349277085
23487,6.776662297467314
23488,8.867761703085291
23489,4.709112554733387
23490,4.009656256415261
23491,4.027924139449513
23492,4.748695982501595
23493,8.30864343071855
23494,3.4830214843663323
23495,4.909525233920771
23496,6.980457884280921
23497,3.7434031145016093
23498,3.69098096587307
23499,5.707201830740676
23500,2.588533927333498
23501,7.265394790371572
23502,10.0359233091672
23503,7.149683745859512
23504,6.618359876205002
23505,8.157067136306717
23506,6.769722112885615
23507,6.10982410440762
23508,7.505142929499966
23509,10.021629871309212
23510,4.12873001101176
23511,6.741553160556237
23512,4.469841855695156
23513,4.589295958192086
23514,6.479642919895781
23515,2.7513947151320695
23516,8.482338853110392
23517,6.59554463678371
23518,5.053944192223472
23519,4.84999498487844
23520,6.46033403906131
23521,8.25910417257635
23522,7.120645685141645
23523,6.389646788750117
23524,5.8341638321706
23525,4.063931713317466
23526,8.111547206346593
23527,1.6030691268820987
23528,3.305150739018171
23529,8.260843631138508
23530,9.100216003059407
23531,3.784505190959767
23532,4.7901339238994485
23533,6.759773125345761
23534,6.355219203073779
23535,5.650778287191437
23536,6.615039673000931
23537,2.216161523835207
23538,7.341037276771525
23539,1.9988139560762512
23540,4.795971477378142
23541,4.195667066576135
23542,2.952715849396296
23543,4.986231796181441
23544,4.532414688168885
23545,6.160436287286033
23546,3.0569151957463805
23547,8.852494677786124
23548,6.424920685349393
23549,6.501253924186436
23550,6.4135444894614135
23551,5.409753044264044
23552,5.756338145783026
23553,5.978647382278327
23554,2.8271564863444354
23555,5.511927342794329
23556,7.052660334291344
23557,7.032657717099252
23558,4.069559174443297
23559,8.769489740634562
23560,6.904667222934509
23561,8.924032254883969
23562,5.619522444380553
23563,7.649957214832262
23564,4.665560180335733
23565,4.961328573910973
23566,5.8554788845775345
23567,4.7747361805368875
23568,5.47786141104747
23569,2.8117326970894476
23570,7.352666030762859
23571,5.665737664008167
23572,4.870589825989243
23573,3.9969583296575832
23574,4.7605515571566785
23575,4.8684779228129536
23576,6.581995507495572
23577,6.859434859165188
23578,2.7947939023707375
23579,7.2319021431597355
23580,4.536214898718408
23581,4.461999546884712
23582,6.145828679271167
23583,5.718402913629252
23584,6.463027696931253
23585,4.805225407700375
23586,3.0899892476434077
23587,5.487119225221772
23588,3.8946246662181077
23589,4.817421125718865
23590,9.321045746558813
23591,6.178057617095942
23592,4.3653482667231085
23593,4.953028790730274
23594,3.2996389775266053
23595,7.172144382789962
23596,3.1746575313787155
23597,2.4053416257708777
23598,7.768813866823392
23599,3.1148952391237774
23600,2.9773404680330504
23601,7.4911330731742245
23602,6.518701440814247
23603,5.693984392891015
23604,1.8557040931756725
23605,9.85805271290789
23606,4.11330750265812
23607,5.285429523057923
23608,7.274045373409125
23609,8.471334789060656
23610,1.8892476969134644
23611,2.5141424696609356
23612,3.65954293450351
23613,7.559827163802944
23614,6.419589779499754
23615,2.6292950672772575
23616,6.689189232474066
23617,6.821779720834024
23618,5.981609249687362
23619,2.793890542121902
23620,5.200300002692755
23621,5.286941185809383
23622,6.314209239168538
23623,7.052721994620655
23624,4.982380661484732
23625,9.13207434842105
23626,6.565607562554886
23627,7.161781366575314
23628,0.9371572024107429
23629,9.137600311270129
23630,5.927059346934545
23631,7.432177995343804
23632,4.502715962599725
23633,7.560609841701192
23634,6.3486990082561
23635,4.5105641629310185
23636,5.456721191263026
23637,5.562735758770361
23638,7.412780015329091
23639,9.377524716537371
23640,4.699560820033275
23641,8.525750632480808
23642,4.689529403218719
23643,4.693886659734201
23644,7.809223073223741
23645,7.303783301563907
23646,2.068118358270439
23647,5.924120372790152
23648,6.172683925212395
23649,5.276956576944841
23650,6.941018770218606
23651,7.3563850274050875
23652,7.079546570466284
23653,6.03094297246034
23654,4.759980106497034
23655,7.013509340452162
23656,6.850572746150913
23657,5.0713256746247835
23658,6.51986995731578
23659,6.001579327064776
23660,6.453154309303143
23661,6.713559858478739
23662,6.569408058541509
23663,5.388734900690868
23664,3.0181640486141568
23665,7.266752417256762
23666,6.518852587409098
23667,8.645823852810857
23668,7.186470536948755
23669,6.915909346934883
23670,4.7238510511530185
23671,6.048523715481336
23672,9.0657152103846
23673,6.997044872434608
23674,6.259231912323567
23675,4.646843568700325
23676,6.243559404177908
23677,7.916766081225646
23678,6.286232052298383
23679,10.38535485815535
23680,4.298853716759628
23681,6.000158351393061
23682,7.072766930528354
23683,5.856175765865853
23684,4.491849372346927
23685,5.152063558884581
23686,8.23708676297473
23687,4.341077762403209
23688,6.515359879239112
23689,7.078432532226939
23690,2.4440949836445696
23691,5.995607174374215
23692,4.050888530732576
23693,9.592290907061635
23694,6.077009248750082
23695,2.6182954082561705
23696,3.936329582131049
23697,8.381779303207695
23698,7.453534552131159
23699,3.526880830412861
23700,6.731213825296261
23701,4.818107858586649
23702,4.909859859228979
23703,7.981012093622077
23704,6.714453024466443
23705,7.217190075190659
23706,5.771373204073497
23707,7.182827511368841
23708,6.226429918850407
23709,7.005142527343943
23710,5.277046487786134
23711,1.4242594065468808
23712,6.771444670095312
23713,5.746226481560051
23714,8.083796263400924
23715,2.9223492963557804
23716,3.271321830144318
23717,8.58605040809086
23718,5.106346914899216
23719,7.649981665068593
23720,5.491145584858189
23721,3.076833277768036
23722,1.5273424729911471
23723,5.255566409840931
23724,4.625392199794514
23725,4.6607117045662125
23726,5.925697414868288
23727,5.6596126994480205
23728,7.115416515249224
23729,8.973350769246663
23730,1.4863531317975256
23731,3.858731461901939
23732,6.042829612673659
23733,6.4239157326490215
23734,8.752608468743775
23735,6.450980702758291
23736,3.2884813235410952
23737,7.606524944374029
23738,4.960371799549651
23739,9.0196702940847
23740,8.981581831915962
23741,2.2084481773264173
23742,4.166582869505126
23743,4.899836522426441
23744,7.500570129200635
23745,7.751302568569521
23746,2.1527723989249576
23747,8.206007356929229
23748,7.769810971834298
23749,7.827178260110857
23750,5.54783996611368
23751,4.46413666622415
23752,6.0279983948985185
23753,8.078898765159039
23754,6.491443349785414
23755,7.249166400138301
23756,3.7679517195468173
23757,4.0066813627015385
23758,4.6077997546955265
23759,5.45418460929742
23760,7.734528926298612
23761,3.2338145559641958
23762,5.245021077952286
23763,4.758817524415677
23764,7.8964896382437555
23765,4.96235558804338
23766,2.080792868034341
23767,6.339837021194553
23768,4.341714513640747
23769,4.877407689858924
23770,2.8559635470049365
23771,6.547564775044649
23772,3.9876249263285946
23773,9.704768650116552
23774,7.750451624179972
23775,7.879351887878685
23776,5.640496005548428
23777,8.227430179610604
23778,5.7739812602612535
23779,3.432528388468447
23780,2.9993474996204434
23781,2.8987699176155823
23782,3.0085466605089484
23783,6.835542933599212
23784,5.219793834302271
23785,6.907564648405881
23786,7.406503272046901
23787,7.814590816412117
23788,6.858936317043179
23789,6.675373318816402
23790,3.473955076673594
23791,3.1800676105242762
23792,7.121336887261936
23793,6.356908431301077
23794,7.007942786777633
23795,3.4774726224307106
23796,5.567747153735005
23797,7.078868722136796
23798,5.96431592835775
23799,7.584397240692129
23800,2.6817193615198605
23801,6.883856707068586
23802,6.68370687910911
23803,4.831354033213567
23804,4.971591432475403
23805,6.260476775479276
23806,5.997090558845786
23807,7.393485966850149
23808,3.045454262321404
23809,1.2611394117170778
23810,3.72505542408548
23811,4.893264573799862
23812,2.7602973168273977
23813,2.0677398761572663
23814,6.760828295909859
23815,5.978866954779295
23816,3.6433497441328315
23817,4.082149709074934
23818,5.838941995445334
23819,8.692855480735577
23820,8.951867082861057
23821,8.065900048147013
23822,5.8666589235192514
23823,6.913077867705492
23824,7.949306256478376
23825,6.464215841004363
23826,6.07539231628957
23827,4.117856901354701
23828,7.578460577381586
23829,4.3706946831045315
23830,6.601056223495565
23831,0.30209430248358743
23832,3.449693419463244
23833,1.7387344651634153
23834,8.18134616778008
23835,2.3023369290142695
23836,5.938751689475907
23837,5.584473790035849
23838,3.370174365729364
23839,5.203824882347099
23840,2.6012311376526984
23841,5.131131410882415
23842,6.256718983812604
23843,7.443411570659044
23844,2.331754731525389
23845,4.162337626548773
23846,4.000760817182547
23847,8.858192619528092
23848,3.747639540566893
23849,7.682996601140763
23850,7.596707364074597
23851,5.040676268684613
23852,7.359670286267832
23853,8.781508168264356
23854,3.8547214931280807
23855,6.899210575519699
23856,7.349566406957717
23857,6.0810275517562875
23858,3.207939545111671
23859,9.21287413692295
23860,4.902307391001492
23861,8.346596340958094
23862,7.754251387780844
23863,8.176985917473564
23864,2.2752488428337383
23865,7.908134566576875
23866,4.11478328890865
23867,4.114994784910902
23868,3.7727638819269207
23869,5.657531247651738
23870,4.4650714501342
23871,10.469989008795643
23872,6.158151756858227
23873,4.380595835934885
23874,4.116466985819879
23875,6.5179953700457975
23876,9.341316511864536
23877,6.857606570533848
23878,7.434006364110413
23879,5.140931781354774
23880,6.458851272997517
23881,1.191199630567064
23882,7.7712882481750265
23883,2.371758443646352
23884,5.260858995651942
23885,4.006049639542708
23886,7.293375734044163
23887,6.2043445882344574
23888,5.84881560580866
23889,4.920430045022705
23890,8.48920660160024
23891,6.898475586166324
23892,5.879560386602425
23893,6.068897118501052
23894,3.6210958491304335
23895,4.176436163165339
23896,3.6803636305047203
23897,6.78591284614519
23898,7.42376944534358
23899,2.656048803518041
23900,2.958656545006006
23901,6.78162262556831
23902,5.1002473541221285
23903,6.691353084649835
23904,6.476358048162899
23905,8.236251283779207
23906,7.365377448916295
23907,7.047106415865457
23908,3.6103281237290075
23909,7.193085229395784
23910,7.326170130720959
23911,6.307077587339651
23912,7.193759733752577
23913,5.988508695180944
23914,5.783187378570662
23915,8.4064155221742
23916,5.360538409513929
23917,2.7903077804791683
23918,4.974766340247836
23919,3.978907856643409
23920,8.7332383068739
23921,7.425974948095467
23922,1.2752209780137609
23923,5.178667508095143
23924,6.557472413384598
23925,3.7981854366522443
23926,7.444296915487834
23927,8.200684798981822
23928,1.1616634928687661
23929,5.0210378575312555
23930,3.9890808177514754
23931,3.3804476207300844
23932,5.009722411932522
23933,6.1206580752111055
23934,5.99236017488766
23935,5.791754057519443
23936,3.6321987762562618
23937,5.46422847234793
23938,4.731605480234279
23939,2.628586031238944
23940,5.9778311887945605
23941,5.410155662483261
23942,3.8205006535127084
23943,8.41954458593273
23944,7.712594095520031
23945,5.658125996984593
23946,8.622543410421786
23947,4.78414477108816
23948,4.142020023090436
23949,4.809436955577018
23950,6.7462721185265515
23951,5.360698426524268
23952,6.888765395837442
23953,5.491099869797871
23954,8.167646133293982
23955,2.0450836672564665
23956,2.732159698782044
23957,3.9903621075192213
23958,8.029506448944414
23959,10.058146031551246
23960,5.007627337713229
23961,6.163409015898944
23962,4.9865589385334115
23963,4.106940179589474
23964,5.82817789841121
23965,4.45904560515688
23966,1.750464830247127
23967,6.408809427253382
23968,6.6739668294917225
23969,5.659423751956577
23970,4.894484994973936
23971,6.880620779604341
23972,2.9691653775327245
23973,7.490911656333268
23974,7.869737971791738
23975,8.622139636711792
23976,5.385600959760657
23977,8.361467298063483
23978,7.38987616265059
23979,8.315951677440891
23980,3.711791160552788
23981,8.662013812420042
23982,6.908517670519186
23983,5.284655583854356
23984,4.9541672888001855
23985,7.990628743130712
23986,6.311271184267218
23987,7.046250475223371
23988,6.136478463419451
23989,4.904919680185503
23990,3.867193249816164
23991,6.337291651425794
23992,4.121471630010791
23993,8.831515357394014
23994,5.232031316312473
23995,6.287475612104127
23996,3.4115814546272203
23997,3.6561889639395426
23998,5.310026522602787
23999,5.155719321610177
24000,3.263832466561709
